-- phpMyAdmin SQL Dump
-- version 4.2.11
-- http://www.phpmyadmin.net
--
-- Host: 127.0.0.1
-- Generation Time: Aug 12, 2020 at 09:20 AM
-- Server version: 5.6.21
-- PHP Version: 5.6.3

SET SQL_MODE = "NO_AUTO_VALUE_ON_ZERO";
SET time_zone = "+00:00";


/*!40101 SET @OLD_CHARACTER_SET_CLIENT=@@CHARACTER_SET_CLIENT */;
/*!40101 SET @OLD_CHARACTER_SET_RESULTS=@@CHARACTER_SET_RESULTS */;
/*!40101 SET @OLD_COLLATION_CONNECTION=@@COLLATION_CONNECTION */;
/*!40101 SET NAMES utf8 */;

--
-- Database: `db_hris`
--

-- --------------------------------------------------------

--
-- Table structure for table `additional_info`
--

CREATE TABLE IF NOT EXISTS `additional_info` (
`additonal_id` int(11) NOT NULL,
  `personal_id` int(11) NOT NULL,
  `tin` varchar(30) DEFAULT NULL,
  `sss` varchar(30) DEFAULT NULL,
  `philhealth` varchar(30) DEFAULT NULL,
  `pagibig` varchar(30) DEFAULT NULL,
  `height` varchar(30) DEFAULT NULL,
  `weight` varchar(30) DEFAULT NULL,
  `dialect` varchar(255) DEFAULT NULL,
  `drivers_license` varchar(50) DEFAULT NULL,
  `date_issued_licensed_number` varchar(50) DEFAULT NULL,
  `special_skills` varchar(255) DEFAULT NULL,
  `illness` varchar(255) DEFAULT NULL,
  `own_bus` varchar(255) DEFAULT NULL,
  `nature_bus` varchar(255) DEFAULT NULL,
  `profession` varchar(255) DEFAULT NULL,
  `license_no` varchar(100) DEFAULT NULL
) ENGINE=InnoDB AUTO_INCREMENT=210 DEFAULT CHARSET=latin1;

--
-- Dumping data for table `additional_info`
--

INSERT INTO `additional_info` (`additonal_id`, `personal_id`, `tin`, `sss`, `philhealth`, `pagibig`, `height`, `weight`, `dialect`, `drivers_license`, `date_issued_licensed_number`, `special_skills`, `illness`, `own_bus`, `nature_bus`, `profession`, `license_no`) VALUES
(1, 1, '111-222-333', '1-256789329-11', '82-231231231231-2', '223 227 343', ' 5''2', '43 kg', 'Ilonggo, English, Tagalog', 'No', 'NA', '', 'No', 'No', 'NA', '', ''),
(14, 5, 'none', 'noneo', 'none', 'onone', 'noneo', 'ononeo', 'noneo', 'noenoe', 'noneo', 'oneo', 'noen', 'oneon', 'none', '', ''),
(17, 2, '262-011-432', '02-1611228-7', '11-050447414-3', '1210-7824-6950', '5''2', '55 kgs.', 'English, Tagalog, Ilonggo', 'Yes', 'January 5, 2015', 'Sketch-up 3D, Photoshop', 'No', '', '', '', ''),
(18, 3, '153-666-038', '08-0862542-5', '19-089721857-0', '1010-0043-0304', '5''4', '76', 'English, Tagalog', '', '', '', '', '', '', '', ''),
(19, 4, '305-216-569', '33-7013681-8', '08-050613007-0', '1210-7393-0896', '5''4', '77kgs', 'Bisaya, Tagalog', 'None', 'None', 'Welder Fabricator', 'None', 'None', 'None', '', ''),
(21, 6, '495-744-124', '34-4400252-2', '08-051386514-0', '1211-9368-2726', '4''11', '46', 'English, Hiligaynon, Tagalog', 'None', 'None', 'Basic Auto Cad', 'None', 'None', 'None', '', ''),
(22, 7, '', '07-3611264-4', '11-050765506-8', '1211-9040-4899', '5''5', '49', 'Tagalog, English, ilonggo', '', '', '', '', '', '', '', ''),
(23, 8, '272-851-109', '07-2388728-3', '08-050903990-2', '1210-3118-5776', '5''3', '59', '', 'None', 'None', '', 'None', 'None', 'None', '', ''),
(24, 9, '936-991-659', '07-2205703-0', '11-050273389-3', '1640-0120-6427', '5''5', '140 lbs', ' Tagalog, English, Hiligaynon', 'Yes', '09-17  FOI 08-005630', '', '', '', '', '', ''),
(25, 10, '411-143-146', '07-2643602-6', '11-050501794-3', '1210-4074-5437', '4''9', '48kgs', 'Tagalog, English, Hiligaynon', 'None', '', 'Playing Darts & Chess', 'None', '', '', '', ''),
(26, 11, '316-200-566', '07-2780135-9', '11-251799119-0', '1211-0702-7185', '5''6', '60kgs', 'English, Tagalog, Hiligaynon, Bisaya', '', '', '', '', '', '', '', ''),
(52, 37, '262-718-765', '06-2598056-3', '12-050789248-0', '1020-0410-4360', '5''4', '52kgs', 'English, Tagalog, Cebuano', 'none', '', 'CNC Operator & Autocad 2D & 3D', '', '', '', '', ''),
(53, 38, '320-729-694', '03-8533464-0', '07-051212431-9', '1211-9043-1132', '5''5', '135lbs', 'English, Tagalog, Hiligaynon', 'YES', '', 'Electrician Installation', '', '', '', '', ''),
(55, 40, '182-490-383', '07-1633443-9', '12-050021130-5', '1210-6014-4639', '5''3', '70kgs', '', '', '', '', '', '', '', '', ''),
(56, 41, '', '09-1400575-1', '14-050103753-9', '1760-0076-6997', '5''5', '91kgs', 'Tagalog, English, Bisaya', 'None', '', '', '', '', '', '', ''),
(57, 42, '181-394-045', '07-1629291-1', '19-089998720-2', '1640-0120-6450', '5''7', '140 lbs', 'Tagalog, English, Hiligaynon', '', '', '', '', '', '', '', ''),
(58, 43, '', '', '', '', '', '', '', '', '', '', '', '', '', '', ''),
(59, 44, '943-192-772', '07-1766527-5', '11-050171279-5', '1640-0149-1614', '5''3', '70kgs', '', 'None', 'None', '', 'None', 'None', 'None', '', ''),
(60, 45, '938-913-566', '33-8107437-0', '11-050427217-6', '1210-0733-7454', '5''6', '130 lbs', 'Tagalog, English, Hiligaynon', 'None', '', '', 'Yes- Giving Birth', '', '', '', ''),
(61, 46, '152-678-427', '03-5383908-3', '08-050005937-4', '1210-7892-5254', '', '', '', 'None', 'None', '', 'None', 'None', 'None', '', ''),
(62, 47, '198-597-809', '33-4473269-1', '01-050394215-7', '1020-0407-4298', '5''4', '58 kg', 'Bicolano, Bisaya, Tagalog', '', '', 'Welder, Fabricator', '', '', '', '', ''),
(63, 48, '419-262-144', '07-2665252-5', '01-051273516-4', '1210-1283-7082', '5''2', '63kg', 'English, Tagalog, Hiligaynon', 'None', 'None', 'None', 'None', 'None', 'None', '', ''),
(64, 49, '218-942-171', '07-1682258-5', '12-050486969-0', '1210-5038-2389', '5''4', '63kg', '', 'None', 'None', 'None', 'None', 'None', 'None', '', ''),
(65, 50, '119-811-451', '07-0661141-8', '12-050021146-1', '1640-0126-4078', '5''7"', '170 lbs', 'English, Tagalog, Cebuano, Ilonngo ', '', '', 'Electrical Engineer', '', '', '', '', ''),
(66, 51, '160-737-045', '07-1372630-9', '19-051383201-3', '1020-0280-8618', '5''1', '', 'English, Tagalog, Ilonggo, Cebuano', '', '', '', '', '', '', '', ''),
(67, 52, '', '', '', '', '', '', '', '', '', '', '', '', '', '', ''),
(68, 53, '948-285-724', '07-1281586-8', '11-050258403-0', '1080-0180-4698', '5''8', '169lbs', 'Tagalog, English, Cebuano, hiligaynon', 'None', 'None', 'Basketball & Gardening', 'None', 'None', 'None', '', ''),
(69, 54, '285-148-933-0000', '07-2454925-8', '08-050869648-9', '1211-8715-9516', '5''2', '44kgs', 'Hiligaynon, Tagalog', 'None', 'None', '', 'None', 'None', 'None', '', ''),
(70, 55, '442-563-848', '08-1374992-7', '19-026431878-9', '1210-0159-0881', '5''6"', '76kgs', '', '', '', '', '', '', '', '', ''),
(71, 56, '260-201-297', '07-2401348-3', '11-025076422-7', '1210-2945-8335', '5''4', '60kgs', 'Tagalog, Hiligaynon, English', 'Yes', '06/06/2015 FOI-10-003725', 'Driving, Watching Movies, Travelling', 'Yes-  due to childbirth', 'None', 'None', '', ''),
(72, 57, '329-005-575', '07-2804415-7', '11-050745842-4', '1211-7366-21915''2', '5''2"', '52kgs', 'Hiligaynon, Tagalog, English', 'None', 'None', 'Can perform basic autocad', 'None', 'None', 'None', '', ''),
(73, 58, '172-208-597', '06-1265259-0', '07-050247360-1', '1210-2599-5978', '5''4', '72', '', '', '', '', '', '', '', '', ''),
(74, 59, '162-002-940', '33-3198746-2', '19-089721865-1', '1070-0259-2239', '5''7''''', '53kgs', '', '', '', '', '', '', '', '', ''),
(75, 60, '431-641-279', '06-3584314-0', '12-025401048-6', '1211-3081-4136', '5''4', '75 kg', 'Tagalog, English', 'None', 'None', 'None', 'None', 'None', 'None', '', ''),
(76, 61, '246-965-029', '06-1934585-5', '12-050596225-2', '1210-2420-2972', '5''4', '60kg', 'Cebuano, English, Tagalog', 'Yes', 'FOI 607-05-103029/  06-26-2016', 'Mechanic', 'None', 'None', 'None', '', ''),
(77, 62, '306-445-102', '33-9235603-2', '02-050301102-7', '1210-9007-2333', '5''6''''', '78KG', 'WARAY/ BISAYA/ BICOLANO/ ENGLISH', 'YES', '018-12-007751', 'HYDRAULIC, MECHANIC, WELDER', 'None', 'None', '', '', ''),
(78, 63, '453-114-248', '08-2460058-9', '15-025399287-7', '1211-1571-7034', '5''6', '73kg', 'English, Tagalog, Cebuano', 'None', 'None', 'None', 'None', 'None', 'NOne', '', ''),
(79, 64, '198-071-837', '08-1113743-4', '15-20353368-1', '1210-1502-9255', '5''7"', '79kgs', '', '', '', '', '', '', '', '', ''),
(80, 65, '004-846-052', '06-3071066-3', '19-090568699-6', '1210-7393-5212', '5''7', '72kgs', 'English, Bisaya, Tagalog', 'None', 'None', 'Welder Mechanic Fabricator', 'None', 'None', '', '', ''),
(81, 66, '326-958-537', '02-1733198-6', '07-200931269-3', '1211-2196-9181', '5''6''''', '66kgs', '', 'None', 'None', '', 'None', 'NOne', '', '', ''),
(82, 67, '121-769-813', '06-0687378-3', '08-050005969-2', '1210-8236-7220', '5''2', '66kgs', 'English, Tagalog, Bisaya', 'None', 'None', 'Mechanic/Welder', 'None', 'None', 'None', '', ''),
(83, 68, '469-537-626', '07-2692928-7', '11-05071359-7', '1211-4347-6144', '5''4', '96kgs', 'Hiligaynon, Filipino, Tagalog', 'Yes', 'FOI-13-003073', 'Driving', 'None', 'None', 'None', '', ''),
(84, 69, '293-799-080', '07-2480265-2', '12-050892105-0', '1210-5965-4084', '5''0', '44kgs', 'Ilonngo, English, Bisaya, Karay-a', 'None', 'None', '', 'Yes, my bile was being removed last january 24, 2016 due to galstones but I am fit to work.', 'None', 'None', '', ''),
(85, 70, '203-140-594', '33-5281645-7', '08-050006037-2', '1210-3546-1309', '6''0', '93', 'Hiligaynon, Tagalog, English', 'None', 'Nine', 'None', 'None', 'None', 'None', '', ''),
(86, 71, '008-691-287', '34-2421458-9', '11-025543896-4', '1211-7707-4315', '5''7"', '55kgs', 'Hiligaynon, Tagalog, Englisjh', 'Yes, Student License', 'January 6, 2016', 'Driving', 'None', 'None', 'None', '', ''),
(87, 72, '457-493-758', '04-2856360-8', '01-025670209-1', '1211-2479-0049', '4''10"', '46kgs', '', 'None', 'None', 'None', 'None', 'None', 'None', '', ''),
(88, 73, '443-598-890', '08-1303775-2', '19-026612567-8', '1211-1331-0661', '5''5', '62kg', 'Hiligaynon, Cebuano, Tagalog', 'None', 'None', 'None', 'None', 'None', 'None', '', ''),
(89, 74, '947-342-270', '07-2421742-5', '11-050522957-6', '1211-3189-2972', '5''8', '68kg', 'English, Tagalog, Hiligaynon', 'Yes', '', 'Basketball', '', 'None', 'None', '', ''),
(90, 75, '249-205-382', '07-3179275-5', '08-050667155-1', '1211-8713-0821', '6''0', '74', 'Tagalog, Hiligaynon, Bisaya', 'None', 'None', 'Forklift Operator', 'None', 'None', 'None', '', ''),
(91, 76, '933-823-464', '07-1701015-0', '11-200846904-3', '1212-0931-2949', '5''9', '66kgs', 'Hiligaynon, Tagalog, English', 'Yes', '6/29/17 FOI  0105002431', 'Carpenter,Mason,Welder,Plumber', 'Yes- Car Accident', 'None', 'None', '', ''),
(92, 77, '935-615-254', '08-1354248-3', '15-050101043-1', '1820-0075-1762', '5''5', '69kgs', 'Tagalog, English', 'Yes', '10/15/2012', 'Driving', 'None', 'None', 'None', '', ''),
(93, 78, '327-495-437', '06-3526411-4', '11-050703346-6', '1211-1662-7558', '5''4', '71kgs', '', 'Yes', '08/31/212', 'Automotive', 'None', 'None', 'None', '', ''),
(94, 79, '184-672-737', '07-1689457-1', '11-050139137-9', '1210-2578-9079', '5''2', '61kg', 'Hiligaynon, tagalog, English', 'Yes', '2013-FO113002576', '', 'CS- Giving Birth', 'None', 'None', '', ''),
(95, 80, '918-428-464', '33-0339333-0', '11-025186556-6', '1210-4345-9677', '5''5', '82kgs', 'Tagalog Bisaya', 'Yes', 'F01-09-001683', '', 'None', 'None', 'None', '', ''),
(96, 81, '122-150-967', '03-9316697-8', '08-050372228-7', '1210-1726-9670', '5''2', '69kgs', 'Tagalog , English', 'None', 'None', '', 'None', 'None', 'None', '', ''),
(97, 82, '941-347-737', '07-3244466-2', '08-050580680-1', '1010-0351-8284', '5''6', '71', 'Hiligaynon, Cebuano, Tagalog', 'None', 'None', 'Computer Appliaction & Software', 'None', 'None', 'None', '', ''),
(98, 83, '148-641-035', '08-0206761-0', '', '', '5''6', '66kg', 'English, Tagalog, Cebuano', '', '', '', '', '', '', '', ''),
(99, 84, '160-737-045', '07-1372630-9', '19-0513832013', '1020-02808618', '5''1"', '65 kgs', '', '', '', '', '', '', '', '', ''),
(100, 85, '406-413-837', '', '11050489789-3', '', '5''2', '90 lbs', 'Ilonggo, Filipino and Englsih', 'No', '', '', '', '', '', '', ''),
(101, 86, '310-148-733', '07-24940213', '11-050519184-6', '', '5''3', '55 kgs', 'Hiligaynon, Tagalog and English', 'Yes,student as of today October 29, 2014', 'October 29, 2014', 'Badmintion', 'Yes - Giving Birth to my son', '', '', '', ''),
(102, 87, '', '07-1658687-6', '11-050062315-2', '1590-0080-9937', '5''6''''', '79 kgs', '', 'Yes', '', 'Can Drive and Operate Forklift', '', '', '', '', ''),
(103, 88, '', '07-2324036', '11-200750965-3', '', '5''5''''', '65 kgs', 'Tagalog, Cebuano', 'Yes', 'May 2011 F06-99-013717', 'Driving', '', '', '', '', ''),
(104, 89, '479-806-518', '', '', '', '5''3''''', '49 kgs', 'English, Tagalog, Chinese (not fluent)', 'None', 'None', 'Football, Reading, Music', 'No', '', '', '', ''),
(105, 90, '946-175-786', '07-2313054-5', '11-050323204-9', '1211-5175-5577', '', '', 'English, Tagalog, Hiligaynon', 'None', '8/25/11 - 139109', 'Bookkeeping, Auditing, Planting, Cooking', '', '', '', '', ''),
(106, 91, '934-671-094', '07-1753-452-6', '11-025057517-3', '1210-5568-2250?', '5''2''''', '145 lbs', 'Hiligaynon, Tagalog, English', 'None', 'None', 'Computer Skills, Event Coordinator', 'Last year due to fever and flu with severe headache', '', '', '', ''),
(107, 92, '943-174-934', '07-1821209-6', '11-050229338-9', '1590-0001-0305', '5''4''''', '60 kgs', 'Hiligaynon, Tagalog, English', 'n/a', 'n/a', 'General Accounting', 'n/a', '', '', '', ''),
(108, 93, '295-194-379', '', '11-025191042-1', '', '5''9', '90 kgs', 'Hiligaynon, Cebuano, Tagalog, English', 'Yes', 'February 28, 2015', 'Driving, Web Search, MS Application, Problem Solving', 'Yes - Gastroenteritis', '', '', '', ''),
(109, 94, '326-704-988', '07-1279080-2', '11-050053292-0', '1590-0034-7790', '5''2', '95 lbs', 'Ilonggo, Tagalog, English', '', '', '', 'No', '', '', '', ''),
(110, 95, '412-344-765', '07-2550907-7', '11-050424255-2', '1211-4582-3474', '4''11', '56 kgs', 'Hiligaynon, Tagalog, English', 'Yes', '', '', '', '', '', '', ''),
(111, 96, '944-059-576', '33-6101443-1', '11-050274705-3', '1211-5912-8034', '5''2"', '140 kgs', 'Hiligaynon, Tagalog, English', '', '', '', '', '', '', '', ''),
(112, 97, '420-208-979', '07-2653339-8', '11-050502118-5', '1210-3967-2527', '5''1', '45 kgs', 'Hiligaynon, Tagalog, English', '', '', 'Singing, Reading', '', '', '', '', ''),
(113, 98, '935-903-131', '07-1812996-9', '11-050462372-6', '1211-4184-7005', '5''3', '65 kgs', 'Hiligaynon, Tagalog, English', 'Yes', 'September 21, 2016', 'Web Design, Running, Photo Editing', 'Yes - Dengue', '', '', '', ''),
(114, 99, '935-902-866', '07-1824749-8', '11-200779757-8', '1020-0361-4881', '5''2''''', '105 lbs', 'Hiligaynon, Cebuano, Tagalog, English', 'Yes', 'September 06, 2016 / F 01-11-003825', 'Driving and MS Office', 'No', 'No', '', '', ''),
(115, 100, '308-238-942', '07-3142438-2', '12-050908324-5', '1210-0847-7790', '5''10''''', '90 kgs', 'Ilonggo, Bisaya, Tagalog, English', 'No', '', 'Computer Hardware Servicing', '', '', '', '', ''),
(116, 101, '947-510-389', '07-1805619-7', '11-050285953-6', '1590-0055-7572', '5''4', '120 lbs', 'Hiligaynon, Tagalog, English', '', '', '', 'Yes - Typhoid Fever', '', '', '', ''),
(117, 102, '', '', '', '', '', '', '', '', '', '', '', '', '', '', ''),
(118, 103, '447-656-038', '07-2850218-1', '11-050635029-8', '1211-2848-4517', '5''3"', '159 lbs', 'Hiligaynon, Tagalog, English', 'Yes', '', 'Can Drive', '', '', '', '', ''),
(119, 104, '923-208-851', '', '11-050162272-9', '1210-3231-2186', '5''', '65 kgs', 'Tagalog, English, Cebuano, Ilonggo', '', '', '', '', '', '', '', ''),
(120, 105, '', '', '', '', '', '', 'Hiligaynon, English, Filipino', '', '', 'Photography, Filming, Graphic Design', '', '', '', '', ''),
(121, 106, '348-294-968-0000', '07-3732654-9', '11-252200666-4', '1212-2359-4011', '5''', '52 kgs', 'English, Filipino, French', '', '', '', '', '', '', '', ''),
(122, 107, '425-477-713', '07-2556679-3', '11-050423353-7', '1210-7091-3242', '5''3''''', '120 lbs', 'English, Tagalog, Hiligaynon', 'No', '', '', '', '', '', '', ''),
(123, 108, '325-319-927', '07-3454629-6', '01-052132305-7', '1211-8724-9215', '5''4''''', '45 kgs', 'Hiligaynon, Tagalog, English', '', '', '', '', '', '', '', ''),
(124, 109, '', '', '', '', '5''8''''', '110 kgs', 'English, Tagalog, Hiligaynon', '', '', '', '', '', '', '', ''),
(125, 110, '316-095-640', '07-2913167-4', '01-051809657-0', '0105-1809-6570', '4''11''''', '67 kgs', 'English, Filipino, Hiligaynon', '', '', '', '', '', '', '', ''),
(126, 111, '', '', '', '', '', '', 'Tagalog, English, Hiligaynon', '', '', '', '', '', '', '', ''),
(127, 112, '417-692-953', '07-2701086-5', '11-050532944-9', '1210-3229-4581', '5''1''''', '45 kgs', 'Hiligaynon, Tagalog, English', '', '', '', '', '', '', '', ''),
(128, 113, '330-725-010', '07-2618532-2', '11-050740660-2', '1211-6740-2962', '', '', 'Hiligaynon, Tagalog, English', '', '', 'Can Deal with Various Kinds of people especially irate people', '', '', '', '', ''),
(129, 114, '233-761-192', '06-2373932-1', '11-025353380-3', '1210-5881-9972', '5''3''''', '70 kgs', 'Tagalog, Cebuano, Hiligaynon', 'Yes', 'April 14, 2014', '', '', '', '', '', ''),
(130, 115, '483-163-424', '07-3517950-6', '11-252462374-1', '1211-9350-1183', '5''2''''', '50 kgs', 'Hiligaynon, Tagalog, English', 'Yes', '', 'Communication Status Computer', '', '', '', '', ''),
(131, 116, '', '', '', '', '5''3''''', '58 kgs', 'Tagalog, English, Hiligaynon, Basic French', '', '', '', '', '', '', '', ''),
(132, 117, '276-944-205', '07-2235474-6', '12-050538107-1', '1640-0039-8272', '5''2''''', '56 kgs', 'English, Tagalog, Cebuano (Bisaya), Ilonggo', '', '', 'MS Office, Applications and Organization', '', '', '', '', ''),
(133, 118, '268-064-661', '07-2402735-6', '02-050461939-8', '1210-1160-5641', '5''2''''', '65 kgs', '', '', '', 'Computer Literate / Quick books Systems', '', '', '', '', ''),
(134, 119, '448-881-904', '07-2837621-0', '11-025371114-0', '1210-8795-0489', '5''1''''', '62 kgs', 'Hiligaynon, Tagalog, English', '', '', '', '', '', '', '', ''),
(135, 120, '445-369-780', '07-2918835-5', '11-050656365-8', '1211-0745-3045', '160 cm', '70 kgs', 'English, Filipino, Hiligaynon', '', '', 'Wesm Trader', '', '', '', '', ''),
(136, 121, '938-671-129', '07-1411362-3', '11-050194782-2', '1210-1235-0567', '', '', 'English, Tagalog, Hiligaynon', '', '', '', '', '', '', '', ''),
(137, 122, '437-874-802', '07-2851639-7', '11-050622018-1', '1210-9852-9052', '5''1''''', '48 kgs', 'English, Tagalog, Hiligaynon', '', '', 'Playing Badminton, Decorating', 'Yes', '', '', '', ''),
(138, 123, '286-806-997', '34-0228435-3', '11-025339677-6', '1210-7820-1755', '4''11''''', '40 kgs', 'English, Tagalog, Cebuano', '', '', 'Cooking', '', '', '', '', ''),
(139, 124, '214-545-953', '07-1742143-5', '08-050443751-9', '1030-0011-2676', '4''9''''', '56 kgs', 'Ilonggo, Filipino, English', 'Yes', 'July 14, 2016', 'Computer Literate and Can Drive', '', '', '', '', ''),
(140, 125, '325-321-210', '07-2826938-5', '01-052054433-5', '1211-4942-3479', '5''2''''', '52 kgs', 'Hiligaynon, Tagalog, English', 'None', '', '', '', '', '', '', ''),
(141, 126, '181-020-375', '33-2843132-9', '01-050423365-6', '1090-0161-4809', '5''1''''', '120 lbs', 'Tagalog & English', 'None', '', '', 'Yes - Gall Blader Stone Removal', '', '', '', ''),
(142, 127, '', '', '', '', '5''3''''', '48 kgs', 'Tagalog, English, Hiligaynon', '', '', '', '', '', '', '', ''),
(143, 128, '', '', '', '', '5''3''''', '58 kgs', 'Tagalog, English, Basic French', '', '', '', '', '', '', '', ''),
(144, 129, '400-316-599', '07-2602897-1', '11-050474601-1', '', '4''11''''', '40 kgs', 'Tagalog, Hiligaynon, English', '', '', '', '', '', '', '', ''),
(145, 130, '463-947-317', '04-2905694-9', '09-025422579-6', '1211-2482-4952', '', '', '', '', '', '', '', '', '', '', ''),
(146, 131, '214-768-326', '33-7845895-4', '19-089571379-5', '1010-0439-6182', '5''3''''', '110 lbs', '', 'Yes', 'December 12, 2012 / N26-99-024732', '', 'Yes, Hypothyroidism', '', '', '', ''),
(147, 132, '181-020-375', '33-2843132-9', '01-050423365-6', '1090-0161-4809', '', '', '', '', '', '', '', '', '', '', ''),
(148, 133, '944-815-989', '07-2297518-3', '11-050318829-5', '1590-0016-4995', '5''1''''', '53 kgs', 'Hiligaynon, Ilonggo', 'None', '', 'Cross Stitch', 'No', '', '', '', ''),
(149, 134, '', '', '', '', '5''5''''', '71 kgs', 'Tagalog, Hiligaynon, English', '', '', '', '', '', '', '', ''),
(151, 136, '324-156-465', '07-2895247-2', '11-252543037-8', '1211-6222-5404', 'N/A', 'N/A', 'English, Hiligaynon and a little bit of Bisaya', 'No', 'N/A', 'N/A', 'No', 'N/A', 'N/A', '', ''),
(154, 139, '219-089-200', '07-1730296-5', '19-090299216-6', '1210-3092-8899', '5''3', '120 lbs', 'Hiligaynon, Tagalog, English', 'None', 'N/A', 'Can Operate Lathe Machines, Knowledge in Farm Tractor Parts, Knowledge in Microsoft, Knowledge in Masage', 'Yes - Operation (Appendectomy)', 'No', 'N/A', '', ''),
(155, 140, '', '', '', '', '', '', '', '', '', '', '', '', '', '', ''),
(156, 141, '124-720-563', '07-1463614-2', '11-025257148-5', '1210-5179-2798', '5''4  1/2', '172 lbs', 'English, Tagalog, Hiligaynon', 'Yes', 'F01-94-091451/1994', 'Forklift Driver and Truck Driver', 'No', 'N/A', 'N/A', '', ''),
(157, 142, '318-250-566', '07-2603207-7', '11-025436769-9', '1211-2188-2436', '5''5"', '65kg', 'Tagalog, Hiligaynon, English', 'None', 'N/A', '', 'Not Yet', 'N/A', 'N/A', '', ''),
(158, 143, '261-069-340', '33-3797071-6', '21-050118207-3', '1211-0188-7667', '5''4"', '112 lbs', 'Tagalog, Ilonggo', 'Yes', '', 'Driving 1-3 years', 'No', 'Yes', 'Sari-sari Store', '', ''),
(159, 144, '327-494-235', '34-5199278-0', '11-050703349-0', '1211-8872-4389', '', '', '', '', '', '', '', '', '', '', ''),
(160, 145, '149-755-630', '08-1244767-3', '15-025142808-7', '1010-0043-0316', '', 'N/A', 'N/A', '', 'N/A', '', '', '', '', '', ''),
(161, 146, '306-445-102', '33-9235603-2', '02-050301102-7', '1210-9007-2333', '5''6"', '132 lbs', '', 'N/A', 'N/A', 'English and Tagalog', 'N/A', 'N/A', 'N/A', '', ''),
(162, 147, '441-153-622', '34-2789631-5', '02-050813147-0', '1210-2781-4781', '4''8"', '90 lbs', '', 'None', '', '', 'Yes, low blood pressure', '', '', '', ''),
(163, 148, '', '07-3779250-0', '11-251890589-1', '1212-2264-9652', '5''2"', '50kgs', '', '', '', 'Photoshop', '', 'NO', '', '', ''),
(164, 149, '102-461-288', '07-0353273-6', '11-050155200-3', '', '5''10"', '165 lbs', '', 'Yes', 'November 19,2011 / F01-67-038639', '', '', '', '', '', ''),
(165, 150, '329255367', '07-3541985-6', '110507461050', '121172207852', '149 cm', '70kgs', 'Hiligaynon, Tagalog', 'No', 'n/a', 'Painting', 'No', 'No', 'n/a', '', ''),
(166, 151, '', '07-2826938-5', '', '', '5''2', '52kgs', 'Hiligaynon, Tagalog, English', 'No', 'n/a', 'n/a', 'No', 'No', 'n/a', '', ''),
(167, 152, '439-314-296', '34-6158335-4', '', '', '161 cm', '46 kg', 'Tagalog and English', 'Yes', 'April 6, 2018', 'Email Marketing, MS Office, Photoshop, HTML Coding, Google Apps', 'Nona', 'None', 'n/a', '', ''),
(168, 153, '161-501-445', '07-129117-75', '', '', '', '', '', '', '', '', '', '', '', '', ''),
(169, 154, '938-911-849', '07-226625-51', '', '', '4''11', '48kg', 'English, Tagalog, Ilonggo - some Cebuano', 'None', 'n/a', 'Communication Skills (Research), Computer Internet, Events Management (Social Media)', 'Not Yet', 'No', 'No', '', ''),
(170, 155, '201-288-730', '33-4641147-3', '19-051851542-3', '15900160854', '5''6', '71 kgs', 'Hiligaynon, Filipino', 'Yes', '1993 F01-93-081316', '', '', '', '', '', ''),
(171, 156, '', '', '', '', '', '', '', '', '', '', '', '', '', '', ''),
(172, 167, '349-184-522', '07-3833670-3', '11-252293928-8', '1212-3291-8069', '5''2', '51', 'English, Tagalog, Hiligaynon', 'N/A', 'N/A', 'Computer Literate', 'no', 'no', '', '', ''),
(173, 168, '347748242', '07-3899870-1', '11-025648553-2', 'N/A', '154cm', '45kg', 'English, Hiligaynon', 'N/A', 'N/A', 'Video Editing', 'No', 'No', 'No', '', ''),
(174, 169, '423-534-186-000', '', '01-05117063222', '', '5''2', '50kg', 'English, Tagalog, Hiligaynon', 'N/A', 'N/A', 'N/A', 'N/A', 'N/A', '', '', ''),
(175, 170, '181-020-375', '33-28431329', '01-050423365-6', '', '5''1', '120lbs', 'English/Tagalog', 'N/A', 'N/A', 'N/A', 'Yes, Gull Bladder Stone Removal', 'Reading Books, Being with people, surfing the net, watching informative programs,bowling,running, walking', 'N/A', '', ''),
(176, 171, '', '07-2539132-4', '11-050801106-7', '1212-3263-8726', '5 FEET 2 INCHES', '51 KG', '', '', '', '', '', '', '', '', ''),
(177, 172, 'N/A', '', '', 'N/A', '152 cm', '47kg', 'Filipino, English, Hilihaynon, Bisaya, Japanese', 'N/A', 'N/A', 'HS Office, AutoCad, Sketchup,Photoshop,Machining (lathe & Mill), Welding (Smaw & Gas)', 'No', 'No', 'No', '', ''),
(178, 173, '', '07-3670349-3', '', '121200461297', '4"11', '48kg', 'Tagalog, Hiligyanon, English', 'N/A', 'N/A', 'N', 'NO', 'NO', 'NO', '', ''),
(179, 174, '', '', '', '', '5', '49kg', 'Tagalog, English, Ilonggo, Hiligaynon', 'N/A', 'N/A', 'n', 'Yes-Accident', 'yes', 'Pisonet/Computer Shop', '', ''),
(180, 175, '336687535000', '07-3656064-9', '11-253156581-1', '121197208261', '5''2', '58kg', 'Hiligaynon,Cebuano,Bisaya', 'N/A', 'N/A', 'N/A', 'N/A', 'N/A', 'No', '', ''),
(181, 176, '', '', '', '', '', '', '', 'yes', 'F01-64023023', '', '', '', '', '', ''),
(182, 177, '249-253-073', '02-1557191-3', '07-050487744-0', '1400-0023-3408', '5''6', '65kg', 'Tagalog,Pampango', 'yes', 'C07-12-003295', 'Playing Guitar', 'No', 'n', 'No', '', ''),
(183, 178, '328286228-0000', '07-2531390-4', '11-201433728-0', '1210-4914-4221', '5''3', '58kg', 'Hiligaynon, English, Tagalog', 'n', 'N/A', 'N/A', 'n', 'No', 'No', '', ''),
(184, 179, '489046282000', '07-3564521-9', '1128188941', '', '5"10', '80kg', 'Hiligaynon, Cebuano, Filipino', 'N/A', 'N/A', 'Computer Literacy/design/arts/tech-savy', 'No', 'Freelamce', 'Graphic Desihn', '', ''),
(185, 180, '948-289-614', '07-2306580-1', '11-050305717-4', '', '5''3', '60kg', 'Hiligaynon,Cebuanos', 'n', 'N/A', 'N/A', 'yes via caesarian section last year', 'Husband Business', 'Agriclutural Related', '', ''),
(186, 181, '916-538-692', '0508927818', '190901067177', '109001033830', '', '', '', '', '', '', 'N/A', 'N/A', 'No', '', ''),
(187, 182, '435-058-545', '07-298419-8', '', '', '5', '55kg', 'English, Tagalog, Hiligaynon, Cebuano', 'N/A', 'N/A', '', 'No', 'No', 'No', '', ''),
(188, 183, '144-614-949', '03-2144086-0', '08-050006053-4', '', '5''5', '75 KG', 'CEBUANO', '', '', '', 'VEHICULAR ACCIDENT', '', '', '', ''),
(189, 184, '', '34-6465239-2', '152512468580', '1212-3264-3192', '5''4', '64kg', 'Bisaya, Hiligaynon, Tagalog, English', 'Yes', '07/29/16-KO2-14006782', 'Electrician, Mechanic, Driver and Singer', 'Yes-Dengue', 'Yes', 'Buy and Sell', '', ''),
(190, 185, '225-299-582', '07-1698496-0', '190903631469', '102000612847', '5''2', '65', 'HILIHAYNON', 'NONE', '', '', '', '', '', '', ''),
(191, 186, '429-805-580', '07-2693192-9', '11-050585887-5', '1211-6728-7130', '5.5''', '165 kgs', 'English /Tagalog/ Hiligaynon', 'N/A', 'N/A', 'N/A', 'N/A', 'N/A', 'N/A', '', ''),
(192, 187, '', '', '', '', '4''11"', '52', 'Filipino/Tagalog, English', 'N/A', 'N/A', 'N/A', 'N/A', 'N/A', 'N/A', '', ''),
(193, 188, '', '07-3618660-9', '11-251615151-2', '', '5''6', '', 'Hiligaynon', 'N/A', 'N/A', 'N/A', 'N/A', 'Family Business', 'Canteen', '', ''),
(194, 189, '946-184-393', '0007-2309942-4', '11-050295911-5', '1210-7658-5476', '5''0', '45 kg', 'English, Hiligaynon, Tagalog, Little Bisaya', 'N/A', 'N/A', 'Banking Skills, Accounting Skills, Communication Skills', 'Dengue ', 'N/A', 'N/A', '', ''),
(195, 190, '403-595-568', '34-1007175-2', '21-050073387-4', '1210-1003-5662', '5''7"', '90 kgs', '', 'Yes', 'D05-04-001549', 'Technician, Welder, Driver', 'N/A', 'N/A', 'N/A', '', ''),
(196, 191, '335-237-454', '07-3491804-4', '11-025569087-6', '1211-9269-1786', '5''0''', '49 KGS', 'Hiligaynon, Tagalog, English', 'N/A', 'N/A', 'N/A', 'N/A', 'N/A', 'N/A', '', ''),
(197, 192, '331-970-239', '07-3582931-0', '11-050758469-1', '', '5', '49 kg', 'English, Hiligaynon, Bisaya, Tagalog', 'N/A', 'N/A', 'N/A', 'N/A', 'Yes', 'Food Cart', '', ''),
(198, 193, '445-208-043', '07-2837554-1', '11-025345242-0', '1211-2976-1719', '163 cm', '58 kg', 'Ilonggo, Ilocano', 'Yes', '07-05-19 / F01-14-003407', '', 'Yes Dysmenorrhea w/ Acute Gastritis', 'N/A', 'N/A', '', ''),
(199, 194, '338-641-443', '07-3641710-3', '11-025555571-5', '1212-0202-7876', '5''3', '45 kg', 'Hiligaynon, Tagalog, English', 'N/A', 'N/A', 'N/A', 'N/A', 'N/A', 'N/A', '', ''),
(200, 195, '440-718-730', '07-2877455-3', '03-051112677-7', '1210-9900-1204', '4''11"', '49 kg', 'Hiligaynon, English, Tagalog', 'N/A', 'N/A', 'N/A', 'N/A', 'N/A', 'N/A', '', ''),
(201, 196, '409-709-743', '07-2578243-8', '11-050503794-4', '1210-3010-2011', '5 Feet', '50 kg', 'Hiligaynon, Bisaya, Tagalog, English', 'None', 'N/A', 'N/A', 'None', 'Nonw', 'None', '', ''),
(202, 197, '470-288-503', '34-5152154-6', '11-025418953-7', '1211-4664-0846', '5''2"', '45 kg', 'HIligaynon', 'N/A', 'N/A', 'N/A', 'N/A', 'N/A', 'N/A', '', ''),
(203, 198, '936-581-281', '07-2323871-9', '11-050318867-8', '1590-0033-3591', '5''3"', '60 kg', 'Hiligaynon, Tagalog, English', 'N/A', 'N/A', 'N/A', 'N/A', 'N/A', 'N/A', '', ''),
(204, 199, '201-640-039', '33-5856933-9', '19-050146038-2', '', '5"2', '160 lbs', 'Hiligaynon, Tagalog, Bisaya, Ilonggo, English', 'N/A', 'N/A', 'MS Word, Excel, Pwerpoinr, Outlook, SAP 131, SAS, Quickbooks, Fox Pro, NAV, ERIC System', 'N/A', 'N/A', 'N/A', '', ''),
(205, 200, '447-008-661', '07-2837127-3', '11-050640384-7', '1211-0904-9708', '5''5"', '50 kg', 'English, Tagalog, Cebuano, Hiligaynon', 'N/A', 'N/A', 'N/A', 'N/A', 'N/A', 'N/A', '', ''),
(206, 201, '334-566-747', '07-2838746-1', '11-251698670-3', '1211-5578-4597', '5''2"', '60KG', 'Hligaynon, Tagalog, English', 'n', 'N/A', 'N/A', 'N/A', 'N/A', 'N/A', '', ''),
(207, 202, 'No Info', '33-3738492-0', 'No Info', 'No Info', '5''3"', '180 KG', 'English, Hiligaynon, Tagalog', 'N/A', 'N/A', 'N/A', 'N/A', 'N/A', 'N/A', '', ''),
(208, 203, 'No Info', 'No Info', 'No Info', 'No Info', '5''0', '45 kg', 'Tagalog, Hiligaynon, English', 'N/A', 'N/A', 'Able to work well w/ the team and Proficient in Computer', 'N/A', 'N/A', 'N/A', '', ''),
(209, 204, '938-905-486', '07-1810259-7', 'N/A', 'N/A', '5''2"', '150 lbs', 'English, Hiligaynon, Bisaya, Tagalog', 'Yes', 'March 2019', 'Baking', 'N/A', 'N/A', 'N/A', 'N/A', 'N/A');

-- --------------------------------------------------------

--
-- Table structure for table `allowance`
--

CREATE TABLE IF NOT EXISTS `allowance` (
`allowance_id` int(11) NOT NULL,
  `personal_id` int(11) NOT NULL DEFAULT '0',
  `amount` decimal(10,2) NOT NULL DEFAULT '0.00',
  `description` text
) ENGINE=InnoDB DEFAULT CHARSET=latin1;

-- --------------------------------------------------------

--
-- Table structure for table `allowance_tmp`
--

CREATE TABLE IF NOT EXISTS `allowance_tmp` (
`allowance_id` int(11) NOT NULL,
  `personal_id` int(11) NOT NULL DEFAULT '0',
  `amount` decimal(10,2) NOT NULL DEFAULT '0.00',
  `description` text
) ENGINE=InnoDB DEFAULT CHARSET=latin1;

-- --------------------------------------------------------

--
-- Table structure for table `business_unit`
--

CREATE TABLE IF NOT EXISTS `business_unit` (
`bu_id` int(11) NOT NULL,
  `bu_name` varchar(50) DEFAULT NULL
) ENGINE=InnoDB AUTO_INCREMENT=8 DEFAULT CHARSET=latin1;

--
-- Dumping data for table `business_unit`
--

INSERT INTO `business_unit` (`bu_id`, `bu_name`) VALUES
(1, 'CENPRI'),
(2, 'Energreen'),
(3, 'Progen'),
(4, 'Shoppers Guide'),
(5, 'SIPC'),
(6, 'CPGC'),
(7, 'Power One Corporation');

-- --------------------------------------------------------

--
-- Table structure for table `certificate`
--

CREATE TABLE IF NOT EXISTS `certificate` (
`file_id` int(20) NOT NULL,
  `personal_id` int(20) NOT NULL,
  `cert_file` varchar(255) DEFAULT NULL,
  `cert_name` varchar(255) DEFAULT NULL
) ENGINE=InnoDB AUTO_INCREMENT=242 DEFAULT CHARSET=latin1;

--
-- Dumping data for table `certificate`
--

INSERT INTO `certificate` (`file_id`, `personal_id`, `cert_file`, `cert_name`) VALUES
(2, 120, 'Tajo_Richard_Communication Skills Certificate1.jpg', 'Communication Skills Certificate'),
(3, 120, 'Tajo_Richard_OJT Certificate2.jpg', 'OJT Certificate'),
(4, 120, 'Tajo_Richard_PSME Certificate3.jpg', 'PSME Certificate'),
(5, 120, 'Tajo_Richard_Workshop of Gas Welding Certificate4.jpg', 'Workshop of Gas Welding Certificate'),
(6, 120, 'Tajo_Richard_ROTC Certificate5.jpg', 'ROTC Certificate'),
(7, 51, 'Arana_Ma. Milagros_Certificate1.pdf', 'Certificate'),
(10, 106, 'Bugna_Mary Grace_Certificates1.pdf', 'Certificates'),
(11, 106, 'Bugna_Mary Grace_Certificate-OJT2.pdf', 'Certificate-OJT'),
(22, 91, 'Dato_Merry Michelle_Certificates1.pdf', 'Certificates'),
(24, 93, 'Dujenio_Butch_Birth Certificate1.jpg', 'Birth Certificate'),
(25, 93, 'Dujenio_Butch_Certificate of Eligibilty2.jpg', 'Certificate of Eligibilty'),
(26, 93, 'Dujenio_Butch_Certificate of Attendance3.docx', 'Certificate of Attendance'),
(27, 93, 'Dujenio_Butch_Certificate of Recognition4.docx', 'Certificate of Recognition'),
(28, 93, 'Dujenio_Butch_Certificate of Achievement5.jpg', 'Certificate of Achievement'),
(29, 93, 'Dujenio_Butch_Certificate of Participation6.docx', 'Certificate of Participation'),
(30, 93, 'Dujenio_Butch_Certificate of Completion7.docx', 'Certificate of Completion'),
(31, 93, 'Dujenio_Butch_8.jpg', ''),
(32, 93, 'Dujenio_Butch_9.jpg', ''),
(33, 93, 'Dujenio_Butch_10.jpg', ''),
(34, 93, 'Dujenio_Butch_11.jpg', ''),
(35, 93, 'Dujenio_Butch_12.jpg', ''),
(36, 93, 'Dujenio_Butch_13.jpg', ''),
(37, 93, 'Dujenio_Butch_14.jpg', ''),
(38, 93, 'Dujenio_Butch_15.jpg', ''),
(39, 93, 'Dujenio_Butch_16.jpg', ''),
(40, 93, 'Dujenio_Butch_17.jpg', ''),
(41, 93, 'Dujenio_Butch_18.jpg', ''),
(42, 96, 'Gallo_Relsie_1.jpg', ''),
(44, 133, 'Cesar_Cristy_Certificates1.pdf', 'Certificates'),
(48, 134, 'De La Cruz_Shem_1.jpg', ''),
(50, 99, 'Jo_Caesariane_Certificates1.pdf', 'Certificates'),
(56, 109, 'Quiocson_Romeo_Certificate1.pdf', 'Certificate'),
(57, 109, 'Quiocson_Romeo_Certificate2.pdf', 'Certificate'),
(58, 109, 'Quiocson_Romeo_Certificate3.pdf', 'Certificate'),
(64, 110, 'Ramirez_Cresilda_Certificates1.pdf', 'Certificates'),
(110, 146, 'Bolarde_Gerardo_Certificate of Employment1.jpg', 'Certificate of Employment'),
(111, 146, 'Bolarde_Gerardo_Marriage and Birth Certificates2.docx', 'Marriage and Birth Certificates'),
(123, 147, 'Porciuncula_Eleonor_Certificate of Employment1.jpg', 'Certificate of Employment'),
(124, 147, 'Porciuncula_Eleonor_Certificate of  Achievement2.jpg', 'Certificate of  Achievement'),
(125, 147, 'Porciuncula_Eleonor_Certificate of Completion3.jpg', 'Certificate of Completion'),
(126, 147, 'Porciuncula_Eleonor_Birth Certificate4.jpg', 'Birth Certificate'),
(137, 117, 'Sinoro_Syndey_Certificate of Attendance- Leader Skills Trainings1.pdf', 'Certificate of Attendance- Leadership Skills Trainings'),
(141, 148, 'Tanan_Hennelen_Certificates1.pdf', 'Certificates'),
(147, 123, 'Villas_Dary Mae_Certificates1.pdf', 'Certificates'),
(153, 150, 'Aizpuro_Ivy Mae_Certificates1.pdf', 'Certificates'),
(156, 2, 'Arsenio_Rhea_Certificates1.pdf', 'Certificates'),
(171, 88, 'Carbaquil_Rey_Certificate of Completion1.pdf', 'Certificate of Completion'),
(173, 130, 'Cosico_Joana Marie_Certificate of Attendance1.pdf', 'Certificate of Attendance'),
(175, 90, 'Danoy_Gretchen_Certificates1.pdf', 'Certificates'),
(185, 132, 'Medina_Fara Jean_Certificate of Employment - CENPRI1.jpg', 'Certificate of Employment - CENPRI'),
(186, 132, 'Medina_Fara Jean_Certificate of Birth2.jpg', 'Certificate of Birth'),
(188, 132, 'Medina_Fara Jean_Certificate of Marriage3.jpg', 'Certificate of Marriage'),
(189, 169, 'Ricarse_Rowena_1.pdf', 'Certificates'),
(191, 11, 'Liao_Roan Renz_1.pdf', ''),
(192, 76, 'Sixto_Iris_1.pdf', ''),
(193, 1, 'Adorio_Marlon_Training Certificates1.pdf', 'Training Certificates'),
(194, 172, 'Ampog_Beverly _Certificate1.pdf', 'Certificate'),
(195, 0, '__1.pdf', ''),
(196, 173, 'Tasic_Liza_certificate1.pdf', 'certificate'),
(197, 174, 'Jomiller _Silena_1.pdf', ''),
(198, 177, 'Pangilinan_Julius_1.pdf', ''),
(199, 178, 'Villarias_Jobelle_Certificate''s1.pdf', 'Certificate''s'),
(200, 63, 'Roiles_Lawrence Vincent_Certificate1.pdf', 'Certificate'),
(201, 63, 'Roiles_Lawrence Vincent_NC II Certificate2.pdf', 'NC II Certificate'),
(202, 63, 'Roiles_Lawrence Vincent_NC III Certificate3.pdf', 'NC III Certificate'),
(203, 42, 'Manilla_Alex_Training Certificates1.pdf', 'Training Certificates'),
(204, 70, 'Samano_Godfrey Stephen_Training Certificates1.pdf', 'Training Certificates'),
(205, 70, 'Samano_Godfrey Stephen_Training Certificates2.pdf', 'Training Certificates'),
(206, 49, 'Ortega_Andro_1.pdf', ''),
(207, 80, 'Urnopia_Democrito_1.pdf', 'Certificates'),
(209, 74, 'Tandoy_Ariel _Training Certificates1.pdf', 'Training Certificates'),
(210, 102, 'Flor_Jason_Certificate-OJT1.pdf', 'Certificate-OJT'),
(211, 185, 'AQUINO_MELINDA_1.pdf', ''),
(212, 8, 'Alunan _Rebecca_Certificates1.pdf', 'Certificates'),
(213, 128, 'Severino_Stephine David_Certificate-OJT1.pdf', 'Certificate-OJT'),
(214, 57, 'Bating_Rashelle Joy_Certificates1.pdf', 'Certificates'),
(215, 51, 'Arana_Ma. Milagros_Training Certificates2.pdf', 'Training Certificates'),
(216, 90, 'Danoy_Gretchen_2.pdf', ''),
(217, 112, 'Rosales_Zyndyryn_Certificates1.pdf', 'Certificates'),
(218, 154, 'Gaudite_Rose Brenette_Certificates1.pdf', 'Certificates'),
(219, 155, 'Leonardia_Carlos Antonio_Certificates1.pdf', 'Certificates'),
(221, 114, 'Sanchez_Daisy Jane_Certificates1.pdf', 'Certificates'),
(222, 117, 'Sinoro_Syndey_2.pdf', ''),
(223, 68, 'Depasupil_Vincent Jed_Training Certificates1.pdf', 'Training Certificates'),
(224, 68, 'Depasupil_Vincent Jed_Training Certificates2.pdf', 'Training Certificates'),
(225, 69, 'Duis_Melfa_Training Certificates1.pdf', 'Training Certificates'),
(226, 139, 'Gellada_Donna_Training Certificates1.pdf', 'Training Certificates'),
(227, 141, 'Globert _Felipe III_Training Certificates1.pdf', 'Training Certificates'),
(228, 141, 'Globert _Felipe III_Training Certificates 22.pdf', 'Training Certificates 2'),
(229, 67, 'Dagupan_Juanito_Training Certificate 1.pdf', 'Training Certificate '),
(230, 67, 'Dagupan_Juanito_Training Certificate 32.pdf', 'Training Certificate 3'),
(231, 67, 'Dagupan_Juanito_Training Certificate 43.pdf', 'Training Certificate 4'),
(232, 67, 'Dagupan_Juanito_Training Certificate 54.pdf', 'Training Certificate 5'),
(233, 67, 'Dagupan_Juanito_Training Certificate 25.pdf', 'Training Certificate 2'),
(234, 45, 'Mondejar_Genielyn_Certificates1.pdf', 'Certificates'),
(235, 196, 'Tolentino_Donna Rose_1.pdf', 'Award Certificate'),
(236, 198, 'Providencia _Babylyn_Training Certificates1.pdf', 'Training Certificates'),
(237, 195, 'Mago_Sherny_Training Certificates1.pdf', 'Training Certificates'),
(238, 195, 'Mago_Sherny_Training Certificates 22.pdf', 'Training Certificates 2'),
(239, 194, 'Destacamento_Ruth Jan_Training Certificates1.pdf', 'Training Certificates'),
(240, 192, 'HILADO_CRIZEAL PRECIOUS CLAIRE_Training Certificates1.pdf', 'Training Certificates'),
(241, 189, 'Salavante_Ladylyn_Training Certificates1.pdf', 'Training Certificates');

-- --------------------------------------------------------

--
-- Table structure for table `character_reference`
--

CREATE TABLE IF NOT EXISTS `character_reference` (
`character_id` int(11) NOT NULL,
  `personal_id` int(11) NOT NULL,
  `c_name` varchar(50) DEFAULT NULL,
  `c_employer` varchar(50) DEFAULT NULL,
  `c_position` varchar(20) DEFAULT NULL,
  `c_relationship` varchar(50) DEFAULT NULL,
  `c_contact_no` varchar(100) DEFAULT NULL
) ENGINE=InnoDB AUTO_INCREMENT=419 DEFAULT CHARSET=latin1;

--
-- Dumping data for table `character_reference`
--

INSERT INTO `character_reference` (`character_id`, `personal_id`, `c_name`, `c_employer`, `c_position`, `c_relationship`, `c_contact_no`) VALUES
(1, 1, 'Mr. Ranny Mijados', 'Court Stonographer', '', 'Friend', ''),
(2, 1, 'Engr. Ronaldo Valenzuela', '', 'Engineering Hawaiian', '', ''),
(3, 2, 'Engr. Nena G. Parre?o', 'Department of Agrarian Reform', 'MARPO / Chief Survey', 'Chief', '09289525272'),
(4, 2, 'Engr. Johanna Alpas', 'Contractor / SRDC', 'Engineer', '', ''),
(5, 2, 'Engr. Nove Jalbuena', 'City Engineer''s Office', 'Engineer 2', '', ''),
(6, 4, 'Elmer Torrijos', 'CENPRI', 'Supervisor', 'None', '09182502604'),
(7, 4, 'Welmo Caba?ero ', 'Paramina', 'Supervisor', 'None', ''),
(8, 5, 'Wenceslao Cantero', 'PMM Works Incorporation', 'President of the com', '', ''),
(9, 5, 'Eric Jabiniar', 'Energreen', 'Techical Director', '', ''),
(10, 5, 'Elmer Torrijos', 'CENPRI', 'Consultant', '', ''),
(11, 6, 'Sheila M. Dela Cruz', 'UNO-R', 'Librarian', 'Previous Superior', ''),
(12, 6, 'Engr. Christopher', 'UNO-R', 'Dean of Engineer', 'Dean/Teacher', ''),
(13, 7, 'Rommel Tan', 'Energreen/Progen', 'Parts Analyst', '', '0905581336'),
(14, 7, 'Bobby Rodriguez', 'CENPRI', 'Special Projects', '', '09952264585'),
(15, 7, 'Jojo Canson', 'CENPRI', 'Warehouse Assistant', '', '09096907547'),
(16, 8, 'Rebie Abelarde', 'Department of Agrarian Reform', 'Section Chief', 'Boss', '09088751660'),
(17, 9, 'Paul Rusiana', 'PNOC/ BDC', 'Supervisor', '', '09493619012'),
(18, 9, 'Ana Juline Pangalio', 'Dean''s Business Department', 'Dean', '', '434-8630'),
(19, 9, 'Ma.Corazon Sedenio', 'Bacolod City College', 'Instructor', '', '09274188745'),
(20, 9, 'Kristine Rose P. Necessario', 'John B Lacson Foundation', 'Program Head', '', '434-8630'),
(21, 10, 'April Pahayahay', 'Toyota Bacolod', 'HR Staff', 'Officemate', '444-181113'),
(22, 10, 'Rona Oro', 'Toyota Bacolod', 'HR Staff', 'Officemate', '444-181113'),
(23, 11, 'Carisse P. Echaus', 'Sea Breeze', 'General Manager', '', '466-7370'),
(24, 11, 'Engr. Isabelo Ganaba', 'Colegio San Agustin', 'Instructor', '', '09228225964'),
(75, 37, 'Elmer Torrijos', 'CENPRI', 'Supervisor', '', ''),
(76, 38, 'Gerard Montojo', '', '', '', '09177243369'),
(77, 38, 'Jacinto Macatol', '', 'Businessman', '', '09204325853'),
(78, 38, 'Jesus Madrona', '', 'Congressman Lone Dis', '', '09188881687'),
(79, 41, 'Mario Capilitan', 'DMCI Power', 'Plant Supervisor', 'Co- Worker', '09477197044'),
(80, 41, 'R. Arroyo', 'DMCI Power', 'Plant Engineer', 'Co- Worker', '09088662092'),
(81, 42, 'Engr. Jion C. Borbe', 'edc', 'Coordinator', '', ''),
(82, 42, 'Hon. Allan C. Galunan', 'SB Member', 'City Councilor', '', ''),
(83, 42, 'Hon. Roger Torres', '', 'Brgy. Captain', '', ''),
(84, 43, 'Engr. Gil Listano', '', 'VP- Operation/ Maint', '', ''),
(85, 43, 'Engr. Francisco Dote', '', 'Consultant Power Div', '', ''),
(86, 43, 'Engr. Jonathan De Mesa', '', 'Manager- Technical D', '', ''),
(87, 44, 'Mr. Jurie Vic Mesias', 'City Solid Waste Management', 'Department Officer', 'Cousin', '0917320687'),
(88, 44, 'Ms. Luni Panilanga', 'City Treasurer''s Office', 'Disbursing Officer', '', ''),
(89, 44, 'Mrs. Ruby Abellar', 'City Accounting Office', 'Accountant', '', ''),
(90, 44, 'Ms. Tonie Diaz', 'Daily ware Marketing', 'Staff', '', '09085426131'),
(91, 45, 'Caroline Mendoza', '', 'Brgy. Captain', '', ''),
(92, 45, 'Teodoro P. Ginete', 'Atom Chemical Company Inc.', 'Branch Manager', '', ''),
(93, 45, 'Emma Dael', 'BISCOM Inc', 'Factory Manager', '', ''),
(94, 45, 'Emma Abueva', 'URC- Sonedco', 'Q.A Manager', '', ''),
(95, 47, 'Elmer Torrijos', '', 'Supervisor', 'none', '09182502604'),
(96, 47, 'Welmo Cabanero', '', 'Supervisor', 'none', '09182943112'),
(97, 48, 'Ms. Joean Otadora', 'Ink for less Pro Services Inc', 'Audit Head', 'Former Immediate Supervisor', '09053490207'),
(98, 48, 'Ms. Nesne Anaquin', 'Seaoil Phil Inc', 'Station Cluster Offi', 'Former Immediate Supervisor', '09209778085'),
(99, 48, 'Ms. Olaro Farie Cruz', 'Eastwest Banking Corp', 'Card Collection Asso', 'Friend', '09473506000'),
(100, 49, 'Noel Callora', '', '', 'Friend', '09326434039'),
(101, 49, 'Nilo Ortega', 'NS ocana', '', 'Uncle', '09089321236'),
(102, 51, 'Danilo D. Guevara', 'Energy Development Corp.', 'Senior Manager, Supp', '', '09178277176'),
(103, 51, 'Gerry J. Placido', 'Energy Development Corp.', 'Manager, Supply Chai', '', '09175137791'),
(104, 51, 'Nilo N. Lirazan', 'Energy Development Corp.', 'P2P Operations OIC', '', '09178634259'),
(105, 51, 'Danilo C. Catigtig', 'Energy Development Corp.', 'Former Sr. Vice-Pres', '', '09178275424'),
(106, 53, 'Eric Jabiniar ', 'Energreen', 'Technical Director', '', ''),
(107, 53, 'Caroline Mendoza', '', 'Brgy Captain', '', ''),
(108, 54, 'Lichel Villafuerte', 'Terumo Phils. Corporation', 'HR Supervisor', 'Trainor', '(049) 541-5111'),
(109, 54, 'Lalyn Canson', 'TUP- Visayas', 'SIT Office Staff', 'Acquaintance', '09431280771'),
(110, 56, 'Dr. Rollin Fernandez', 'Private Practice', 'Doctor', 'Colleague', '09176181790'),
(111, 56, 'Dr. Allan Abayon', 'Bago City', 'Medical Officer (Doc', 'Colleague', '09155277917'),
(112, 56, 'Gerry Dennis Casas', 'Distileria Bago Inc', 'HR Assistant', 'Colleague', '09285063782'),
(113, 56, 'Dr. Myra Hurboda', 'Private Practice', 'Doctor', 'Colleague', '09063599340'),
(114, 57, 'Engr. Morel Fronda Sr.', 'TUP - Visayas', 'Dept. Head In-Charge', 'Adviser', '09309014321'),
(115, 57, 'Engr. Keen Montinola', 'VTI', 'Mechanicall Engineer', 'Officemate', '09489593312'),
(116, 61, 'Eric Jabiniar', 'Energreen', 'Technical Director', '', '09178607244'),
(117, 61, 'Elmer Torrijos', 'Cenpri', 'Maintenance Superint', '', '09996778341'),
(118, 61, 'Genaro Bawar', 'Cenpri', 'E.I & C', '', '09154154111'),
(119, 61, 'Juanito Dagupan', 'Cenpri', 'Supervisor', '', '09174562235'),
(120, 62, 'Joel Galdeo', '', 'Supervisor', '', ''),
(121, 62, 'Elmer Tolinos', 'Paramina Earth Technology', '', '', '091820502604'),
(122, 63, 'Maricel C. Mandawe', 'Mindanao University of Science and Technology- Jas', 'Area Chairman and In', '', '09176310049'),
(123, 63, 'Alfred Z. Poquiz, ', 'Calapan Power Generation Corporation', 'Plant Operator', '', '09398994000'),
(124, 63, 'Jerome Peter Baclig', 'Bureau of Fire Protection', '', '', '09167953437'),
(125, 65, 'Elmer Torrijos', 'CENPRI', 'Supervisor', '', '09182502604'),
(126, 65, 'Welmo Cabanero', 'Paramina', 'Supervisor', '', '09182943112'),
(127, 67, 'Eric D. Jabiniar', 'ENERGREEN', 'Plant Director', '', '09274189220'),
(128, 67, 'Elmer Torrijos', 'CENPRI', 'Supervisor', '', '0999677341'),
(129, 68, 'Engr. Joel Sumugat, PME', 'TUP - Visayas', 'ETEAAP Coordinato', 'College Professor', '09494408265'),
(130, 68, 'Engr. Patrick John Delumpa', 'TUP - Visayas', 'OIC of ME Department', 'College Professor', '09228608720'),
(131, 68, 'Engr. Alfie Java', 'Petron Corporation', 'Area Engineer (VIS_M', 'Friend', '0917561654'),
(132, 69, 'Eric Hautea', 'ACC', 'Supervisor QA Produc', 'Department Supervisor', '09129540699'),
(133, 69, 'Arnel Vacunawa', 'ACC', 'Conversion Optimizat', 'Supervisor', '09125876969'),
(134, 69, 'Perching Delapaz', 'ACC', 'Network Admin', 'IT Supervisor', '09173752785'),
(135, 70, 'Eric Jabiniar', 'Energreen', 'Technical Director', '', '09178607244'),
(136, 70, 'Abdul Munaf', 'Warsica KSA', 'Contract Manager', '', '+9661-60768821'),
(137, 71, 'Edwin Onas', '', 'Brgy Captain', '', ''),
(138, 71, 'Rene Cuajao', '', 'Former Kagawad', '', ''),
(139, 71, 'Romme Malacad', 'RKJ', 'Leadman Janitor', '', ''),
(140, 72, 'Richard Amemita', 'Environair Asia Inc.', 'Air Quality Division', '', '09178986198'),
(141, 74, 'Adolfo Pineda', 'EDC', 'Safety Officer', '', ''),
(142, 74, 'Fennie Guillero', 'EDC', 'HR Officer ', '', ''),
(143, 74, 'Eliseo Carmona', '', 'Brgy. Captain, Brgy ', '', ''),
(144, 75, 'Zaldy Brillo', 'Palawan Power Plant', 'Manager', 'Friend', '09178251745'),
(145, 76, 'Mila Arana', 'CENPRI', 'Admin Manager', '', ''),
(146, 76, 'Marvin Ambos', 'CENPRI', 'Supervisor', '', ''),
(147, 77, 'Eric Jabiniar', 'Cenpri', 'Project Manager', 'Former General Manager at Palawan/Catanduanes Powe', ''),
(148, 79, 'Ruth Ann Arguelles', 'Distileria Bago Inc', 'HR Admin Assiatant', 'Previos co-worker', '09228702801'),
(149, 79, 'Florence Guillena', 'Edarri', 'Owner/ Accounting', 'Friend', '09989504594'),
(150, 79, 'Liza Esmeralda', 'Riverside- Wellnes Clinic', 'Psychometrician', 'Friend', '09257405821'),
(151, 80, 'Caroline Mendoza', 'Brgy. Calumangan', 'Brgy. Captain', '', ''),
(152, 80, 'Elmer Saril', 'Brgy. Calumangan', 'Brgy. Kagawad', '', ''),
(153, 80, 'Ricky Mondeja', '', 'Electrical', '', ''),
(154, 82, 'Engr. Martin Cabasagan', 'Lexmark', 'Former Supervisor', 'Former Supervisor', '032-3491800'),
(155, 82, 'Nida Indencia', 'Bago City Hall', '', 'Aunt', '09272869884'),
(160, 85, 'Mr. Ben Philip Belasoto', 'Teletech', 'Former Director', 'Former Director', '09175501833'),
(161, 85, 'Mr. Julius Sotomil', '', 'Supervisor', 'Supervisor', '09954788562'),
(162, 86, 'Eva Alfonso', 'Dynamic Dragons', 'Real Estate,Broker', 'Neighbor', '09216158436'),
(163, 86, 'Arvin Cabaylo', 'CENECO', 'Member Consumer', 'Former Officemate', '09433045585'),
(164, 86, 'Fercy Baniola', 'L''Fisher Hotel', 'Accounting Assistant', 'College Friend', '09216264623'),
(165, 86, 'Kristina Lumintac', 'CENECO', 'ISD Secretary', 'Former Officemate', '09302026915'),
(166, 87, 'Mila B. Arana', 'CENPRI', '', '', '09285081310'),
(167, 87, 'Dexter S. Domasio', '', 'Sales Marketing / Co', '', ''),
(168, 88, 'Paul J. Rusiana', 'Energy Development Corporation', 'Admin Supervisor', '', '09209685502'),
(169, 88, 'Roberto Rojas', 'Nelcorp Heavy Equipment', 'Manager', '', '433-4062'),
(170, 88, 'Joseph Camo', 'Merci Bakeshop', 'Logistics Supervisor', '', '09399089615'),
(171, 89, 'Janice Bolen', '', 'Professor', 'Employee', '09423681002'),
(172, 89, 'Atty. Ma. Conchita Antipatia', '', 'Attorney IV', 'Mentor', '09167331921'),
(173, 90, 'Grace O. Alcosaba', 'Philrice', 'Accountant', 'Sister', ''),
(174, 90, 'Kenrose Solomon', 'CHMSC', 'Accountant / Teacher', 'Colleague', '707-1653'),
(175, 90, 'Chloe Hope Villasor', 'CHMSC', 'Registrar', '', '707-1653'),
(176, 91, 'Juvy Orquiales', 'CEMPCO', 'Cashier / Teller', 'Godparent', '09189428068'),
(177, 91, 'Jose Atiles', 'NHA', 'Admin Officer II', 'Aunt', '09239833127'),
(178, 91, 'Hanelli H. Zapata', 'BDO - Talisay', 'Branch Manager', 'Relative', '09173054991'),
(179, 92, 'Neil C. Ko', 'Robinhood', 'General Manager', 'Previous Employeer', '444-1533'),
(180, 92, 'Francis Chua', 'Robinhood', 'HR Manager', '', ''),
(181, 92, 'Roselyn Halago', 'L''Fisher Hotel', 'Finance Manager', 'Current Employeer', '433-3731'),
(182, 93, 'Windy P. Monge', 'JBLCF - Bacolod', 'Faculty', 'Co-Worker', '09984913041'),
(183, 93, 'Shane Fornis', 'JBLCF - Bacolod', 'Faculty', 'Immediate Supervisor', '09258607650'),
(184, 93, 'Yvonne Giganto', 'Bob''s Cafe', 'Supervisor', 'College Friend', '09194691777'),
(185, 94, 'Liane Jaca', 'First Engine Rebuilder, Inc', 'General Manager', '', ''),
(186, 94, 'Fr. Ernesto Salvador', 'Singcang Parish', 'Priest', '', '09493684387'),
(187, 95, 'Glen Salem', 'PODC', 'Accounting Superviso', '', '433-1860'),
(188, 95, 'Machigan Villa', 'PODC', 'HR Staff', '', '433-1860'),
(189, 95, 'Divine Abanilla', 'Security Bank', 'Loans Staff', '', ''),
(190, 96, 'Elsie R. Alfaro', 'Philippine Air Lines', 'Employee', 'Mother', '09209084564'),
(191, 96, 'Jessie Caballena', 'SGV & Company', 'Partner', 'Previous Employer', ''),
(192, 97, 'Catrice Talidong', 'Supervalue, Inc.', 'HR Assistant', 'Friend', '09073994870'),
(193, 97, 'Raylin Arceo', 'Business Inn', 'Audit Staff', 'Friend', '433-7953'),
(194, 97, 'Lonalie Braza', 'L''Fisher Hotel', 'Cashier', 'Friend', '09095257114'),
(195, 98, 'Brian Taasan', 'Government', 'Kagawad', 'Friend', '09300398388'),
(196, 98, 'Danilo Zabala', 'Retired', '', 'Friend', '09469664736'),
(197, 99, 'Vemver Ray Buenafe', 'Barangay Alijis Council', 'Barangay Captain', 'Brother in Law', '433-7275'),
(198, 100, 'Hon. William Tabanoa', 'Cadiz City Government', 'City Councilor', 'Uncle', '09209046378'),
(199, 100, 'Hon. Patrick Escalante', 'Cadiz City Government', 'City Mayor', 'Godfather', '(034)493-0033'),
(200, 101, 'Machegan Villa', 'Philippine Diversified Development Corporation', 'HRD - Head Officer', '', '709-8080'),
(201, 101, 'Teresita Ostan', 'Green Horizon Reality', 'Admin Officer', '', '432-1145'),
(202, 101, 'Arlene Cabales', 'Lopues San Sebastian', 'HRD - Head Officer', '', '433-2942'),
(203, 102, 'Christine V. Redoblo', 'CHMSC', 'Chair Person - BSIS', 'Teacher', '09258884470'),
(204, 102, 'Yrika Marie R. Dusaran', 'CHMSC', 'Faculty', 'Teacher', '09335851392'),
(205, 102, 'Melanie T. Porquez', 'CHMSC', 'Faculty', 'Teacher', '09177711484'),
(206, 103, 'MM Jane Trayco', 'BC & C', 'HR', 'Former HR', '09334116231'),
(207, 103, 'Jacqeuline Felix', 'University of St. La Salle - Bacolod', 'DC', 'DC', '432-1182'),
(208, 103, 'Cheryl Tortal', 'CENECO', 'Supervisor', 'Former Supervisor', '09199929486'),
(209, 104, 'Rosemarie Azliro', 'Xyzon Inc.', 'General Manager', 'Former Employer', '09177111991'),
(210, 104, 'Menchie Miqavalles', 'MO Dialysis', 'Auditor', 'Friend', '09226575921'),
(211, 105, 'Hannah Mariveles', 'USLS', 'Dean', 'Teacher', ''),
(212, 105, 'Allen Del Carmen', 'USLS', '', 'Journalism Coach', ''),
(213, 105, 'Lovenia Pansaon', 'DADJES', '', 'High School Teacher', ''),
(214, 107, 'Mary Jean Puentes', 'Bacolod Columbia Marketing', 'HR Department', '', '09199948220'),
(215, 107, 'Donna Mae Abindan', 'Coca-Cola Bottlers Philippines', 'Account Developer', '', '09223760968'),
(216, 107, 'Cecilia Crisol Sayson', 'Jude Thaddeus Sayson Farm', 'Owner', '', ''),
(217, 108, 'Mildred Cordero', 'CVS Trading Corporation', '', '', '09088839201'),
(218, 108, 'Ian Troy Lamig', 'Former Provincial Youth Head', '', '', '09498084402'),
(219, 108, 'Bonne Oribe', 'Operations Manager', '', '', '09258062904'),
(220, 109, 'Engr. Patrick John De Lumpa', 'TUP-V', 'Program Coordinator', 'Former Teacher', '09228608720'),
(221, 109, 'Engr. Sheila May Escobar', 'TUP-V', 'Department In Charge', 'Former Teacher', '495-4822'),
(222, 110, 'Cleo Fe Dioso', 'R.G Manabat & Co.', 'Audit Supervisor', 'Teammate', ''),
(223, 110, 'Kristine Rosales', 'Travellers International Hotel Group, Inc.', 'Audit and Risk Manag', 'Officemate', '09290851564'),
(224, 110, 'Shirley Lim', 'None', 'None', 'Assistant Director', '09178523936'),
(225, 111, 'Caroline Mendoza', 'Brgy Calumangan, Bago City', 'Brgy. Captain', '', ''),
(226, 112, 'Patrick Varde', 'GC & C Group of Companies', 'Finance Manager', '', '09177711909'),
(227, 112, 'Kenneth Gison', 'Abaca Solutions (PH), Inc', 'Operations Manager', '', '434-7152'),
(228, 112, 'Samantha Irene De La Paz', 'JP Morgan Chase & Co.', 'Fund Accounting Spec', '', '09176762837'),
(229, 113, 'Machille Ongluico', 'Philippine Airlines', 'Manager', '', '09175372572'),
(230, 113, 'Lady Ann Mendoza', 'Philippine Airlines', 'Supervisor', '', '09451346287'),
(231, 114, 'Atty. Ma. Conchita Antipatia', 'PEMO', 'Legal Supervisor', '', '432-2922'),
(232, 114, 'Atty. Wilfred Ramon Penalosa', 'PEMO', 'PEM-Officer', '', '432-2922'),
(233, 115, 'Mr. Carlo Ytmaga', 'Macro Asia Services', 'Manager', '', '09278560924'),
(234, 115, 'Ms. Alma De Guzman', 'Philippine Airlines', 'Vice President Secre', '', '09178009657'),
(235, 115, 'Ms. Trix Elayda', 'Philippine Airlines', 'Staff Assistant', '', '09173187833'),
(236, 116, 'Cristine V. Redoblo', 'CHMSC', 'Chair Person', 'Teacher', '09258884470'),
(237, 116, 'Norberto L. Mondero', 'CHMSC', 'IS Faculty', 'Teacher', '09278530874'),
(238, 116, 'Jomar I. Pabuaya', 'CHMSC', 'IS Faculty', 'Teacher', '09999934752'),
(239, 117, 'Engr. Greg Uymatiao, Jr.', 'Negros Oriental Business Development', 'Chairman', 'Employer', '09173140251'),
(240, 117, 'Edward C. Du, CPA', 'Negros Oriental Chamber of Commerce', 'President', 'Employer', '09189400940'),
(241, 117, 'Frank Carbon', 'PCCI - RG & NIR', 'Regional Government', 'Project Partner', '09209019928'),
(242, 117, 'Roberto Montelibano', 'MBCCJ', 'President', 'Project Partner', '09209205853'),
(243, 117, 'Fancez Martinez', 'Negros Oriental Investment', 'Executive Director', 'Employer', '09173043439'),
(244, 118, 'Marifie Gumban', 'Raymond Reality Corp', 'Administrative Offic', 'Officemate', '09175112469'),
(245, 118, 'Jean Almonte', 'Mega Data Corp', 'HR Supervisor', 'Officemate', '532-3061'),
(246, 118, 'John Edward Garcia', 'Mega Data Corp', 'Director for Admin &', 'Officemate', '532-3061'),
(247, 119, 'Karen Dolar', 'PAL Express', 'OIC - Asistant Stati', 'Coleagues', '09328496040'),
(248, 119, 'David Tan', '', 'Millionmiller - PAL', '', '09271372090'),
(249, 120, 'Engr. Dawn F. Alacar', 'SIPC', 'Control Engineer', '', '09178433798'),
(250, 120, 'Engr, Ian G. Gallo', 'SIPC', 'Control Engineer', '', '09177949900'),
(251, 120, 'Engr. Marlene Joy E. Muega', 'SIPC', 'Result Engineer B / ', '', '09128134236'),
(252, 120, 'Engr, Ernesto P. Gano', 'SIPC', 'Control Engineer', '', '09177947555'),
(253, 120, 'Engr. Edecel E. Campos', 'SIPC', 'Principal Engineer', '', '09178649200'),
(254, 121, 'Regil Caesar Bustillo', 'Silver Dragon Construction', 'Project Manager', 'Former Supervisor', '09153628969'),
(255, 121, 'Belinda Montemayor', 'GC & C Group of Companies', 'Cashier', 'Officemate', '09109618894'),
(256, 122, 'Prudencsio Floreno', 'L''Fisher Hotel', 'Auditor', 'Supervisor', '709-1999'),
(257, 122, 'Ernesto Yap Jr.', '', 'Brgy. 22 Captain', 'Brgy. Captain', ''),
(258, 123, 'Lucrecia S. Taberna', 'PARPO II - DAR', 'PARPO II', 'Supervisor', ''),
(259, 123, 'Nove Jalbuena', 'NGC', '', 'Professor in College', ''),
(260, 123, 'Isable Mahler', 'Regional Director Ched', 'Regional Director', 'Professor in MPA', ''),
(261, 124, 'Jonathan Balbuena', 'APC', 'Manager', 'Former Manager', '046-481-1600'),
(262, 124, 'Edwin Rodil', 'Tsukuba', 'Manager', 'Former Manager', '09175709943'),
(263, 124, 'Faithneza Bocateja', 'APC', 'Analyst (Co-worker)', 'Co-Worker', '046-481-1600'),
(264, 125, 'Kristine Ann Polana', 'Baciwa', 'Division Manager', 'Teacher', '09088181250'),
(265, 125, 'Mary Rose Fatima De Los Reyes', 'CSA - B', 'Area Head', 'Teacher', '09178423082'),
(266, 125, 'Michael Brian Arcedas', 'CSA - B', 'Director of Guidance', 'Teacher', '434-2471'),
(267, 125, 'Lenelyn Mae Bornales', 'CVG', 'Agent', 'Friend', '09433870483'),
(268, 125, 'Marc Arnold Diamante', 'CVG', 'Agent', 'Friend', '09461737784'),
(269, 126, 'Rocel Rebates', 'Tan Acut & Lopez Law Offices', 'Accounting Head', 'Friend - Former Colleague', '635-3671'),
(270, 126, 'Atty. Erwin A. Gavino', 'Divino and Gavino Law Offices', 'Managing Partner', 'Former Boss', '687-1231'),
(271, 126, 'Marriane V. Reyes', 'Source Asia Business Inc.', 'Accounting Head', 'Former Supervisor', '421-0998'),
(272, 127, 'Cristine Redoblo', 'CHMSC', 'Chairperson (IS)', 'Faculty', '09258884470'),
(273, 128, 'Cristine Redoblo', 'CHMSC', 'Chairperson', 'Teacher', '09258884470'),
(274, 128, 'Norberto L. Mondero', 'CHMSC', 'IS Faculty', 'Teacher', '09278530874'),
(275, 128, 'Jomar I. Pabuaya', 'CHMSC', 'IS Faculty', 'Teacher', '09999934752'),
(276, 129, 'Iver Y. Petran', '', '', '', '09988810189'),
(277, 131, 'Ma. Corina Ramos', 'KGB Philippines Inc.', 'Call Center Manager', 'Manager', '09178857997'),
(278, 131, 'Baby Karen Mercado', 'KGB Philippines Inc.', 'Assistant Call Cente', 'Direct Supervisor', '0975401414'),
(279, 131, 'Angela San Juan', 'KGB Philippines Inc.', 'Team Manager', 'Colleague', '09178959196'),
(280, 133, 'Grace O. Allosaba', 'Province of Negros Occidental', 'Budget Officer II', 'Former Supervisor', '09153490142'),
(281, 133, 'Rizalyn D. Camparil', 'Philippine Rice Research Institute', 'Finance Analyst', 'Former Co-Worker', '09959775554'),
(282, 133, 'Cresencio U. Abunda', 'National Federation of Sugarcane Planters', 'Consultant', 'Former General Manager', '433-9033'),
(283, 136, 'John Thomas Jocson Paez', 'Steel Art Billboard, Agency, Inc.', 'Recruitment and Hiri', 'Subordinate - Co Staff', '09177037767'),
(284, 136, 'Chloe G. Delatoria', 'Steel Art Billboard, Agency, Inc.', 'Admin Officer', 'Subordinate - Co Staff', '09451485250, 09228499994'),
(285, 136, 'Joyce M. Fernandez', 'PHACC Agency', 'Psychologist, GUidan', 'Head/Professor', '09228189312'),
(286, 139, 'Joeni Jen Diamante ', 'Teletech - Bacolod', 'Team Leader', '', '09569251297'),
(287, 139, 'Jeanet Santiago', 'Tractoro Comp. Inc.', 'General Manager', '', '034 495-2288'),
(288, 139, 'Lea Razonable', 'Tractoro Comp. Inc.', 'Accounting Officer', '', '034 495 2288'),
(289, 139, 'Kaiser Quima', 'Tractoro Comp. Inc', 'Workshop ', '', '034 495 2288'),
(290, 141, 'Ernesto Subong', 'South Bacolod', 'Warehouse Supervisor', 'Supervisor', '09328704020'),
(291, 141, 'Juls Degilla', 'CENPRI', 'Warehouse Supervisor', 'Closed Friend', '09984520534'),
(292, 142, 'Engr. Ronnie Abina', 'MDC', 'AVIDA Supervisor', '', '09752689624'),
(293, 142, 'Mrs. Ma Fe Villar', 'Bago City', 'Investment Promotion', '', '09205352479'),
(294, 142, 'Engr Benito ', '', '', '', ''),
(295, 146, 'Andrew Villamor', 'Global Shipping', 'Port Manager', '', '09175419968'),
(296, 146, 'Claro Bolarde', 'Mindoro Power', 'Plant Manager', '', '09778032443'),
(297, 147, 'Charlotte Camlle Chew', 'Megawide Construction Inc.', 'Financial Modeller', 'Colleague', '09088110639'),
(298, 147, 'Edgar Porciuncula', 'New Trends and Technologies', 'Design Engineer', 'Brother', '09285218382'),
(299, 113, 'Benjamin Sebastian', 'Asian Alcohol Corporation', 'VP-Technical', '', '09175258154'),
(300, 148, 'Cristine V. Redoblo', 'CHMSC- T', 'BSIS - Chairperson', 'Teacher', '09258884470'),
(301, 148, 'Norberto L. Montero', 'CHMSC- T', 'BSIS - Faculty', 'Teacher', '09278530874'),
(302, 148, 'Stephine Severino', 'CENPRI', 'Programmer', 'Friend', '09777106914'),
(303, 150, 'Roberto Pelingon III ', 'Convergys', 'Team Lead/Supervisor', 'Acquiantance', '09333151702'),
(304, 150, 'Grace Magbanua', 'USLS', 'Sr. Admin Staff', 'Acquiantance', '09217882594'),
(305, 150, 'Anabelle Alova', 'USLS', 'Professor', 'Former Thesis Adviser', '09173108109'),
(306, 150, 'Grafe Rose Arbado', 'DENR', 'Forest Ext. Officer', 'Close Friend', '09495058957'),
(307, 151, 'Kristina Ann Polana', 'BACIWA', 'Division Manager', 'Teacher', '09088181250'),
(308, 151, 'Mary Rose Fatima Delos Reyes', 'CSA-B', 'Area-Head', 'Teacher', '09178423082'),
(309, 151, 'Michael Brian Arcedas', 'CSA-B', 'Director of Guidance', 'Teacher', '434-24-71'),
(310, 151, 'Lenelyn Mae Bornales', 'CVG', 'Agent', 'Friend', '09433870483'),
(311, 151, 'Marc Arnold Diamante', 'CVG', 'Agent', 'Teacher', '09461737784'),
(312, 152, 'Mary Grace Labrador', '', 'Rebap BCD Auditor', '', '09088163066'),
(313, 152, 'Ryan Dela Gente', '', 'College Instructor', '', '09193647538'),
(314, 152, 'Maribel Detera', '', 'College Instructor', '', '09199817060'),
(315, 154, 'Zosimo Briones', 'NGCP', 'Manager', 'Friend', '708-0441'),
(316, 154, 'Remato Penetrante', 'NGCP', 'Engineer', 'Friend', '708-0441'),
(317, 154, 'Cleo Gaudite', 'Councilor', 'Cousin', 'Cousin', '09216497917'),
(318, 155, 'Ninfa R. Leonardia', 'Visayan Daily Star', 'President', 'Boss / Aunt', ''),
(319, 167, 'Zadhea Solinap', '', 'Supervisor', '', '09253308343'),
(320, 167, 'Annefer Parondo', 'Galleon Enterprises ', 'OIC/Store Incharge', 'co-workers', '09128587174'),
(321, 168, 'N/A', '', '', '', ''),
(322, 169, 'Clares Loken Jalocon', 'PEMC', 'Manager, panning', 'Friend', ''),
(323, 170, 'Rocel Rebates', 'Lopez Law office', 'Acctg Head', 'Former Colleague', '635-3671'),
(324, 170, 'Erwin Gavino', 'Divino Gavino Law Office', 'Managing Partner', 'Former Boss', '687-1231'),
(325, 170, 'Marianne Reyes', 'Source Business Law', 'Acctg Head', 'Former Superior', '421-0998'),
(326, 172, 'Engr. Harley Toquere', 'Asian Employer', 'Safety Engineer', 'Friend', '09772858748'),
(327, 172, 'Andro Ortega', 'Energreen', 'Auxilliary Superviso', 'Schoolmate', '09484036975'),
(328, 172, 'Alea Jewelle Araneta', 'Call Center', 'Technical Staff', 'Bestfriend', '09076430917'),
(329, 172, 'Engr. Benito Casilagan', 'TUP-Visayas', 'SIT Officer', 'Teacher', '034-4953480'),
(330, 173, 'Marianne Magalona', 'House of Prida', 'General Manager', 'Owner', '09771324438'),
(331, 173, 'Marv Poquinto', 'Transcom PH', 'Team Leader', 'Head', '09173036215'),
(332, 173, 'Tony Alfred Carmona', 'Outdorrmaster', 'Public Relation Offi', 'Co-worker', '09569382426'),
(333, 174, 'Ella Liao', 'Sea BreezeHotel', 'Manager', '', '433-7370'),
(334, 174, 'Carisse Echaus', 'Sea Breeze Hotel', 'Owner', '', '433-7370'),
(335, 175, 'Alyana Sumagaysay', 'Pepsi', 'HRA recruitmet and t', 'friend', '09454413621'),
(336, 175, 'Kevin Pastor', 'Pathcutters', '51 talk workmate', 'HR Recruitment Associate', '09568017612'),
(337, 177, 'Engr. Kevin Carlos', 'DOHA Cables', 'Technical & Marketin', 'Former Co-worker', '09667615100'),
(338, 177, 'Engr. Romeo Tuburan', 'Mega Masterlink', 'Plant manager', 'Superior', '09494956676'),
(339, 177, 'Engr. Dennis Salas', 'EES', 'manager', 'Electrical Supplier', '09171289499'),
(340, 178, 'Dr. Ariel Patrick Diovora', 'Victorias Milling Company Inc', 'Clinic Physician', 'Supervisor', '399-3613'),
(341, 178, 'Mr. Ian Glavidio Olveros', 'Globalpro Workers Cooperative', 'Officer in charge', 'Suoervisor', '09176138914'),
(342, 179, 'Rhesa Sitjar', 'PIO', 'News Writer', 'Workmate', '09166981299'),
(343, 179, 'Jerome Kwan', 'Transcom', 'Operations Manager', 'Freelance Client', '09156034320'),
(344, 179, 'Katreena Locsin', 'Ripeconcepts', 'Quality Checker', 'Workmate/Leader', '09154071685'),
(345, 179, 'Elica Tajanlangi', 'Bacolaodiat', 'Media Relations', 'Workmate', '09063631139'),
(346, 180, 'Apryl Chaver', 'JGM Finance Corp', 'Senior Accountant', 'Head Audit', ''),
(347, 180, 'mary Suzzane Bernadas', 'SSS-Bacolod', 'Senior Accountant', 'Head Audit', '09303172766'),
(348, 180, 'Sheena Bombo', 'NWNTF', 'Financial Analyst', 'Co-worker', '09081888096'),
(349, 180, 'Anna Lacambra', 'CENPRI', 'Corporate Accountant', 'High School ALumni', '09363249978'),
(350, 181, 'N/A', '', '', '', ''),
(351, 182, 'Engr. Charlie Fernandez', 'CEMEA Engineering Services', 'Owner', '', '09399015430'),
(352, 182, 'Rolando Carpio', 'Presidential Communication Office', 'Liason Officer', '', '09228349220'),
(353, 182, 'Engr. Carlos Locsin', 'STI-WNU', 'Professor', '', '09291574548'),
(354, 183, 'ERIC JABINIAR', 'MCI', 'MANAGER', 'BOSS', ''),
(355, 183, 'RICHARD COLINA', 'PARAMINA', 'VP', 'BOSS', ''),
(356, 184, 'Mario Dante Purisima', 'CENPRI', 'Supervisor', 'Close Friend', ''),
(357, 184, 'Ma. Donita Ubalde', 'PKI', 'Instrument Planner', 'Close Friend', ''),
(358, 185, 'HAZEL BONGON', 'UNITED HARVEST ', 'FINANCE MANAGER', '', ''),
(359, 185, 'ARMAN MORILLO', 'FACILITIES PROTECTION INC.', 'FINANCE MANAGER', '', ''),
(360, 50, 'MARVIN AMBOS', 'ENERGREEN POWER', '', '', ''),
(361, 50, 'JOEL LUBA', 'CENTRAL AZUCARERA DE BAIS', 'FACTORY MANAGER', '0917-576-8649', ''),
(362, 50, 'ARNOLD VILLACAMPA', 'CENTRAL AZUCARERA DE BAIS', 'DEPT HEAD BOILER', '0917-576-6179', ''),
(363, 186, 'Jennifer Ferrer', 'Iqor', 'CSR', 'Co-Worker', '0917-137-2197'),
(364, 186, 'Sharmaine Kanazawa', 'Iqor', 'CSR', 'Co-Worker', '0927-224-8614'),
(365, 187, 'Joseph Tan', 'Self-Employed', 'Owner', 'Relative', ''),
(366, 187, 'Edgar Allan B. Aliman', 'Government Employee', 'PO2', 'Family Friend', ''),
(367, 187, 'Jocelyn Rapista', '', '', 'Relative', ''),
(368, 188, 'N/A', 'N/A', 'N/A', 'N/A', 'N/A'),
(369, 189, 'Lana Lo', 'Atty. Sabio Law Office and Associate', 'Secretary', 'Friend', '0939-8822-726'),
(370, 189, 'Jasper Maguad', 'Electrical and Communication Engineering Services', 'ECE', 'Friend', '0923-6316-750'),
(371, 190, 'Reubin Muaa', 'Power Generator Solution', 'Manager', '', '09999901894'),
(372, 191, 'Jasmine Campanero', 'Merczi', 'Supervisor', '', '0950-367-3843'),
(373, 191, 'Pronze Dalida', 'Jolibee', 'General Manager', '', '433-9565'),
(374, 191, 'Nicolas Caballero', 'West Negros University', 'Dean', '', '434-4561'),
(375, 192, 'Myrac Bulos', 'AXA Philippines', 'Account Specialist', 'Previous Colleague', '0922-345-5051'),
(376, 192, 'Daisy Erica Gallego', 'Aldrtz Corp.', 'Senior Supply Chain ', 'Manager', '0948-405-2087'),
(377, 192, 'Juliet G. Panes', 'Aldrtz Corp.', 'Assistant Procuremen', 'Previous Manager', '0949-878-6142'),
(378, 192, 'John Paul Margate', 'DPWH - Bacolod City', 'Accountant', 'Acctg. Professor', '0920-241-1235'),
(379, 193, 'Lyan M. Mante', 'San Nicolas Food Corp', 'Acctg Supervisor', 'Friend', '0933-346-8367'),
(380, 193, 'Shiela Villarosa', 'Vallacar Transit Inc.', 'Mktg. Supervisor', 'Former Workmate', '0917-656-4956'),
(381, 193, 'Clemen Mugar', 'Sanford Mktg.', 'Accounting Superviso', 'Former Workmate', '0923-102-6321'),
(382, 193, 'Jay-r Flores', 'Safefuel Dist. Inc.', 'Branch Supervisor', 'Former Workmate', '432-7028'),
(383, 194, 'Atty. Mavil V. Majarucon - Sia', 'COMELEC Bacolod', 'Election Officer', '', '0942-487-2399'),
(384, 194, 'Atty. Grace Nudalo', 'Victorias Milling Company', 'Inhouse Counsel', '', '0999-651-3937'),
(385, 194, 'Christine Conta', 'Victorias Milling Company', 'Cash Supervisor', '', '0917-706-4983'),
(386, 195, 'Pedro Vinco, CPA', 'Cost Processing and Accounting Services', 'Manager', 'Previous Manager', '0920-254-2001'),
(387, 195, 'John Rey Lobaton, CPA', 'Lobaton Auditing and Accounting Services', 'Owner', 'Friend', '0948-585-8331'),
(388, 195, 'Maricel Genovate, CPA', 'UNO-R', 'Professor', 'Professor', '0939-655-4020'),
(389, 196, 'Richlyn Defensor', 'BIR', 'Examiner', 'Previous Collegue', '0923-159-8976'),
(390, 196, 'Mylene Tamoy', 'JGM Finance', 'Senior Bookkeeper', 'Previous Collegue', '0943-407-0525'),
(391, 196, 'Helen Bagat', 'ZAFF', 'Owner', 'Employer', '+971 55 495 6637'),
(392, 197, 'Engr. Jessica Balde', 'ERC', 'Engr. I', '', '0912-618-0591'),
(393, 197, 'Engr. Jocelyn Ludouice', 'ERC', 'ERO II', '', '0917-659-2450'),
(394, 197, 'Jasmin Albuen', 'ERC', 'ERO I', '', '0923-145-4380'),
(395, 198, 'Lycora Arro', 'TG Investment', 'Comptroller', 'Co-Worker / Head', '0906-364-6590'),
(396, 198, 'Mary Joan Dumaicos', 'Business Inn', 'Front Office', 'Co-Worker', '0912-888-9689'),
(397, 198, 'Raylin Gramzo', 'Dep-Ed Kabankalan', 'Admin Assistant I', 'Friend', '0939-720-2882'),
(398, 199, 'Marielle Gelua', 'WBR Ent. Prod. Corp (Wowowin)', 'HR Associate', 'Co-Employee', '0955-490-09007'),
(399, 199, 'Cecilia B. De Los Santos', 'Freelancer', 'Accountant', 'Friend', '0906-669-7839'),
(400, 199, 'Cathering Ramirez Ramos', 'APT Ent. Inc', 'Acctg. Supervisor', 'Friend', '0917-884-5208'),
(401, 200, 'Maria Florencia Sinay', 'Self-Employed', 'Dentist', 'Church Friend ', '0927 208 7875'),
(402, 200, 'Chris Anne Macaluyos', 'CLMMRH', 'Department Head', 'Church Friend', '0977 206 7554'),
(403, 200, 'Jose Marcus Bedrio', 'CSA-B', 'Faculty ', 'Church Friend', '0939 598 5459'),
(404, 201, 'Jennieveve Engamen', 'Kooll Company', 'Maintenance Head', 'Co-Worker', '0949 319 3315'),
(405, 201, 'Ryan  Rufon', 'Distilleria Bago, Inc.', 'Water Treatment Proc', 'Co-Worker', '0949 505 4534'),
(406, 201, 'Randy Evangelista', 'Kooll Company', 'PCO Officer', 'Co-Worker', '0966 785 6358'),
(407, 201, 'Rey Licong', 'Coca-Cola FEMSA Phils', 'HR Specialist', 'Co-Worker', '0917 804 5675'),
(408, 202, 'Ronald Peter Basa', 'Dunnganon Bank, Inc.', 'ATM Supervisor', 'Friend', '0998 548 8843'),
(409, 202, 'Sharlyn Aremio', 'Dunnganon Bank, Inc.', 'Bank Cashier', 'Friend', '0908 548 3365'),
(410, 202, 'Cybill Alteran', 'Dunnganon Bank, Inc.', 'Credit Officer', 'Friend', '0949 994 7998'),
(411, 202, 'Joan Himlay ', 'Dunnganon Bank, Inc.', 'Bookkeeper', 'Friend', '0922 090 6615'),
(412, 203, 'Mary Jane Delotavo', 'Sea Oil', 'Station Head', 'Friend', '0910 309 0693'),
(413, 203, 'Josephine Duronio', 'DELO-Arts', 'Manager', 'Work Mate', '0926 006 2275'),
(414, 203, 'Eurika Pedrajs', 'Davao Manpower', 'HR', 'Workmate', '0955 302 0380'),
(415, 204, 'Mary Cris Durano', 'VMC', 'Section Head', 'Immediate Head', ''),
(416, 204, 'Glenda Coronel', 'MRSGI', 'Credit Head', 'Immediate Head', ''),
(417, 204, 'Milagros Almago', 'Bank Ways', 'Bank Manager', 'Immediate Head', ''),
(418, 204, 'Arthur Pangan', 'Ford Cebu', 'HR Head', 'HR Head', '');

-- --------------------------------------------------------

--
-- Table structure for table `children`
--

CREATE TABLE IF NOT EXISTS `children` (
`children_id` int(11) NOT NULL,
  `personal_id` int(11) NOT NULL,
  `child_name` varchar(50) DEFAULT NULL,
  `child_bday` varchar(50) DEFAULT NULL
) ENGINE=InnoDB AUTO_INCREMENT=156 DEFAULT CHARSET=latin1;

--
-- Dumping data for table `children`
--

INSERT INTO `children` (`children_id`, `personal_id`, `child_name`, `child_bday`) VALUES
(1, 4, 'Christian Alevio', '2003-03-31'),
(2, 4, 'Gian Carlo Alevio', '2007-02-24'),
(3, 4, 'Princess Alevio', '2011-06-23'),
(4, 5, 'Romeo S. Jamelo IV', '2000-01-23'),
(5, 5, 'Romar S. Jamelo', '2001-03-12'),
(6, 7, 'None', ''),
(7, 9, 'Sariah Red S. Labanon', '2010-06-11'),
(8, 10, 'None', ''),
(9, 37, 'Faith Nicole T. Lovico', '2013-09-13'),
(10, 38, 'Regine M. Madeja', '1993-06-04'),
(11, 40, 'John Angellico G. Ambos', '2000-06-16'),
(12, 40, 'Sanno Ni?o G. Ambos', '2003-01-30'),
(13, 40, 'Josh Santino G. Ambos', '2007-10-24'),
(14, 41, 'Ian Maglinte', '2011-11-07'),
(15, 42, 'Jade Alexis Manilla', '2003-06-28'),
(16, 42, 'Ahron Jaye Manilla', '2004-08-14'),
(17, 42, 'Alexan Benedict Manilla', '2007-04-18'),
(18, 44, 'Rich Fluerd M. Ambong', '2007-08-07'),
(19, 45, 'Ralphcynl V. Mondejar', '2007-11-03'),
(20, 45, 'Trelia Mae V. Mondejar', '2012-09-25'),
(21, 47, 'John Reymund B. Montero', '2008-02-02'),
(22, 47, 'Frizel Mae B. Montero', '2010-08-23'),
(23, 49, 'Carl Andrew M. Ortega', '2008-03-09'),
(24, 49, 'Kevin Andrew M. Ortega', '2009-11-26'),
(25, 50, 'Krisheil Angulo', '1989-12-22'),
(26, 50, 'Marianne Erika Angulo', '1990-12-30'),
(27, 50, 'Adrianne Louis Angulo', '2003-09-23'),
(28, 51, 'Arana, Francis, Ba?acia ', '1999-01-08'),
(29, 51, 'Arana, Matthew June, Ba?acia', '2001-06-12'),
(30, 53, 'Johna Mae Panes', '1992-08-29'),
(31, 53, 'Jhokian Mark Panes', '2004-08-03'),
(32, 53, 'Jennyvive Panes', '2000-08-27'),
(33, 48, 'None', ''),
(34, 56, 'Ryle Abellar Parcon', '2004-07-17'),
(35, 58, 'Axel E. Purisima', '2000-08-26'),
(36, 58, 'Christian E. Puisima', '1997-07-17'),
(37, 58, 'Cherry Cloi Stephanie Purisima', '1996-04-01'),
(38, 61, 'John Jacob A. Purisima', '2014-05-26'),
(39, 61, 'John Joash A. Purisima', '2012-10-22'),
(40, 64, 'Veronica Joyce Cababat', '2008-08-13'),
(41, 64, 'Lovely Jean Cababat', '2013-03-24'),
(42, 67, 'Jacklord Dagupan', '1990-06-09'),
(43, 67, 'Juarlyn Dagupan', '1984-06-20'),
(44, 67, 'Joel Dagupan', '1972-11-30'),
(45, 70, 'None', ''),
(46, 73, 'Pet Alexys S. Tagarda', '2005-09-17'),
(47, 73, 'John Monjohray', '2007-04-16'),
(48, 74, 'Prince Zedric Tandoy', '1996-03-17'),
(49, 74, 'Prince Adrian Tandoy', '1997-10-29'),
(50, 75, 'Luis Eian Fernandez', '2009-12-12'),
(51, 75, 'Luis iel Fernandez', '2007-01-08'),
(52, 76, 'Iris John Sixto', '1995-05-23'),
(53, 77, 'Jassell Raica Sabit', '2004-04-17'),
(54, 78, 'None', ''),
(55, 79, 'Allysa Irian Torres', '2006-07-11'),
(56, 79, 'Arianne Isabelle Torres', '2008-09-18'),
(57, 80, 'Brian Demerse Urnopia', '1994-08-27'),
(58, 81, 'Paolo R. Fortuno', '2000-04-10'),
(59, 81, 'Faye R. Fortuno ', '2005-07-20'),
(60, 82, 'None', ''),
(61, 85, 'Joshua Vincent Benares', '2008-09-15'),
(62, 85, 'Jasmine Tiffany Benares', '2010-06-04'),
(63, 85, 'Julia Dominique Benares', '2017-04-19'),
(64, 86, 'Rexel H. De La Cruz', '2010-08-18'),
(65, 87, 'Joemel C. Calibjo', '1991-09-26'),
(66, 87, 'John Paul C. Calibjo', '1995-01-12'),
(67, 88, 'Rhea Joy Carbaquil', '2007-06-15'),
(68, 90, 'Reinne Francis O. Danoy', '2008-05-05'),
(69, 90, 'Keith Emmanuel O. Danoy', '2010-02-12'),
(70, 91, 'Merry Frances D. Dato', '2004-01-07'),
(71, 94, 'Justin Raphael P. Espera', '2013-06-28'),
(72, 94, 'Jeza Raphaella P. Espera', '1999-08-15'),
(73, 94, 'Jeremiah Dominique P. Espera', '1995-11-24'),
(74, 95, 'Lance Matthew Gabales', '2010-08-24'),
(75, 95, 'Ella Sophia Gabales', '2016-06-09'),
(76, 96, 'Nikko A. Gallo', '1991-10-11'),
(77, 96, 'Noel A. Gallo', '2001-07-11'),
(78, 96, 'Nicholas A. Gallo', '2008-08-30'),
(79, 98, 'Even Jade Jamero', '2005-03-29'),
(80, 99, 'Halo Romeo Joa Roa', '2015-11-01'),
(81, 100, 'Shandrea Iba?ez', '2013-06-02'),
(82, 104, 'Ralph Dominic M. Lacambra', '2005-03-25'),
(83, 104, 'Rafael Gerard M. Lacambra', '2007-08-23'),
(84, 111, 'Anna Mae Rocha', '2003-10-10'),
(85, 111, 'Aiza Jane Rocha', '2005-08-16'),
(86, 111, 'Arjay Rocha', '2007-07-02'),
(87, 111, 'Melvin Rocha', '2011-09-30'),
(88, 123, 'Junrhydyne G. Villas', '2007-06-30'),
(89, 124, 'Kent R. Villas', '2007-12-29'),
(90, 124, 'Kyle R. VIllas', '2010-10-06'),
(91, 132, 'Sebastian Jose B. Medina', '2013-11-22'),
(92, 132, 'Luis Manuel B. Medina', '2007-12-07'),
(93, 132, 'Lorenzo Miguel B. Medina', '2012-11-15'),
(94, 136, 'N/A', ''),
(95, 139, 'Jhay Dee Diane Mahinay Casacop', ''),
(96, 139, 'Jana Paula  Mahinay  Casacop', ''),
(97, 141, 'Philip Andrie P. Globert', '2015-10-15'),
(98, 143, 'Angel Anne Jardiniano', ''),
(99, 145, 'Jan Henric Argawanon', '1999-11-09'),
(100, 145, 'Alessa Bridget Argawanon', '2005-06-19'),
(101, 146, 'Ginalyn Bolarde ', '1982-09-16'),
(102, 146, 'Khimo Bolarde', '1983-11-01'),
(103, 147, 'N/A', ''),
(104, 148, 'N/A', ''),
(105, 149, 'Anthony Sia', '1984-01-15'),
(106, 149, 'Rodney Sia', '1985-03-14'),
(107, 150, 'n/a', ''),
(108, 151, 'n/a', ''),
(109, 152, 'n/a', ''),
(110, 154, 'Jeoff Brienne Gaudite', '2010-01-11'),
(111, 154, 'Sonjuia Peatrette Gaudite', '2017-03-07'),
(112, 155, 'Diego Santino B. Leonardia', '2006-05-27'),
(113, 155, 'Emma Clarissa B. Leonardia', '2008-02-16'),
(114, 167, 'N/A', ''),
(115, 168, 'N/A', ''),
(116, 169, 'Davis Hollis Z. Ricarse', '2017-12-02'),
(117, 170, 'N/A', ''),
(118, 172, 'N/A', ''),
(119, 173, 'N/A', ''),
(120, 174, 'N/A', ''),
(121, 175, 'n/a', ''),
(122, 177, 'Kristine Jane Pangilinan', '2007-05-12'),
(123, 178, 'N/A', ''),
(124, 179, 'n/a', ''),
(125, 180, 'Wheylaine Sethraye Tamano', '2013-04-13'),
(126, 180, 'Wheylianne Sefferia', '2018-09-06'),
(127, 181, 'Sebastian Jose Medina', '2003-11-22'),
(128, 181, 'Luis Manuel Medina', '2017-12-07'),
(129, 181, 'Lorenzo Miguel Medina', '2012-11-15'),
(130, 183, 'KENNETH JOHN L. TORRIJOS', ''),
(131, 183, 'KARL L. TORRIJOS', ''),
(132, 184, 'n/A', ''),
(133, 185, 'RISHAN MARGARET A. FRANCISCO', '2010-09-11'),
(134, 59, 'OLIVER BADRINA BAWAR', '2001-02-03'),
(135, 59, 'OWEN JAMES BADRINA BAWAR', '2005-07-08'),
(136, 59, 'CHARLES JUSTINE BARINA BAWAR', '2010-02-10'),
(137, 62, 'IRISH JEAH REYIL . BEATO', '2014-06-18'),
(138, 187, 'N/A', ''),
(139, 188, 'N/A', ''),
(140, 189, 'Tiffany Salavante', '2017-12-31'),
(141, 190, 'N/A', ''),
(142, 191, 'N/A', ''),
(143, 192, 'N/A', ''),
(144, 193, 'N/A', ''),
(145, 194, 'N/A', ''),
(146, 195, 'N/A', ''),
(147, 196, 'N/A', ''),
(148, 197, 'N/A', ''),
(149, 198, 'Gian Francis Providencia', '2005-04-03'),
(150, 199, 'Trishianelle I. Labang', '2007-08-05'),
(151, 199, 'Kate Whiney I. Labang', '2018-10-06'),
(152, 201, 'N/A', ''),
(153, 202, 'N/A', ''),
(154, 203, 'N/A', ''),
(155, 204, 'Scott Evo Wynn E. Horario', '2013-04-04');

-- --------------------------------------------------------

--
-- Table structure for table `cities`
--

CREATE TABLE IF NOT EXISTS `cities` (
`id` int(11) unsigned NOT NULL,
  `name` varchar(300) CHARACTER SET utf8 COLLATE utf8_unicode_ci NOT NULL,
  `province_id` int(11) unsigned NOT NULL
) ENGINE=InnoDB AUTO_INCREMENT=1637 DEFAULT CHARSET=latin1;

--
-- Dumping data for table `cities`
--

INSERT INTO `cities` (`id`, `name`, `province_id`) VALUES
(1, 'Bangued', 1),
(2, 'Boliney', 1),
(3, 'Bucay', 1),
(4, 'Bucloc', 1),
(5, 'Daguioman', 1),
(6, 'Danglas', 1),
(7, 'Dolores', 1),
(8, 'La Paz', 1),
(9, 'Lacub', 1),
(10, 'Lagangilang', 1),
(11, 'Lagayan', 1),
(12, 'Langiden', 1),
(13, 'Licuan-Baay', 1),
(14, 'Luba', 1),
(15, 'Malibcong', 1),
(16, 'Manabo', 1),
(17, 'Penarrubia', 1),
(18, 'Pidigan', 1),
(19, 'Pilar', 1),
(20, 'Sallapadan', 1),
(21, 'San Isidro', 1),
(22, 'San Juan', 1),
(23, 'San Quintin', 1),
(24, 'Tayum', 1),
(25, 'Tineg', 1),
(26, 'Tubo', 1),
(27, 'Villaviciosa', 1),
(28, 'Butuan City', 2),
(29, 'Buenavista', 2),
(30, 'Cabadbaran', 2),
(31, 'Carmen', 2),
(32, 'Jabonga', 2),
(33, 'Kitcharao', 2),
(34, 'Las Nieves', 2),
(35, 'Magallanes', 2),
(36, 'Nasipit', 2),
(37, 'Remedios T. Romualdez', 2),
(38, 'Santiago', 2),
(39, 'Tubay', 2),
(40, 'Bayugan', 3),
(41, 'Bunawan', 3),
(42, 'Esperanza', 3),
(43, 'La Paz', 3),
(44, 'Loreto', 3),
(45, 'Prosperidad', 3),
(46, 'Rosario', 3),
(47, 'San Francisco', 3),
(48, 'San Luis', 3),
(49, 'Santa Josefa', 3),
(50, 'Sibagat', 3),
(51, 'Talacogon', 3),
(52, 'Trento', 3),
(53, 'Veruela', 3),
(54, 'Altavas', 4),
(55, 'Balete', 4),
(56, 'Banga', 4),
(57, 'Batan', 4),
(58, 'Buruanga', 4),
(59, 'Ibajay', 4),
(60, 'Kalibo', 4),
(61, 'Lezo', 4),
(62, 'Libacao', 4),
(63, 'Madalag', 4),
(64, 'Makato', 4),
(65, 'Malay', 4),
(66, 'Malinao', 4),
(67, 'Nabas', 4),
(68, 'New Washington', 4),
(69, 'Numancia', 4),
(70, 'Tangalan', 4),
(71, 'Legazpi City', 5),
(72, 'Ligao City', 5),
(73, 'Tabaco City', 5),
(74, 'Bacacay', 5),
(75, 'Camalig', 5),
(76, 'Daraga', 5),
(77, 'Guinobatan', 5),
(78, 'Jovellar', 5),
(79, 'Libon', 5),
(80, 'Malilipot', 5),
(81, 'Malinao', 5),
(82, 'Manito', 5),
(83, 'Oas', 5),
(84, 'Pio Duran', 5),
(85, 'Polangui', 5),
(86, 'Rapu-Rapu', 5),
(87, 'Santo Domingo', 5),
(88, 'Tiwi', 5),
(89, 'Anini-y', 6),
(90, 'Barbaza', 6),
(91, 'Belison', 6),
(92, 'Bugasong', 6),
(93, 'Caluya', 6),
(94, 'Culasi', 6),
(95, 'Hamtic', 6),
(96, 'Laua-an', 6),
(97, 'Libertad', 6),
(98, 'Pandan', 6),
(99, 'Patnongon', 6),
(100, 'San Jose', 6),
(101, 'San Remigio', 6),
(102, 'Sebaste', 6),
(103, 'Sibalom', 6),
(104, 'Tibiao', 6),
(105, 'Tobias Fornier', 6),
(106, 'Valderrama', 6),
(107, 'Calanasan', 7),
(108, 'Conner', 7),
(109, 'Flora', 7),
(110, 'Kabugao', 7),
(111, 'Luna', 7),
(112, 'Pudtol', 7),
(113, 'Santa Marcela', 7),
(114, 'Baler', 8),
(115, 'Casiguran', 8),
(116, 'Dilasag', 8),
(117, 'Dinalungan', 8),
(118, 'Dingalan', 8),
(119, 'Dipaculao', 8),
(120, 'Maria Aurora', 8),
(121, 'San Luis', 8),
(122, 'Isabela City', 9),
(123, 'Akbar', 9),
(124, 'Al-Barka', 9),
(125, 'Hadji Mohammad Ajul', 9),
(126, 'Hadji Muhtamad', 9),
(127, 'Lamitan', 9),
(128, 'Lantawan', 9),
(129, 'Maluso', 9),
(130, 'Sumisip', 9),
(131, 'Tabuan-Lasa', 9),
(132, 'Tipo-Tipo', 9),
(133, 'Tuburan', 9),
(134, 'Ungkaya Pukan', 9),
(135, 'Balanga City', 10),
(136, 'Abucay', 10),
(137, 'Bagac', 10),
(138, 'Dinalupihan', 10),
(139, 'Hermosa', 10),
(140, 'Limay', 10),
(141, 'Mariveles', 10),
(142, 'Morong', 10),
(143, 'Orani', 10),
(144, 'Orion', 10),
(145, 'Pilar', 10),
(146, 'Samal', 10),
(147, 'Basco', 11),
(148, 'Itbayat', 11),
(149, 'Ivana', 11),
(150, 'Mahatao', 11),
(151, 'Sabtang', 11),
(152, 'Uyugan', 11),
(153, 'Batangas City', 12),
(154, 'Lipa City', 12),
(155, 'Tanauan City', 12),
(156, 'Agoncillo', 12),
(157, 'Alitagtag', 12),
(158, 'Balayan', 12),
(159, 'Balete', 12),
(160, 'Bauan', 12),
(161, 'Calaca', 12),
(162, 'Calatagan', 12),
(163, 'Cuenca', 12),
(164, 'Ibaan', 12),
(165, 'Laurel', 12),
(166, 'Lemery', 12),
(167, 'Lian', 12),
(168, 'Lobo', 12),
(169, 'Mabini', 12),
(170, 'Malvar', 12),
(171, 'Mataas na Kahoy', 12),
(172, 'Nasugbu', 12),
(173, 'Padre Garcia', 12),
(174, 'Rosario', 12),
(175, 'San Jose', 12),
(176, 'San Juan', 12),
(177, 'San Luis', 12),
(178, 'San Nicolas', 12),
(179, 'San Pascual', 12),
(180, 'Santa Teresita', 12),
(181, 'Santo Tomas', 12),
(182, 'Taal', 12),
(183, 'Talisay', 12),
(184, 'Taysan', 12),
(185, 'Tingloy', 12),
(186, 'Tuy', 12),
(187, 'Baguio City', 13),
(188, 'Atok', 13),
(189, 'Bakun', 13),
(190, 'Bokod', 13),
(191, 'Buguias', 13),
(192, 'Itogon', 13),
(193, 'Kabayan', 13),
(194, 'Kapangan', 13),
(195, 'Kibungan', 13),
(196, 'La Trinidad', 13),
(197, 'Mankayan', 13),
(198, 'Sablan', 13),
(199, 'Tuba', 13),
(200, 'Tublay', 13),
(201, 'Almeria', 14),
(202, 'Biliran', 14),
(203, 'Cabucgayan', 14),
(204, 'Caibiran', 14),
(205, 'Culaba', 14),
(206, 'Kawayan', 14),
(207, 'Maripipi', 14),
(208, 'Naval', 14),
(209, 'Tagbilaran City', 15),
(210, 'Alburquerque', 15),
(211, 'Alicia', 15),
(212, 'Anda', 15),
(213, 'Antequera', 15),
(214, 'Baclayon', 15),
(215, 'Balilihan', 15),
(216, 'Batuan', 15),
(217, 'Bien Unido', 15),
(218, 'Bilar', 15),
(219, 'Buenavista', 15),
(220, 'Calape', 15),
(221, 'Candijay', 15),
(222, 'Carmen', 15),
(223, 'Catigbian', 15),
(224, 'Clarin', 15),
(225, 'Corella', 15),
(226, 'Cortes', 15),
(227, 'Dagohoy', 15),
(228, 'Danao', 15),
(229, 'Dauis', 15),
(230, 'Dimiao', 15),
(231, 'Duero', 15),
(232, 'Garcia Hernandez', 15),
(233, 'Getafe', 15),
(234, 'Guindulman', 15),
(235, 'Inabanga', 15),
(236, 'Jagna', 15),
(237, 'Lila', 15),
(238, 'Loay', 15),
(239, 'Loboc', 15),
(240, 'Loon', 15),
(241, 'Mabini', 15),
(242, 'Maribojoc', 15),
(243, 'Panglao', 15),
(244, 'Pilar', 15),
(245, 'President Carlos P. Garcia', 15),
(246, 'Sagbayan', 15),
(247, 'San Isidro', 15),
(248, 'San Miguel', 15),
(249, 'Sevilla', 15),
(250, 'Sierra Bullones', 15),
(251, 'Sikatuna', 15),
(252, 'Talibon', 15),
(253, 'Trinidad', 15),
(254, 'Tubigon', 15),
(255, 'Ubay', 15),
(256, 'Valencia', 15),
(257, 'Malaybalay City', 16),
(258, 'Valencia City', 16),
(259, 'Baungon', 16),
(260, 'Cabanglasan', 16),
(261, 'Damulog', 16),
(262, 'Dangcagan', 16),
(263, 'Don Carlos', 16),
(264, 'Impasug-ong', 16),
(265, 'Kadingilan', 16),
(266, 'Kalilangan', 16),
(267, 'Kibawe', 16),
(268, 'Kitaotao', 16),
(269, 'Lantapan', 16),
(270, 'Libona', 16),
(271, 'Malitbog', 16),
(272, 'Manolo Fortich', 16),
(273, 'Maramag', 16),
(274, 'Pangantucan', 16),
(275, 'Quezon', 16),
(276, 'San Fernando', 16),
(277, 'Sumilao', 16),
(278, 'Talakag', 16),
(279, 'Malolos City', 17),
(280, 'Meycauayan City', 17),
(281, 'San Jose del Monte City', 17),
(282, 'Angat', 17),
(283, 'Balagtas', 17),
(284, 'Baliuag', 17),
(285, 'Bocaue', 17),
(286, 'Bulacan', 17),
(287, 'Bustos', 17),
(288, 'Calumpit', 17),
(289, 'Do?a Remedios Trinidad', 17),
(290, 'Guiguinto', 17),
(291, 'Hagonoy', 17),
(292, 'Marilao', 17),
(293, 'Norzagaray', 17),
(294, 'Obando', 17),
(295, 'Pandi', 17),
(296, 'Paombong', 17),
(297, 'Plaridel', 17),
(298, 'Pulilan', 17),
(299, 'San Ildefonso', 17),
(300, 'San Miguel', 17),
(301, 'San Rafael', 17),
(302, 'Santa Maria', 17),
(303, 'Tuguegarao City', 18),
(304, 'Abulug', 18),
(305, 'Alcala', 18),
(306, 'Allacapan', 18),
(307, 'Amulung', 18),
(308, 'Aparri', 18),
(309, 'Baggao', 18),
(310, 'Ballesteros', 18),
(311, 'Buguey', 18),
(312, 'Calayan', 18),
(313, 'Camalaniugan', 18),
(314, 'Claveria', 18),
(315, 'Enrile', 18),
(316, 'Gattaran', 18),
(317, 'Gonzaga', 18),
(318, 'Iguig', 18),
(319, 'Lal-lo', 18),
(320, 'Lasam', 18),
(321, 'Pamplona', 18),
(322, 'Penablanca', 18),
(323, 'Piat', 18),
(324, 'Rizal', 18),
(325, 'Sanchez-Mira', 18),
(326, 'Santa Ana', 18),
(327, 'Santa Praxedes', 18),
(328, 'Santa Teresita', 18),
(329, 'Santo Ni', 18),
(330, 'Solana', 18),
(331, 'Tuao', 18),
(332, 'Basud', 19),
(333, 'Capalonga', 19),
(334, 'Daet', 19),
(335, 'Jose Panganiban', 19),
(336, 'Labo', 19),
(337, 'Mercedes', 19),
(338, 'Paracale', 19),
(339, 'San Lorenzo Ruiz', 19),
(340, 'San Vicente', 19),
(341, 'Santa Elena', 19),
(342, 'Talisay', 19),
(343, 'Vinzons', 19),
(344, 'Iriga City', 20),
(345, 'Naga City', 20),
(346, 'Baao', 20),
(347, 'Balatan', 20),
(348, 'Bato', 20),
(349, 'Bombon', 20),
(350, 'Buhi', 20),
(351, 'Bula', 20),
(352, 'Cabusao', 20),
(353, 'Calabanga', 20),
(354, 'Camaligan', 20),
(355, 'Canaman', 20),
(356, 'Caramoan', 20),
(357, 'Del Gallego', 20),
(358, 'Gainza', 20),
(359, 'Garchitorena', 20),
(360, 'Goa', 20),
(361, 'Lagonoy', 20),
(362, 'Libmanan', 20),
(363, 'Lupi', 20),
(364, 'Magarao', 20),
(365, 'Milaor', 20),
(366, 'Minalabac', 20),
(367, 'Nabua', 20),
(368, 'Ocampo', 20),
(369, 'Pamplona', 20),
(370, 'Pasacao', 20),
(371, 'Pili', 20),
(372, 'Presentacion', 20),
(373, 'Ragay', 20),
(374, 'Sag', 20),
(375, 'San Fernando', 20),
(376, 'San Jose', 20),
(377, 'Sipocot', 20),
(378, 'Siruma', 20),
(379, 'Tigaon', 20),
(380, 'Tinambac', 20),
(381, 'Catarman', 21),
(382, 'Guinsiliban', 21),
(383, 'Mahinog', 21),
(384, 'Mambajao', 21),
(385, 'Sagay', 21),
(386, 'Roxas City', 22),
(387, 'Cuartero', 22),
(388, 'Dao', 22),
(389, 'Dumalag', 22),
(390, 'Dumarao', 22),
(391, 'Ivisan', 22),
(392, 'Jamindan', 22),
(393, 'Ma-ayon', 22),
(394, 'Mambusao', 22),
(395, 'Panay', 22),
(396, 'Panitan', 22),
(397, 'Pilar', 22),
(398, 'Pontevedra', 22),
(399, 'President Roxas', 22),
(400, 'Sapi-an', 22),
(401, 'Sigma', 22),
(402, 'Tapaz', 22),
(403, 'Bagamanoc', 23),
(404, 'Baras', 23),
(405, 'Bato', 23),
(406, 'Caramoran', 23),
(407, 'Gigmoto', 23),
(408, 'Pandan', 23),
(409, 'Panganiban', 23),
(410, 'San Andres', 23),
(411, 'San Miguel', 23),
(412, 'Viga', 23),
(413, 'Virac', 23),
(414, 'Cavite City', 24),
(415, 'Dasmari?as City', 24),
(416, 'Tagaytay City', 24),
(417, 'Trece Martires City', 24),
(418, 'Alfonso', 24),
(419, 'Amadeo', 24),
(420, 'Bacoor', 24),
(421, 'Carmona', 24),
(422, 'General Mariano Alvarez', 24),
(423, 'General Emilio Aguinaldo', 24),
(424, 'General Trias', 24),
(425, 'Imus', 24),
(426, 'Indang', 24),
(427, 'Kawit', 24),
(428, 'Magallanes', 24),
(429, 'Maragondon', 24),
(430, 'Mendez', 24),
(431, 'Naic', 24),
(432, 'Noveleta', 24),
(433, 'Rosario', 24),
(434, 'Silang', 24),
(435, 'Tanza', 24),
(436, 'Ternate', 24),
(437, 'Bogo City', 25),
(438, 'Cebu City', 25),
(439, 'Carcar City', 25),
(440, 'Danao City', 25),
(441, 'Lapu-Lapu City', 25),
(442, 'Mandaue City', 25),
(443, 'Naga City', 25),
(444, 'Talisay City', 25),
(445, 'Toledo City', 25),
(446, 'Alcantara', 25),
(447, 'Alcoy', 25),
(448, 'Alegria', 25),
(449, 'Aloguinsan', 25),
(450, 'Argao', 25),
(451, 'Asturias', 25),
(452, 'Badian', 25),
(453, 'Balamban', 25),
(454, 'Bantayan', 25),
(455, 'Barili', 25),
(456, 'Boljoon', 25),
(457, 'Borbon', 25),
(458, 'Carmen', 25),
(459, 'Catmon', 25),
(460, 'Compostela', 25),
(461, 'Consolacion', 25),
(462, 'Cordoba', 25),
(463, 'Daanbantayan', 25),
(464, 'Dalaguete', 25),
(465, 'Dumanjug', 25),
(466, 'Ginatilan', 25),
(467, 'Liloan', 25),
(468, 'Madridejos', 25),
(469, 'Malabuyoc', 25),
(470, 'Medellin', 25),
(471, 'Minglanilla', 25),
(472, 'Moalboal', 25),
(473, 'Oslob', 25),
(474, 'Pilar', 25),
(475, 'Pinamungahan', 25),
(476, 'Poro', 25),
(477, 'Ronda', 25),
(478, 'Samboan', 25),
(479, 'San Fernando', 25),
(480, 'San Francisco', 25),
(481, 'San Remigio', 25),
(482, 'Santa Fe', 25),
(483, 'Santander', 25),
(484, 'Sibonga', 25),
(485, 'Sogod', 25),
(486, 'Tabogon', 25),
(487, 'Tabuelan', 25),
(488, 'Tuburan', 25),
(489, 'Tudela', 25),
(490, 'Compostela', 26),
(491, 'Laak', 26),
(492, 'Mabini', 26),
(493, 'Maco', 26),
(494, 'Maragusan', 26),
(495, 'Mawab', 26),
(496, 'Monkayo', 26),
(497, 'Montevista', 26),
(498, 'Nabunturan', 26),
(499, 'New Bataan', 26),
(500, 'Pantukan', 26),
(501, 'Kidapawan City', 27),
(502, 'Alamada', 27),
(503, 'Aleosan', 27),
(504, 'Antipas', 27),
(505, 'Arakan', 27),
(506, 'Banisilan', 27),
(507, 'Carmen', 27),
(508, 'Kabacan', 27),
(509, 'Libungan', 27),
(510, 'M''lang', 27),
(511, 'Magpet', 27),
(512, 'Makilala', 27),
(513, 'Matalam', 27),
(514, 'Midsayap', 27),
(515, 'Pigkawayan', 27),
(516, 'Pikit', 27),
(517, 'President Roxas', 27),
(518, 'Tulunan', 27),
(519, 'Panabo City', 28),
(520, 'Island Garden City of Samal', 28),
(521, 'Tagum City', 28),
(522, 'Asuncion', 28),
(523, 'Braulio E. Dujali', 28),
(524, 'Carmen', 28),
(525, 'Kapalong', 28),
(526, 'New Corella', 28),
(527, 'San Isidro', 28),
(528, 'Santo Tomas', 28),
(529, 'Talaingod', 28),
(530, 'Davao City', 29),
(531, 'Digos City', 29),
(532, 'Bansalan', 29),
(533, 'Don Marcelino', 29),
(534, 'Hagonoy', 29),
(535, 'Jose Abad Santos', 29),
(536, 'Kiblawan', 29),
(537, 'Magsaysay', 29),
(538, 'Malalag', 29),
(539, 'Malita', 29),
(540, 'Matanao', 29),
(541, 'Padada', 29),
(542, 'Santa Cruz', 29),
(543, 'Santa Maria', 29),
(544, 'Sarangani', 29),
(545, 'Sulop', 29),
(546, 'Mati City', 30),
(547, 'Baganga', 30),
(548, 'Banaybanay', 30),
(549, 'Boston', 30),
(550, 'Caraga', 30),
(551, 'Cateel', 30),
(552, 'Governor Generoso', 30),
(553, 'Lupon', 30),
(554, 'Manay', 30),
(555, 'San Isidro', 30),
(556, 'Tarragona', 30),
(557, 'Arteche', 31),
(558, 'Balangiga', 31),
(559, 'Balangkayan', 31),
(560, 'Borongan', 31),
(561, 'Can-avid', 31),
(562, 'Dolores', 31),
(563, 'General MacArthur', 31),
(564, 'Giporlos', 31),
(565, 'Guiuan', 31),
(566, 'Hernani', 31),
(567, 'Jipapad', 31),
(568, 'Lawaan', 31),
(569, 'Llorente', 31),
(570, 'Maslog', 31),
(571, 'Maydolong', 31),
(572, 'Mercedes', 31),
(573, 'Oras', 31),
(574, 'Quinapondan', 31),
(575, 'Salcedo', 31),
(576, 'San Julian', 31),
(577, 'San Policarpo', 31),
(578, 'Sulat', 31),
(579, 'Taft', 31),
(580, 'Buenavista', 32),
(581, 'Jordan', 32),
(582, 'Nueva Valencia', 32),
(583, 'San Lorenzo', 32),
(584, 'Sibunag', 32),
(585, 'Aguinaldo', 33),
(586, 'Alfonso Lista', 33),
(587, 'Asipulo', 33),
(588, 'Banaue', 33),
(589, 'Hingyon', 33),
(590, 'Hungduan', 33),
(591, 'Kiangan', 33),
(592, 'Lagawe', 33),
(593, 'Lamut', 33),
(594, 'Mayoyao', 33),
(595, 'Tinoc', 33),
(596, 'Batac City', 34),
(597, 'Laoag City', 34),
(598, 'Adams', 34),
(599, 'Bacarra', 34),
(600, 'Badoc', 34),
(601, 'Bangui', 34),
(602, 'Banna', 34),
(603, 'Burgos', 34),
(604, 'Carasi', 34),
(605, 'Currimao', 34),
(606, 'Dingras', 34),
(607, 'Dumalneg', 34),
(608, 'Marcos', 34),
(609, 'Nueva Era', 34),
(610, 'Pagudpud', 34),
(611, 'Paoay', 34),
(612, 'Pasuquin', 34),
(613, 'Piddig', 34),
(614, 'Pinili', 34),
(615, 'San Nicolas', 34),
(616, 'Sarrat', 34),
(617, 'Solsona', 34),
(618, 'Vintar', 34),
(619, 'Candon City', 35),
(620, 'Vigan City', 35),
(621, 'Alilem', 35),
(622, 'Banayoyo', 35),
(623, 'Bantay', 35),
(624, 'Burgos', 35),
(625, 'Cabugao', 35),
(626, 'Caoayan', 35),
(627, 'Cervantes', 35),
(628, 'Galimuyod', 35),
(629, 'Gregorio Del Pilar', 35),
(630, 'Lidlidda', 35),
(631, 'Magsingal', 35),
(632, 'Nagbukel', 35),
(633, 'Narvacan', 35),
(634, 'Quirino', 35),
(635, 'Salcedo', 35),
(636, 'San Emilio', 35),
(637, 'San Esteban', 35),
(638, 'San Ildefonso', 35),
(639, 'San Juan', 35),
(640, 'San Vicente', 35),
(641, 'Santa', 35),
(642, 'Santa Catalina', 35),
(643, 'Santa Cruz', 35),
(644, 'Santa Lucia', 35),
(645, 'Santa Maria', 35),
(646, 'Santiago', 35),
(647, 'Santo Domingo', 35),
(648, 'Sigay', 35),
(649, 'Sinait', 35),
(650, 'Sugpon', 35),
(651, 'Suyo', 35),
(652, 'Tagudin', 35),
(653, 'Iloilo City', 36),
(654, 'Passi City', 36),
(655, 'Ajuy', 36),
(656, 'Alimodian', 36),
(657, 'Anilao', 36),
(658, 'Badiangan', 36),
(659, 'Balasan', 36),
(660, 'Banate', 36),
(661, 'Barotac Nuevo', 36),
(662, 'Barotac Viejo', 36),
(663, 'Batad', 36),
(664, 'Bingawan', 36),
(665, 'Cabatuan', 36),
(666, 'Calinog', 36),
(667, 'Carles', 36),
(668, 'Concepcion', 36),
(669, 'Dingle', 36),
(670, 'Due', 36),
(671, 'Dumangas', 36),
(672, 'Estancia', 36),
(673, 'Guimbal', 36),
(674, 'Igbaras', 36),
(675, 'Janiuay', 36),
(676, 'Lambunao', 36),
(677, 'Leganes', 36),
(678, 'Lemery', 36),
(679, 'Leon', 36),
(680, 'Maasin', 36),
(681, 'Miagao', 36),
(682, 'Mina', 36),
(683, 'New Lucena', 36),
(684, 'Oton', 36),
(685, 'Pavia', 36),
(686, 'Pototan', 36),
(687, 'San Dionisio', 36),
(688, 'San Enrique', 36),
(689, 'San Joaquin', 36),
(690, 'San Miguel', 36),
(691, 'San Rafael', 36),
(692, 'Santa Barbara', 36),
(693, 'Sara', 36),
(694, 'Tigbauan', 36),
(695, 'Tubungan', 36),
(696, 'Zarraga', 36),
(697, 'Cauayan City', 37),
(698, 'Santiago City', 37),
(699, 'Alicia', 37),
(700, 'Angadanan', 37),
(701, 'Aurora', 37),
(702, 'Benito Soliven', 37),
(703, 'Burgos', 37),
(704, 'Cabagan', 37),
(705, 'Cabatuan', 37),
(706, 'Cordon', 37),
(707, 'Delfin Albano', 37),
(708, 'Dinapigue', 37),
(709, 'Divilacan', 37),
(710, 'Echague', 37),
(711, 'Gamu', 37),
(712, 'Ilagan', 37),
(713, 'Jones', 37),
(714, 'Luna', 37),
(715, 'Maconacon', 37),
(716, 'Mallig', 37),
(717, 'Naguilian', 37),
(718, 'Palanan', 37),
(719, 'Quezon', 37),
(720, 'Quirino', 37),
(721, 'Ramon', 37),
(722, 'Reina Mercedes', 37),
(723, 'Roxas', 37),
(724, 'San Agustin', 37),
(725, 'San Guillermo', 37),
(726, 'San Isidro', 37),
(727, 'San Manuel', 37),
(728, 'San Mariano', 37),
(729, 'San Mateo', 37),
(730, 'San Pablo', 37),
(731, 'Santa Maria', 37),
(732, 'Santo Tomas', 37),
(733, 'Tumauini', 37),
(734, 'Tabuk', 38),
(735, 'Balbalan', 38),
(736, 'Lubuagan', 38),
(737, 'Pasil', 38),
(738, 'Pinukpuk', 38),
(739, 'Rizal', 38),
(740, 'Tanudan', 38),
(741, 'Tinglayan', 38),
(742, 'San Fernando City', 39),
(743, 'Agoo', 39),
(744, 'Aringay', 39),
(745, 'Bacnotan', 39),
(746, 'Bagulin', 39),
(747, 'Balaoan', 39),
(748, 'Bangar', 39),
(749, 'Bauang', 39),
(750, 'Burgos', 39),
(751, 'Caba', 39),
(752, 'Luna', 39),
(753, 'Naguilian', 39),
(754, 'Pugo', 39),
(755, 'Rosario', 39),
(756, 'San Gabriel', 39),
(757, 'San Juan', 39),
(758, 'Santo Tomas', 39),
(759, 'Santol', 39),
(760, 'Sudipen', 39),
(761, 'Tubao', 39),
(762, 'Bi?an City', 40),
(763, 'Calamba City', 40),
(764, 'San Pablo City', 40),
(765, 'Santa Rosa City', 40),
(766, 'Alaminos', 40),
(767, 'Bay', 40),
(768, 'Cabuyao', 40),
(769, 'Calauan', 40),
(770, 'Cavinti', 40),
(771, 'Famy', 40),
(772, 'Kalayaan', 40),
(773, 'Liliw', 40),
(774, 'Los Ba', 40),
(775, 'Luisiana', 40),
(776, 'Lumban', 40),
(777, 'Mabitac', 40),
(778, 'Magdalena', 40),
(779, 'Majayjay', 40),
(780, 'Nagcarlan', 40),
(781, 'Paete', 40),
(782, 'Pagsanjan', 40),
(783, 'Pakil', 40),
(784, 'Pangil', 40),
(785, 'Pila', 40),
(786, 'Rizal', 40),
(787, 'San Pedro', 40),
(788, 'Santa Cruz', 40),
(789, 'Santa Maria', 40),
(790, 'Siniloan', 40),
(791, 'Victoria', 40),
(792, 'Iligan City', 41),
(793, 'Bacolod', 41),
(794, 'Baloi', 41),
(795, 'Baroy', 41),
(796, 'Kapatagan', 41),
(797, 'Kauswagan', 41),
(798, 'Kolambugan', 41),
(799, 'Lala', 41),
(800, 'Linamon', 41),
(801, 'Magsaysay', 41),
(802, 'Maigo', 41),
(803, 'Matungao', 41),
(804, 'Munai', 41),
(805, 'Nunungan', 41),
(806, 'Pantao Ragat', 41),
(807, 'Pantar', 41),
(808, 'Poona Piagapo', 41),
(809, 'Salvador', 41),
(810, 'Sapad', 41),
(811, 'Sultan Naga Dimaporo', 41),
(812, 'Tagoloan', 41),
(813, 'Tangcal', 41),
(814, 'Tubod', 41),
(815, 'Marawi City', 42),
(816, 'Bacolod-Kalawi', 42),
(817, 'Balabagan', 42),
(818, 'Balindong', 42),
(819, 'Bayang', 42),
(820, 'Binidayan', 42),
(821, 'Buadiposo-Buntong', 42),
(822, 'Bubong', 42),
(823, 'Bumbaran', 42),
(824, 'Butig', 42),
(825, 'Calanogas', 42),
(826, 'Ditsaan-Ramain', 42),
(827, 'Ganassi', 42),
(828, 'Kapai', 42),
(829, 'Kapatagan', 42),
(830, 'Lumba-Bayabao', 42),
(831, 'Lumbaca-Unayan', 42),
(832, 'Lumbatan', 42),
(833, 'Lumbayanague', 42),
(834, 'Madalum', 42),
(835, 'Madamba', 42),
(836, 'Maguing', 42),
(837, 'Malabang', 42),
(838, 'Marantao', 42),
(839, 'Marogong', 42),
(840, 'Masiu', 42),
(841, 'Mulondo', 42),
(842, 'Pagayawan', 42),
(843, 'Piagapo', 42),
(844, 'Poona Bayabao', 42),
(845, 'Pualas', 42),
(846, 'Saguiaran', 42),
(847, 'Sultan Dumalondong', 42),
(848, 'Picong', 42),
(849, 'Tagoloan II', 42),
(850, 'Tamparan', 42),
(851, 'Taraka', 42),
(852, 'Tubaran', 42),
(853, 'Tugaya', 42),
(854, 'Wao', 42),
(855, 'Ormoc City', 43),
(856, 'Tacloban City', 43),
(857, 'Abuyog', 43),
(858, 'Alangalang', 43),
(859, 'Albuera', 43),
(860, 'Babatngon', 43),
(861, 'Barugo', 43),
(862, 'Bato', 43),
(863, 'Baybay', 43),
(864, 'Burauen', 43),
(865, 'Calubian', 43),
(866, 'Capoocan', 43),
(867, 'Carigara', 43),
(868, 'Dagami', 43),
(869, 'Dulag', 43),
(870, 'Hilongos', 43),
(871, 'Hindang', 43),
(872, 'Inopacan', 43),
(873, 'Isabel', 43),
(874, 'Jaro', 43),
(875, 'Javier', 43),
(876, 'Julita', 43),
(877, 'Kananga', 43),
(878, 'La Paz', 43),
(879, 'Leyte', 43),
(880, 'Liloan', 43),
(881, 'MacArthur', 43),
(882, 'Mahaplag', 43),
(883, 'Matag-ob', 43),
(884, 'Matalom', 43),
(885, 'Mayorga', 43),
(886, 'Merida', 43),
(887, 'Palo', 43),
(888, 'Palompon', 43),
(889, 'Pastrana', 43),
(890, 'San Isidro', 43),
(891, 'San Miguel', 43),
(892, 'Santa Fe', 43),
(893, 'Sogod', 43),
(894, 'Tabango', 43),
(895, 'Tabontabon', 43),
(896, 'Tanauan', 43),
(897, 'Tolosa', 43),
(898, 'Tunga', 43),
(899, 'Villaba', 43),
(900, 'Cotabato City', 44),
(901, 'Ampatuan', 44),
(902, 'Barira', 44),
(903, 'Buldon', 44),
(904, 'Buluan', 44),
(905, 'Datu Abdullah Sangki', 44),
(906, 'Datu Anggal Midtimbang', 44),
(907, 'Datu Blah T. Sinsuat', 44),
(908, 'Datu Hoffer Ampatuan', 44),
(909, 'Datu Montawal', 44),
(910, 'Datu Odin Sinsuat', 44),
(911, 'Datu Paglas', 44),
(912, 'Datu Piang', 44),
(913, 'Datu Salibo', 44),
(914, 'Datu Saudi-Ampatuan', 44),
(915, 'Datu Unsay', 44),
(916, 'General Salipada K. Pendatun', 44),
(917, 'Guindulungan', 44),
(918, 'Kabuntalan', 44),
(919, 'Mamasapano', 44),
(920, 'Mangudadatu', 44),
(921, 'Matanog', 44),
(922, 'Northern Kabuntalan', 44),
(923, 'Pagalungan', 44),
(924, 'Paglat', 44),
(925, 'Pandag', 44),
(926, 'Parang', 44),
(927, 'Rajah Buayan', 44),
(928, 'Shariff Aguak', 44),
(929, 'Shariff Saydona Mustapha', 44),
(930, 'South Upi', 44),
(931, 'Sultan Kudarat', 44),
(932, 'Sultan Mastura', 44),
(933, 'Sultan sa Barongis', 44),
(934, 'Talayan', 44),
(935, 'Talitay', 44),
(936, 'Upi', 44),
(937, 'Boac', 45),
(938, 'Buenavista', 45),
(939, 'Gasan', 45),
(940, 'Mogpog', 45),
(941, 'Santa Cruz', 45),
(942, 'Torrijos', 45),
(943, 'Masbate City', 46),
(944, 'Aroroy', 46),
(945, 'Baleno', 46),
(946, 'Balud', 46),
(947, 'Batuan', 46),
(948, 'Cataingan', 46),
(949, 'Cawayan', 46),
(950, 'Claveria', 46),
(951, 'Dimasalang', 46),
(952, 'Esperanza', 46),
(953, 'Mandaon', 46),
(954, 'Milagros', 46),
(955, 'Mobo', 46),
(956, 'Monreal', 46),
(957, 'Palanas', 46),
(958, 'Pio V. Corpuz', 46),
(959, 'Placer', 46),
(960, 'San Fernando', 46),
(961, 'San Jacinto', 46),
(962, 'San Pascual', 46),
(963, 'Uson', 46),
(964, 'Caloocan', 47),
(965, 'Las Pi', 47),
(966, 'Makati', 47),
(967, 'Malabon', 47),
(968, 'Mandaluyong', 47),
(969, 'Manila', 47),
(970, 'Marikina', 47),
(971, 'Muntinlupa', 47),
(972, 'Navotas', 47),
(973, 'Para?aque', 47),
(974, 'Pasay', 47),
(975, 'Pasig', 47),
(976, 'Quezon City', 47),
(977, 'San Juan City', 47),
(978, 'Taguig', 47),
(979, 'Valenzuela City', 47),
(980, 'Pateros', 47),
(981, 'Oroquieta City', 48),
(982, 'Ozamiz City', 48),
(983, 'Tangub City', 48),
(984, 'Aloran', 48),
(985, 'Baliangao', 48),
(986, 'Bonifacio', 48),
(987, 'Calamba', 48),
(988, 'Clarin', 48),
(989, 'Concepcion', 48),
(990, 'Don Victoriano Chiongbian', 48),
(991, 'Jimenez', 48),
(992, 'Lopez Jaena', 48),
(993, 'Panaon', 48),
(994, 'Plaridel', 48),
(995, 'Sapang Dalaga', 48),
(996, 'Sinacaban', 48),
(997, 'Tudela', 48),
(998, 'Cagayan de Oro', 49),
(999, 'Gingoog City', 49),
(1000, 'Alubijid', 49),
(1001, 'Balingasag', 49),
(1002, 'Balingoan', 49),
(1003, 'Binuangan', 49),
(1004, 'Claveria', 49),
(1005, 'El Salvador', 49),
(1006, 'Gitagum', 49),
(1007, 'Initao', 49),
(1008, 'Jasaan', 49),
(1009, 'Kinoguitan', 49),
(1010, 'Lagonglong', 49),
(1011, 'Laguindingan', 49),
(1012, 'Libertad', 49),
(1013, 'Lugait', 49),
(1014, 'Magsaysay', 49),
(1015, 'Manticao', 49),
(1016, 'Medina', 49),
(1017, 'Naawan', 49),
(1018, 'Opol', 49),
(1019, 'Salay', 49),
(1020, 'Sugbongcogon', 49),
(1021, 'Tagoloan', 49),
(1022, 'Talisayan', 49),
(1023, 'Villanueva', 49),
(1024, 'Barlig', 50),
(1025, 'Bauko', 50),
(1026, 'Besao', 50),
(1027, 'Bontoc', 50),
(1028, 'Natonin', 50),
(1029, 'Paracelis', 50),
(1030, 'Sabangan', 50),
(1031, 'Sadanga', 50),
(1032, 'Sagada', 50),
(1033, 'Tadian', 50),
(1034, 'Bacolod City', 51),
(1035, 'Bago City', 51),
(1036, 'Cadiz City', 51),
(1037, 'Escalante City', 51),
(1038, 'Himamaylan City', 51),
(1039, 'Kabankalan City', 51),
(1040, 'La Carlota City', 51),
(1041, 'Sagay City', 51),
(1042, 'San Carlos City', 51),
(1043, 'Silay City', 51),
(1044, 'Sipalay City', 51),
(1045, 'Talisay City', 51),
(1046, 'Victorias City', 51),
(1047, 'Binalbagan', 51),
(1048, 'Calatrava', 51),
(1049, 'Candoni', 51),
(1050, 'Cauayan', 51),
(1051, 'Enrique B. Magalona', 51),
(1052, 'Hinigaran', 51),
(1053, 'Hinoba-an', 51),
(1054, 'Ilog', 51),
(1055, 'Isabela', 51),
(1056, 'La Castellana', 51),
(1057, 'Manapla', 51),
(1058, 'Moises Padilla', 51),
(1059, 'Murcia', 51),
(1060, 'Pontevedra', 51),
(1061, 'Pulupandan', 51),
(1062, 'Salvador Benedicto', 51),
(1063, 'San Enrique', 51),
(1064, 'Toboso', 51),
(1065, 'Valladolid', 51),
(1066, 'Bais City', 52),
(1067, 'Bayawan City', 52),
(1068, 'Canlaon City', 52),
(1069, 'Guihulngan City', 52),
(1070, 'Dumaguete City', 52),
(1071, 'Tanjay City', 52),
(1072, 'Amlan', 52),
(1073, 'Ayungon', 52),
(1074, 'Bacong', 52),
(1075, 'Basay', 52),
(1076, 'Bindoy', 52),
(1077, 'Dauin', 52),
(1078, 'Jimalalud', 52),
(1079, 'La Libertad', 52),
(1080, 'Mabinay', 52),
(1081, 'Manjuyod', 52),
(1082, 'Pamplona', 52),
(1083, 'San Jose', 52),
(1084, 'Santa Catalina', 52),
(1085, 'Siaton', 52),
(1086, 'Sibulan', 52),
(1087, 'Tayasan', 52),
(1088, 'Valencia', 52),
(1089, 'Vallehermoso', 52),
(1090, 'Zamboanguita', 52),
(1091, 'Allen', 53),
(1092, 'Biri', 53),
(1093, 'Bobon', 53),
(1094, 'Capul', 53),
(1095, 'Catarman', 53),
(1096, 'Catubig', 53),
(1097, 'Gamay', 53),
(1098, 'Laoang', 53),
(1099, 'Lapinig', 53),
(1100, 'Las Navas', 53),
(1101, 'Lavezares', 53),
(1102, 'Lope de Vega', 53),
(1103, 'Mapanas', 53),
(1104, 'Mondragon', 53),
(1105, 'Palapag', 53),
(1106, 'Pambujan', 53),
(1107, 'Rosario', 53),
(1108, 'San Antonio', 53),
(1109, 'San Isidro', 53),
(1110, 'San Jose', 53),
(1111, 'San Roque', 53),
(1112, 'San Vicente', 53),
(1113, 'Silvino Lobos', 53),
(1114, 'Victoria', 53),
(1115, 'Cabanatuan City', 54),
(1116, 'Gapan City', 54),
(1117, 'Science City of Mu', 54),
(1118, 'Palayan City', 54),
(1119, 'San Jose City', 54),
(1120, 'Aliaga', 54),
(1121, 'Bongabon', 54),
(1122, 'Cabiao', 54),
(1123, 'Carranglan', 54),
(1124, 'Cuyapo', 54),
(1125, 'Gabaldon', 54),
(1126, 'General Mamerto Natividad', 54),
(1127, 'General Tinio', 54),
(1128, 'Guimba', 54),
(1129, 'Jaen', 54),
(1130, 'Laur', 54),
(1131, 'Licab', 54),
(1132, 'Llanera', 54),
(1133, 'Lupao', 54),
(1134, 'Nampicuan', 54),
(1135, 'Pantabangan', 54),
(1136, 'Penaranda', 54),
(1137, 'Quezon', 54),
(1138, 'Rizal', 54),
(1139, 'San Antonio', 54),
(1140, 'San Isidro', 54),
(1141, 'San Leonardo', 54),
(1142, 'Santa Rosa', 54),
(1143, 'Santo Domingo', 54),
(1144, 'Talavera', 54),
(1145, 'Talugtug', 54),
(1146, 'Zaragoza', 54),
(1147, 'Alfonso Castaneda', 55),
(1148, 'Ambaguio', 55),
(1149, 'Aritao', 55),
(1150, 'Bagabag', 55),
(1151, 'Bambang', 55),
(1152, 'Bayombong', 55),
(1153, 'Diadi', 55),
(1154, 'Dupax del Norte', 55),
(1155, 'Dupax del Sur', 55),
(1156, 'Kasibu', 55),
(1157, 'Kayapa', 55),
(1158, 'Quezon', 55),
(1159, 'Santa Fe', 55),
(1160, 'Solano', 55),
(1161, 'Villaverde', 55),
(1162, 'Abra de Ilog', 56),
(1163, 'Calintaan', 56),
(1164, 'Looc', 56),
(1165, 'Lubang', 56),
(1166, 'Magsaysay', 56),
(1167, 'Mamburao', 56),
(1168, 'Paluan', 56),
(1169, 'Rizal', 56),
(1170, 'Sablayan', 56),
(1171, 'San Jose', 56),
(1172, 'Santa Cruz', 56),
(1173, 'Calapan City', 57),
(1174, 'Baco', 57),
(1175, 'Bansud', 57),
(1176, 'Bongabong', 57),
(1177, 'Bulalacao', 57),
(1178, 'Gloria', 57),
(1179, 'Mansalay', 57),
(1180, 'Naujan', 57),
(1181, 'Pinamalayan', 57),
(1182, 'Pola', 57),
(1183, 'Puerto Galera', 57),
(1184, 'Roxas', 57),
(1185, 'San Teodoro', 57),
(1186, 'Socorro', 57),
(1187, 'Victoria', 57),
(1188, 'Puerto Princesa City', 58),
(1189, 'Aborlan', 58),
(1190, 'Agutaya', 58),
(1191, 'Araceli', 58),
(1192, 'Balabac', 58),
(1193, 'Bataraza', 58),
(1194, 'Brooke''s Point', 58),
(1195, 'Busuanga', 58),
(1196, 'Cagayancillo', 58),
(1197, 'Coron', 58),
(1198, 'Culion', 58),
(1199, 'Cuyo', 58),
(1200, 'Dumaran', 58),
(1201, 'El Nido', 58),
(1202, 'Kalayaan', 58),
(1203, 'Linapacan', 58),
(1204, 'Magsaysay', 58),
(1205, 'Narra', 58),
(1206, 'Quezon', 58),
(1207, 'Rizal', 58),
(1208, 'Roxas', 58),
(1209, 'San Vicente', 58),
(1210, 'Sofronio Espa?ola', 58),
(1211, 'Taytay', 58),
(1212, 'Angeles City', 59),
(1213, 'City of San Fernando', 59),
(1214, 'Apalit', 59),
(1215, 'Arayat', 59),
(1216, 'Bacolor', 59),
(1217, 'Candaba', 59),
(1218, 'Floridablanca', 59),
(1219, 'Guagua', 59),
(1220, 'Lubao', 59),
(1221, 'Mabalacat', 59),
(1222, 'Macabebe', 59),
(1223, 'Magalang', 59),
(1224, 'Masantol', 59),
(1225, 'Mexico', 59),
(1226, 'Minalin', 59),
(1227, 'Porac', 59),
(1228, 'San Luis', 59),
(1229, 'San Simon', 59),
(1230, 'Santa Ana', 59),
(1231, 'Santa Rita', 59),
(1232, 'Santo Tomas', 59),
(1233, 'Sasmuan', 59),
(1234, 'Alaminos City', 60),
(1235, 'Dagupan City', 60),
(1236, 'San Carlos City', 60),
(1237, 'Urdaneta City', 60),
(1238, 'Agno', 60),
(1239, 'Aguilar', 60),
(1240, 'Alcala', 60),
(1241, 'Anda', 60),
(1242, 'Asingan', 60),
(1243, 'Balungao', 60),
(1244, 'Bani', 60),
(1245, 'Basista', 60),
(1246, 'Bautista', 60),
(1247, 'Bayambang', 60),
(1248, 'Binalonan', 60),
(1249, 'Binmaley', 60),
(1250, 'Bolinao', 60),
(1251, 'Bugallon', 60),
(1252, 'Burgos', 60),
(1253, 'Calasiao', 60),
(1254, 'Dasol', 60),
(1255, 'Infanta', 60),
(1256, 'Labrador', 60),
(1257, 'Laoac', 60),
(1258, 'Lingayen', 60),
(1259, 'Mabini', 60),
(1260, 'Malasiqui', 60),
(1261, 'Manaoag', 60),
(1262, 'Mangaldan', 60),
(1263, 'Mangatarem', 60),
(1264, 'Mapandan', 60),
(1265, 'Natividad', 60),
(1266, 'Pozzorubio', 60),
(1267, 'Rosales', 60),
(1268, 'San Fabian', 60),
(1269, 'San Jacinto', 60),
(1270, 'San Manuel', 60),
(1271, 'San Nicolas', 60),
(1272, 'San Quintin', 60),
(1273, 'Santa Barbara', 60),
(1274, 'Santa Maria', 60),
(1275, 'Santo Tomas', 60),
(1276, 'Sison', 60),
(1277, 'Sual', 60),
(1278, 'Tayug', 60),
(1279, 'Umingan', 60),
(1280, 'Urbiztondo', 60),
(1281, 'Villasis', 60),
(1282, 'Lucena City', 61),
(1283, 'Tayabas City', 61),
(1284, 'Agdangan', 61),
(1285, 'Alabat', 61),
(1286, 'Atimonan', 61),
(1287, 'Buenavista', 61),
(1288, 'Burdeos', 61),
(1289, 'Calauag', 61),
(1290, 'Candelaria', 61),
(1291, 'Catanauan', 61),
(1292, 'Dolores', 61),
(1293, 'General Luna', 61),
(1294, 'General Nakar', 61),
(1295, 'Guinayangan', 61),
(1296, 'Gumaca', 61),
(1297, 'Infanta', 61),
(1298, 'Jomalig', 61),
(1299, 'Lopez', 61),
(1300, 'Lucban', 61),
(1301, 'Macalelon', 61),
(1302, 'Mauban', 61),
(1303, 'Mulanay', 61),
(1304, 'Padre Burgos', 61),
(1305, 'Pagbilao', 61),
(1306, 'Panukulan', 61),
(1307, 'Patnanungan', 61),
(1308, 'Perez', 61),
(1309, 'Pitogo', 61),
(1310, 'Plaridel', 61),
(1311, 'Polillo', 61),
(1312, 'Quezon', 61),
(1313, 'Real', 61),
(1314, 'Sampaloc', 61),
(1315, 'San Andres', 61),
(1316, 'San Antonio', 61),
(1317, 'San Francisco', 61),
(1318, 'San Narciso', 61),
(1319, 'Sariaya', 61),
(1320, 'Tagkawayan', 61),
(1321, 'Tiaong', 61),
(1322, 'Unisan', 61),
(1323, 'Aglipay', 62),
(1324, 'Cabarroguis', 62),
(1325, 'Diffun', 62),
(1326, 'Maddela', 62),
(1327, 'Nagtipunan', 62),
(1328, 'Saguday', 62),
(1329, 'Antipolo City', 63),
(1330, 'Angono', 63),
(1331, 'Baras', 63),
(1332, 'Binangonan', 63),
(1333, 'Cainta', 63),
(1334, 'Cardona', 63),
(1335, 'Jalajala', 63),
(1336, 'Morong', 63),
(1337, 'Pililla', 63),
(1338, 'Rodriguez', 63),
(1339, 'San Mateo', 63),
(1340, 'Tanay', 63),
(1341, 'Taytay', 63),
(1342, 'Teresa', 63),
(1343, 'Alcantara', 64),
(1344, 'Banton', 64),
(1345, 'Cajidiocan', 64),
(1346, 'Calatrava', 64),
(1347, 'Concepcion', 64),
(1348, 'Corcuera', 64),
(1349, 'Ferrol', 64),
(1350, 'Looc', 64),
(1351, 'Magdiwang', 64),
(1352, 'Odiongan', 64),
(1353, 'Romblon', 64),
(1354, 'San Agustin', 64),
(1355, 'San Andres', 64),
(1356, 'San Fernando', 64),
(1357, 'San Jose', 64),
(1358, 'Santa Fe', 64),
(1359, 'Santa Maria', 64),
(1360, 'Calbayog City', 65),
(1361, 'Catbalogan City', 65),
(1362, 'Almagro', 65),
(1363, 'Basey', 65),
(1364, 'Calbiga', 65),
(1365, 'Daram', 65),
(1366, 'Gandara', 65),
(1367, 'Hinabangan', 65),
(1368, 'Jiabong', 65),
(1369, 'Marabut', 65),
(1370, 'Matuguinao', 65),
(1371, 'Motiong', 65),
(1372, 'Pagsanghan', 65),
(1373, 'Paranas', 65),
(1374, 'Pinabacdao', 65),
(1375, 'San Jorge', 65),
(1376, 'San Jose De Buan', 65),
(1377, 'San Sebastian', 65),
(1378, 'Santa Margarita', 65),
(1379, 'Santa Rita', 65),
(1380, 'Santo Ni', 65),
(1381, 'Tagapul-an', 65),
(1382, 'Talalora', 65),
(1383, 'Tarangnan', 65),
(1384, 'Villareal', 65),
(1385, 'Zumarraga', 65),
(1386, 'Alabel', 66),
(1387, 'Glan', 66),
(1388, 'Kiamba', 66),
(1389, 'Maasim', 66),
(1390, 'Maitum', 66),
(1391, 'Malapatan', 66),
(1392, 'Malungon', 66),
(1393, 'Enrique Villanueva', 67),
(1394, 'Larena', 67),
(1395, 'Lazi', 67),
(1396, 'Maria', 67),
(1397, 'San Juan', 67),
(1398, 'Siquijor', 67),
(1399, 'Sorsogon City', 68),
(1400, 'Barcelona', 68),
(1401, 'Bulan', 68),
(1402, 'Bulusan', 68),
(1403, 'Casiguran', 68),
(1404, 'Castilla', 68),
(1405, 'Donsol', 68),
(1406, 'Gubat', 68),
(1407, 'Irosin', 68),
(1408, 'Juban', 68),
(1409, 'Magallanes', 68),
(1410, 'Matnog', 68),
(1411, 'Pilar', 68),
(1412, 'Prieto Diaz', 68),
(1413, 'Santa Magdalena', 68),
(1414, 'General Santos City', 69),
(1415, 'Koronadal City', 69),
(1416, 'Banga', 69),
(1417, 'Lake Sebu', 69),
(1418, 'Norala', 69),
(1419, 'Polomolok', 69),
(1420, 'Santo Ni', 69),
(1421, 'Surallah', 69),
(1422, 'T''boli', 69),
(1423, 'Tampakan', 69),
(1424, 'Tantangan', 69),
(1425, 'Tupi', 69),
(1426, 'Maasin City', 70),
(1427, 'Anahawan', 70),
(1428, 'Bontoc', 70),
(1429, 'Hinunangan', 70),
(1430, 'Hinundayan', 70),
(1431, 'Libagon', 70),
(1432, 'Liloan', 70),
(1433, 'Limasawa', 70),
(1434, 'Macrohon', 70),
(1435, 'Malitbog', 70),
(1436, 'Padre Burgos', 70),
(1437, 'Pintuyan', 70),
(1438, 'Saint Bernard', 70),
(1439, 'San Francisco', 70),
(1440, 'San Juan', 70),
(1441, 'San Ricardo', 70),
(1442, 'Silago', 70),
(1443, 'Sogod', 70),
(1444, 'Tomas Oppus', 70),
(1445, 'Tacurong City', 71),
(1446, 'Bagumbayan', 71),
(1447, 'Columbio', 71),
(1448, 'Esperanza', 71),
(1449, 'Isulan', 71),
(1450, 'Kalamansig', 71),
(1451, 'Lambayong', 71),
(1452, 'Lebak', 71),
(1453, 'Lutayan', 71),
(1454, 'Palimbang', 71),
(1455, 'President Quirino', 71),
(1456, 'Senator Ninoy Aquino', 71),
(1457, 'Banguingui', 72),
(1458, 'Hadji Panglima Tahil', 72),
(1459, 'Indanan', 72),
(1460, 'Jolo', 72),
(1461, 'Kalingalan Caluang', 72),
(1462, 'Lugus', 72),
(1463, 'Luuk', 72),
(1464, 'Maimbung', 72),
(1465, 'Old Panamao', 72),
(1466, 'Omar', 72),
(1467, 'Pandami', 72),
(1468, 'Panglima Estino', 72),
(1469, 'Pangutaran', 72),
(1470, 'Parang', 72),
(1471, 'Pata', 72),
(1472, 'Patikul', 72),
(1473, 'Siasi', 72),
(1474, 'Talipao', 72),
(1475, 'Tapul', 72),
(1476, 'Surigao City', 73),
(1477, 'Alegria', 73),
(1478, 'Bacuag', 73),
(1479, 'Basilisa', 73),
(1480, 'Burgos', 73),
(1481, 'Cagdianao', 73),
(1482, 'Claver', 73),
(1483, 'Dapa', 73),
(1484, 'Del Carmen', 73),
(1485, 'Dinagat', 73),
(1486, 'General Luna', 73),
(1487, 'Gigaquit', 73),
(1488, 'Libjo', 73),
(1489, 'Loreto', 73),
(1490, 'Mainit', 73),
(1491, 'Malimono', 73),
(1492, 'Pilar', 73),
(1493, 'Placer', 73),
(1494, 'San Benito', 73),
(1495, 'San Francisco', 73),
(1496, 'San Isidro', 73),
(1497, 'San Jose', 73),
(1498, 'Santa Monica', 73),
(1499, 'Sison', 73),
(1500, 'Socorro', 73),
(1501, 'Tagana-an', 73),
(1502, 'Tubajon', 73),
(1503, 'Tubod', 73),
(1504, 'Bislig City', 74),
(1505, 'Tandag City', 74),
(1506, 'Barobo', 74),
(1507, 'Bayabas', 74),
(1508, 'Cagwait', 74),
(1509, 'Cantilan', 74),
(1510, 'Carmen', 74),
(1511, 'Carrascal', 74),
(1512, 'Cortes', 74),
(1513, 'Hinatuan', 74),
(1514, 'Lanuza', 74),
(1515, 'Lianga', 74),
(1516, 'Lingig', 74),
(1517, 'Madrid', 74),
(1518, 'Marihatag', 74),
(1519, 'San Agustin', 74),
(1520, 'San Miguel', 74),
(1521, 'Tagbina', 74),
(1522, 'Tago', 74),
(1523, 'Tarlac City', 75),
(1524, 'Anao', 75),
(1525, 'Bamban', 75),
(1526, 'Camiling', 75),
(1527, 'Capas', 75),
(1528, 'Concepcion', 75),
(1529, 'Gerona', 75),
(1530, 'La Paz', 75),
(1531, 'Mayantoc', 75),
(1532, 'Moncada', 75),
(1533, 'Paniqui', 75),
(1534, 'Pura', 75),
(1535, 'Ramos', 75),
(1536, 'San Clemente', 75),
(1537, 'San Jose', 75),
(1538, 'San Manuel', 75),
(1539, 'Santa Ignacia', 75),
(1540, 'Victoria', 75),
(1541, 'Bongao', 76),
(1542, 'Languyan', 76),
(1543, 'Mapun', 76),
(1544, 'Panglima Sugala', 76),
(1545, 'Sapa-Sapa', 76),
(1546, 'Sibutu', 76),
(1547, 'Simunul', 76),
(1548, 'Sitangkai', 76),
(1549, 'South Ubian', 76),
(1550, 'Tandubas', 76),
(1551, 'Turtle Islands', 76),
(1552, 'Olongapo City', 77),
(1553, 'Botolan', 77),
(1554, 'Cabangan', 77),
(1555, 'Candelaria', 77),
(1556, 'Castillejos', 77),
(1557, 'Iba', 77),
(1558, 'Masinloc', 77),
(1559, 'Palauig', 77),
(1560, 'San Antonio', 77),
(1561, 'San Felipe', 77),
(1562, 'San Marcelino', 77),
(1563, 'San Narciso', 77),
(1564, 'Santa Cruz', 77),
(1565, 'Subic', 77),
(1566, 'Dapitan City', 78),
(1567, 'Dipolog City', 78),
(1568, 'Bacungan', 78),
(1569, 'Baliguian', 78),
(1570, 'Godod', 78),
(1571, 'Gutalac', 78),
(1572, 'Jose Dalman', 78),
(1573, 'Kalawit', 78),
(1574, 'Katipunan', 78),
(1575, 'La Libertad', 78),
(1576, 'Labason', 78),
(1577, 'Liloy', 78),
(1578, 'Manukan', 78),
(1579, 'Mutia', 78),
(1580, 'Pi', 78),
(1581, 'Polanco', 78),
(1582, 'President Manuel A. Roxas', 78),
(1583, 'Rizal', 78),
(1584, 'Salug', 78),
(1585, 'Sergio Osme?a Sr.', 78),
(1586, 'Siayan', 78),
(1587, 'Sibuco', 78),
(1588, 'Sibutad', 78),
(1589, 'Sindangan', 78),
(1590, 'Siocon', 78),
(1591, 'Sirawai', 78),
(1592, 'Tampilisan', 78),
(1593, 'Pagadian City', 79),
(1594, 'Zamboanga City', 79),
(1595, 'Aurora', 79),
(1596, 'Bayog', 79),
(1597, 'Dimataling', 79),
(1598, 'Dinas', 79),
(1599, 'Dumalinao', 79),
(1600, 'Dumingag', 79),
(1601, 'Guipos', 79),
(1602, 'Josefina', 79),
(1603, 'Kumalarang', 79),
(1604, 'Labangan', 79),
(1605, 'Lakewood', 79),
(1606, 'Lapuyan', 79),
(1607, 'Mahayag', 79),
(1608, 'Margosatubig', 79),
(1609, 'Midsalip', 79),
(1610, 'Molave', 79),
(1611, 'Pitogo', 79),
(1612, 'Ramon Magsaysay', 79),
(1613, 'San Miguel', 79),
(1614, 'San Pablo', 79),
(1615, 'Sominot', 79),
(1616, 'Tabina', 79),
(1617, 'Tambulig', 79),
(1618, 'Tigbao', 79),
(1619, 'Tukuran', 79),
(1620, 'Vincenzo A. Sagun', 79),
(1621, 'Alicia', 80),
(1622, 'Buug', 80),
(1623, 'Diplahan', 80),
(1624, 'Imelda', 80),
(1625, 'Ipil', 80),
(1626, 'Kabasalan', 80),
(1627, 'Mabuhay', 80),
(1628, 'Malangas', 80),
(1629, 'Naga', 80),
(1630, 'Olutanga', 80),
(1631, 'Payao', 80),
(1632, 'Roseller Lim', 80),
(1633, 'Siay', 80),
(1634, 'Talusan', 80),
(1635, 'Titay', 80),
(1636, 'Tungawan', 80);

-- --------------------------------------------------------

--
-- Table structure for table `daily_monitoring`
--

CREATE TABLE IF NOT EXISTS `daily_monitoring` (
`daily_id` int(11) NOT NULL,
  `personal_id` int(11) NOT NULL,
  `date_encoded` varchar(20) DEFAULT NULL,
  `time_encoded` varchar(20) DEFAULT NULL,
  `temperature` varchar(20) DEFAULT NULL,
  `cough` int(11) NOT NULL,
  `sore_throat` int(11) NOT NULL,
  `body_pain` int(11) NOT NULL,
  `headache` int(11) NOT NULL,
  `rhinorrhea` int(11) NOT NULL,
  `remarks` text
) ENGINE=InnoDB AUTO_INCREMENT=4 DEFAULT CHARSET=latin1;

--
-- Dumping data for table `daily_monitoring`
--

INSERT INTO `daily_monitoring` (`daily_id`, `personal_id`, `date_encoded`, `time_encoded`, `temperature`, `cough`, `sore_throat`, `body_pain`, `headache`, `rhinorrhea`, `remarks`) VALUES
(1, 128, '2020-08-01', '08:32', '36.7', 1, 1, 1, 0, 0, 'Testing Remarks'),
(2, 128, '2020-08-01', '15:40', '37.5', 0, 0, 1, 1, 0, 'MARKET'),
(3, 85, '2020-08-08', '11:08', '37.5', 1, 0, 1, 0, 0, 'sm, ayala, burgos market, 888');

-- --------------------------------------------------------

--
-- Table structure for table `department`
--

CREATE TABLE IF NOT EXISTS `department` (
`dept_id` int(11) NOT NULL,
  `dept_name` varchar(50) DEFAULT NULL,
  `sheet_name` varchar(50) DEFAULT NULL COMMENT 'for excel purposes only - export salary adj'
) ENGINE=InnoDB AUTO_INCREMENT=17 DEFAULT CHARSET=latin1;

--
-- Dumping data for table `department`
--

INSERT INTO `department` (`dept_id`, `dept_name`, `sheet_name`) VALUES
(1, 'Management', 'Management'),
(2, 'Accounting', 'Accounting'),
(3, 'IT', 'IT'),
(4, 'Purchasing', 'Purchasing'),
(5, 'Trading', 'Trading'),
(6, 'HR/Admin', 'HR and Admin'),
(7, 'Engineering / Renewable Energy', 'Engineering'),
(8, 'Finance', 'Finance'),
(9, 'Contracts and Compliance', 'Contracts and Compliance'),
(10, 'Electrical', 'Elec, Inst and Controls'),
(11, 'Machine Shop and Reconditioning', 'Machine Shop and Reconditioning'),
(12, 'Mechanical Maintenance', 'Mechanical Maintenance'),
(13, 'Fuel Management', 'Fuel Management'),
(14, 'Operations', 'Operations'),
(15, 'Warehouse', 'Warehouse'),
(16, 'Special Projects', 'Special Projects');

-- --------------------------------------------------------

--
-- Table structure for table `disciplinary_action`
--

CREATE TABLE IF NOT EXISTS `disciplinary_action` (
`discipline_id` int(11) NOT NULL,
  `personal_id` int(11) NOT NULL DEFAULT '0',
  `offense_date` varchar(20) DEFAULT NULL,
  `offense_type` varchar(50) DEFAULT NULL,
  `offense_no` varchar(100) DEFAULT NULL,
  `offense_desc` text,
  `disp_action` text
) ENGINE=InnoDB DEFAULT CHARSET=latin1;

-- --------------------------------------------------------

--
-- Table structure for table `disciplinary_action_tmp`
--

CREATE TABLE IF NOT EXISTS `disciplinary_action_tmp` (
  `discipline_id` int(11) NOT NULL,
  `personal_id` int(11) NOT NULL DEFAULT '0',
  `offense_date` varchar(20) DEFAULT NULL,
  `offense_type` varchar(50) DEFAULT NULL,
  `offense_no` varchar(100) DEFAULT NULL,
  `offense_desc` text,
  `disp_action` text
) ENGINE=InnoDB DEFAULT CHARSET=latin1;

-- --------------------------------------------------------

--
-- Table structure for table `educational_background`
--

CREATE TABLE IF NOT EXISTS `educational_background` (
`educational_id` int(11) NOT NULL,
  `personal_id` int(11) NOT NULL,
  `college` varchar(50) DEFAULT NULL,
  `course` varchar(50) DEFAULT NULL,
  `ed_from` varchar(50) DEFAULT NULL,
  `ed_to` varchar(50) DEFAULT NULL,
  `date_graduated` varchar(50) DEFAULT NULL,
  `highschool` varchar(50) DEFAULT NULL,
  `h_course` varchar(50) DEFAULT NULL,
  `h_from` varchar(50) DEFAULT NULL,
  `h_to` varchar(50) DEFAULT NULL,
  `h_date_graduated` varchar(50) DEFAULT NULL,
  `elementary` varchar(50) DEFAULT NULL,
  `e_course` varchar(50) DEFAULT NULL,
  `e_from` varchar(50) DEFAULT NULL,
  `e_to` varchar(50) DEFAULT NULL,
  `e_date_graduated` varchar(50) DEFAULT NULL,
  `post_grad` varchar(50) DEFAULT NULL,
  `p_course` varchar(50) DEFAULT NULL,
  `p_from` varchar(50) DEFAULT NULL,
  `p_to` varchar(50) DEFAULT NULL,
  `p_date_graduated` varchar(50) DEFAULT NULL
) ENGINE=InnoDB AUTO_INCREMENT=195 DEFAULT CHARSET=latin1;

--
-- Dumping data for table `educational_background`
--

INSERT INTO `educational_background` (`educational_id`, `personal_id`, `college`, `course`, `ed_from`, `ed_to`, `date_graduated`, `highschool`, `h_course`, `h_from`, `h_to`, `h_date_graduated`, `elementary`, `e_course`, `e_from`, `e_to`, `e_date_graduated`, `post_grad`, `p_course`, `p_from`, `p_to`, `p_date_graduated`) VALUES
(1, 1, 'International Corresponding School', 'Electrical Engineering', '', '', '', 'Domingo Lacson National High School', '', '1981-06', '1986-03', '1986-03', 'Andres Bonifacio Elementary School', '', '1976-06', '1981-03', '1981-03', '', '', '', '', ''),
(2, 2, 'Bacolod City College', 'BS in Industrial Technology Major in Civil Technol', '2001-06', '2005-04', '2005-04', 'Bacolod City National High School', '', '', '', '', 'ETCSI', '', '', '', '', '', '', '', '', ''),
(3, 3, '', '', '', '', '', '', '', '', '', '', '', '', '', '', '', '', '', '', '', ''),
(4, 4, '', '', '', '', '', 'Lanao Norte National High School', '', '', '', '', 'Camp-5 Elementary School', '', '', '', '', '', '', '', '', ''),
(5, 5, '', 'Automotive', '', '', '', 'Our Lady of Purity Academy Neg. Occ', '', '1992-06', '1995-03', '1995-03', 'Nayon Elementary School Negros Occidental', '', '', '', '1992-03', 'Justiniane Motors Institute', '', '', '', ''),
(6, 6, 'University of Negros Occidental - Recoletos', 'BS in Electronics and Communications - Engineering', '', '', '', 'Our Lady of Purity Academy Neg. Occ', '', '', '', '', 'Don Esperidion Presbitero Elementary School', '', '', '', '', '', '', '', '', ''),
(7, 7, '', '', '', '', '', 'Ramon Torres National High School', '', '', '', '', 'Teodoro M. Morad Sr. Elementary School ', '', '', '', '', '', '', '', '', ''),
(8, 8, 'University of St. La Salle - Bacolod City', 'BS in Electronic and Communications Engineering', '', '', '', 'Emiliano L. Lizares National High School', '', '', '', '', 'Azuncion L. Lopes Elementary School I', '', '', '', '', '', '', '', '', ''),
(9, 9, 'Bacolod City College / John B Lacson Foundation', 'BS Information System / Catering, Stewarding NC II', '', '', '', 'Ramon Torres National High School', '', '', '', '', 'Mailum Elementary School Bago City', '', '', '', '', '', '', '', '', ''),
(10, 10, 'Binalbagan Catholic College', 'BS in Financial Management', '2007-06', '2011-03', '2011-03', 'Kabankalan Catholic College', '', '2003-06', '2007-03', '2007-03', 'ERAMS- WEST', '', '1997-06', '2003-03', '2003-03', '', '', '', '', ''),
(11, 11, 'Colegio San Agustin- Bacolod City', 'BS Mechanical Engineering', '2014-06', '2017-03', '2017-03', 'Bacolod Christian College of Negros - Bacolod City', '', '2009-06', '2010-03', '2010-03', 'Bacolod Christian College of Negros - Bacolod City', '', '2000-06', '2006-03', '2006-03', 'TUP-V - Talisay City', 'BSET Automotive Technology', '', '', '2013-06'),
(37, 37, 'C.I.T.E Technical Institute Cebu City', 'Mechanical Technology', '2002-06', '2005-04', '2005-04', 'DAS NAtional High School', '', '1997-06', '2001-03', '2001-03', 'DAS Elementary School', '', '', '', '1997-03', '', '', '', '', ''),
(38, 38, 'Technological Institute of the Philippines', 'BSEE', '1989-06', '1993-03', '1993-03', 'Romblon National High School', 'Secondary', '1981-06', '1986-03', '1986-03', 'Romblon East Elementary School', 'Primary', '1975-06', '1981-03', '1981-03', '', '', '', '', ''),
(40, 40, 'Siliman University - Dumaguete', 'BS in Mechanical Engineer', '', '', '', '', '', '', '', '', '', '', '', '', '', '', '', '', '', ''),
(41, 41, 'Agro College Davao City', 'BSMT', '', '', '', 'City High Davao City', '', '', '', '', 'Magsaysay Elementary Davao City', '', '', '', '', '', '', '', '', ''),
(42, 42, '', '', '', '', '', 'Our Lady of the Pillar Academy', '', '', '', '', 'Don Salvador Benedicto Memorial School, Brgy. Binu', '', '', '', '', '', '', '', '', ''),
(43, 43, 'FEATI University Sta. Cruz Manila/ Bohol School of', 'BS Electrical Engineering/ BS Industrial Electrici', '', '', '', 'Bohol High School - Tagbilaran City', '', '', '', '', 'Manga Elementary School- Tagbilaran City', '', '', '', '', '', '', '', '', ''),
(44, 44, 'University of Negros Occidental - Recoletos', 'BS in Commerce major in Mangement', '', '', '2003-04', 'Negros Occidental HIgh School', '', '', '', '1999-03', 'ML Araneta Elementary School', '', '', '', '1994-03', '', '', '', '', ''),
(45, 45, 'Colegio San Agustin- Bacolod City', 'BS Chemistry', '1996-06', '2003-03', '2003-03', 'Negros Occidental HIgh School', '', '1992-06', '1996-03', '1996-03', 'ETCSI', '', '1987-06', '1992-03', '1992-03', 'NFSP Technical School Alijis Bacolod City', '', '2003-06', '2004-04', '2004-04'),
(46, 46, '', '', '', '', '', '', '', '', '', '', '', '', '', '', '', '', '', '', '', ''),
(47, 47, '', '', '', '', '', 'DonsolNational High School', '', '1991-06', '1995-03', '1995-03', 'Cabugao Elem School ', '', '1985-06', '1991-03', '1991-03', '', '', '', '', ''),
(48, 48, 'Colegio San Agustin- Bacolod City', 'BS Commerce major Management Accounting', '2007-06', '2011-03', '2011-03', 'Dr. Vicente F. Gustilo Memorial National High Scho', '', '2003-06', '2007-03', '2007-03', 'Daga Elementary School', '', '1997-06', '2003-03', '2003-03', '', '', '', '', ''),
(49, 49, 'Technological University of the Philippines Visaya', 'BS Mechanical Engineer', '1994-06', '1999-03', '1999-06', 'La Carlota National high School-La Carlota City ', 'Secondary', '1990-06', '1994-03', '1994-03', 'San Enrique Elementary School-San Enrique', 'Primary', '1984-06', '1990-03', '1990-03', '', '', '', '', ''),
(50, 50, 'Cebu Institute of Technology - Cebu City', 'BS.in Elementary Education', '', '1981-10', '', 'Tanjay Institute', '', '', '', '', 'Samboan Elementary School', '', '', '', '', '', '', '', '', ''),
(51, 51, 'Colegio de San Agustin - Bacolod City', 'BS in Chemical Engineering', '', '', '', 'Mount Carmel College - Escalante City', '', '', '', '', 'Mount Carmel College - Escalante City', '', '', '', '', '', '', '', '', ''),
(52, 52, '', '', '', '', '', '', '', '', '', '', '', '', '', '', '', '', '', '', '', ''),
(53, 53, 'Technological University of the Philippines Visaya', 'Mechanical Engineer Technolody', '1984-06', '1988-08', '1988-08', 'Cabarus Catholic School', '', '1980-06', '1984-03', '1984-03', 'Binulig Elementary School', '', '1974-06', '1980-03', '1980-03', '', '', '', '', ''),
(54, 54, 'Technological University of the Philippines Visaya', 'BS in Mechnical Engineering', '', '', '2014-04', 'Himamaylan National High School', '', '', '', '2006-04', 'Himamaylan Central Elementary School', '', '', '', '2002-04', '', '', '', '', ''),
(55, 55, 'Colegio de Santo Ni?o de Jasaan', 'BS Education', '', '', '', '', '', '', '', '', '', '', '', '', '', '', '', '', '', ''),
(56, 56, 'University of Negros Occidental - Recoletos', 'Nursing', '2004-06', '2007-03', '2007-03', 'University of Negros Occidental - Recoletos', '', '1998-06', '2002-03', '2002-03', 'Bago City Elementary School', '', '1992-06', '1998-03', '1998-03', '', '', '', '', ''),
(57, 57, 'Technological University of the Philippines Visaya', 'BS in Mechanical Engineering', '', '', '2015-04', 'Negros Occidental HIgh School', '', '', '', '2009-03', 'Education and Training Center School - I', '', '', '', '2005-03', '', '', '', '', ''),
(58, 58, 'University of Cebu', 'BS Mechanical Engineering', '1985-06', '1991-03', '1991-03', 'Consolatrix Academy', 'Secondary ', '1983-06', '1986-03', '1986-03', 'Matab-ang Elementary School', 'Primary', '', '', '', 'None', '', '', '', ''),
(59, 59, 'TECHNOLOGICAL UNIVERSITY OF THE PHILIPPINES CAVITE', '', '', '', '', 'AMADEO NATIONAL HIGH SCHOOL', '', '', '', '', 'AMADEO ELEMENTARY SCHOOL', '', '', '', '', '', '', '', '', ''),
(60, 60, 'College of Technological Sciences - Cebu City', 'Associate Electrical Engineering', '', '2010-10', '2010-10', '', '', '', '', '', '', '', '', '', '', '', '', '', '', ''),
(61, 61, 'None', '', '', '', '', 'Matab-ang National High School', 'Secondary', '1994-06', '1998-03', '1998-03', 'Matab-ang Elementary School', 'Primary', '1988-06', '1998-03', '1998-03', 'Toledo National, Vocational School', 'Electrical Technology', '1998-06', '2000-03', '2000-03'),
(62, 62, '', '', '', '', '', 'San Sebastian National High School', '', '', '', '', 'Camamaagay National Elementary School', '', '', '', '', 'San Pedro Manpower Training Canter', '', '', '', ''),
(63, 63, 'Mindanao University of Science and Technology - Ja', 'BS in Electrical Technology and Management', '', '', '', 'Jasaan National High School - Jasaan Misamis Orien', '', '', '', '', 'Luz Banzon, Elementary School', '', '', '', '', '', '', '', '', ''),
(64, 64, '', '', '', '', '', '', '', '', '', '', '', '', '', '', '', '', '', '', '', ''),
(65, 65, '', '', '', '', '', '', '', '', '', '', '', '', '', '', '', 'Welding (SMAW NC II)', 'Automative Mechanic', '', '', ''),
(66, 66, '', '', '', '', '', 'Limay National High School', '', '', '', '', 'Daan Pare Elementary School', '', '', '', '', 'TESDA', 'Class arc Welder (SMAW NC II)', '', '', ''),
(67, 67, '', '', '', '', '', 'Pagadian National High School', '', '', '', '', 'San Pedro Elementary School', '', '', '', '', '', '', '', '', ''),
(68, 68, 'Technological University of the Philippines Visaya', 'BS in Mechanical Engineering', '', '', '2014-04', 'La Consolation College - Bacolod City', '', '', '', '2008-03', 'Carlos Hilado Memorial State College', '', '', '', '2004-03', '', '', '', '', ''),
(69, 69, 'Binalbagan Catholic College', 'BS in Information Technoloy', '', '', '', 'Hinigaran Institute Inc.', '', '', '', '', 'Tagda Elementary School', '', '', '', '', '', '', '', '', ''),
(70, 70, 'Adamson University- Manila', 'BS in Mechanical Engineering', '1992-06', '1197-03', '1997-03', 'Cabarus Catholic School- Neg Occ', 'Secondary', '1988-06', '1992-03', '1992-03', 'Cabarus Catholic School- Neg Occ', 'Primary', '1982-06', '1988-03', '1988-03', '', '', '', '', ''),
(71, 71, '', '', '', '', '', 'Rafael B. Lacson Memorial High School - Talisay Ci', '', '', '', '', 'Efigenio Enrica Lizares Memorial School - Talisay ', '', '', '', '', 'TESDA Driving NC II - Talisay city', 'Driving NC II', '', '', ''),
(72, 72, 'Batangas State University - Batangas City', 'Petroleum Engineering', '', '', '', 'Batangas State University - Integrated / Batangas ', '', '', '', '', 'Carmel School of Batangas ', '', '', '', '', 'AUTOCAD Training - Batangas City', '', '', '', ''),
(73, 73, 'Mindanao State College- Jasaan Misamis Oriental', '3 yrs Electrical Technology', '1997-06', '2000-03', '2000-03', 'Jasaan National High School - Jasaan Misamis Orien', 'Secondary', '1993-06', '1997-03', '1997-03', 'Luz Banzon, Elementary School', 'Primary', '1987-06', '1993-03', '1996-03', '', '', '', '', ''),
(74, 74, 'Bago City College', 'Computer Technician', '1999-06', '2003-03', '2003-03', 'Ramon Torres Dulao, High School', 'Secondary', '1995-06', '1999-03', '1999-03', 'Sum-ag Elementary School', 'Primary', '1994-06', '1995-03', '1995-03', '', '', '', '', ''),
(75, 75, '', '', '', '', '', 'Capiz National High School', '', '', '', '', 'Culasi Elementary School', '', '', '', '', 'Capiz Institute Technology', 'Electronics', '', '', ''),
(76, 76, '', '', '', '', '', 'Ramon Torres National High School', 'Secondary', '1990-06', '2011-03', '2011-03', 'Teodoro M. Morad Sr. Elementary School ', '', '1984-06', '1990-03', '1990-03', 'Fil-Chi Computer Literacy Program', '', '', '', '2017-03'),
(77, 77, 'Cagayan De Oro College', 'BS in Education', '', '', '', 'Jasaan National High School - Jasaan Misamis Orien', 'Secondary', '1984-06', '1984-03', '1984-03', 'BOBONTUGAN ELEMENTARY SCHOOL', 'Primary', '1988-06', '1994-03', '1994-03', 'Cagayan De Oro School of Arts and Trades', 'Welding and Fabrication, Electrical Installation', '2000-06', '2002-03', ''),
(78, 78, '', '', '', '', '', 'Argao National High School', 'Secondary', '', '', '', 'Tabayag Elementary School', 'Primary', '', '', '', 'CCSTAC Car-Car Cebu', 'Automotive No-11', '2011-06', '2012-12', '2012-12'),
(79, 79, 'University of St. La Salle - Bacolod City', 'BS in Management Information System', '1992-06', '1996-03', '1996-03', 'St. Joseph High School Villamonte Bacolod City', 'Scondary', '1988-06', '1992-03', '1992-03', 'ETCS I, Bacolod', 'Primary', '1982-06', '1988-03', '1988-03', '', '', '', '', ''),
(80, 80, 'M.I.T. Ozamis City', '', '', '', '', '', '', '', '', '', '', '', '', '', '', '', '', '', '', ''),
(81, 81, '', '', '', '', '', 'Governor Ferrer Municipal High School', '', '', '', '', 'Tapia Elementary School', '', '', '', '', '', '', '', '', ''),
(82, 82, '', '', '', '', '', '', '', '', '', '', '', '', '', '', '', '', '', '', '', ''),
(83, 83, '', '', '', '', '', '', '', '', '', '', '', '', '', '', '', '', '', '', '', ''),
(85, 85, 'University of St. La Salle - Bacolod City', 'BS in Computer Science', '', '', '', 'Ramon Torres National High School', '', '', '', '', 'Bago City Elementary School', '', '', '', '', '', '', '', '', ''),
(86, 86, 'University of St. La Salle - Bacolod City', 'BSBM/BSAE', '', '', '2009-03', 'Negros Occidental High School', 'Secondary Level', '', '', '', 'Don Rodolfo A. Medel Elementary School', 'Elementary Level', '', '', '', 'n/a', 'n/a', '', '', ''),
(87, 87, 'CIT Bacolod City', 'Radio Operator', '', '', '', 'RTNHS, Ma-ao Extension', '', '', '', '', 'Central Ma-ao Elementary School', '', '', '', '', '', '', '', '', ''),
(88, 88, '', '', '', '', '', 'Buenavista High School - Escalante City', '', '', '', '1994-03', 'Langub Elementary School - Escalante City', '', '', '', '1990-03', '', '', '', '', ''),
(89, 89, 'University of the Philippines in the Visayas', 'BSBA major in Marketing', '', '', '', 'St. John''s Institute', '', '', '', '', 'St. John''s Institute', '', '', '', '', 'University of St. La Sale - Bacolod City', 'Law', '', '', ''),
(90, 90, 'Carlos Hilado Memorial State College - Fortune Tow', 'BS major in Accountancy', '', '', '2006-03', 'Ramon Torres National High School', '', '', '', '2002-03', 'Don R.M. Salas Elementary School - Bago City', '', '', '', '1998-03', '', '', '', '', ''),
(91, 91, 'University of St. La Salle - Bacolod City / Rivers', 'BSC - MIS / BS in Nursing', '', '', '', 'Open Door Christian Acedemy - Talisay City', '', '', '', '', 'Open Door Christian Acedemy - Talisay City', '', '', '', '', 'Carlos Hilado Memorial State College - Fortune Tow', 'MBA', '', '', ''),
(92, 92, 'Carlos Hilado Memorial State College - Fortune Tow', 'BSBA major in Management Accounting', '', '', '', 'NOHS - Murcia Extension ', '', '', '', '', 'Murcia East Elementary School', '', '', '', '', '', '', '', '', ''),
(93, 93, 'La Consolacion College - Bacolod City', 'BS in Hospitality Management', '', '', '2007-03', 'Bacolod Taytung High School', '', '', '', '2003-03', 'Bacolod Taytung High School', '', '', '', '1999-03', 'La Consolacion College', 'MBA - Human Rersource ', '', '', ''),
(94, 94, 'West Negros University - Bacolod City', 'BSC - Accounting', '', '', '', 'Emiliano L. Lizares National High School', '', '', '', '', 'Estefania National Elementary School', '', '', '', '1980-03', 'n/a', '', '', '', ''),
(95, 95, 'University of St. La Salle - Bacolod City', 'B.S major in Marketing / B.S major in Management A', '', '', '2009-03', 'Pontevedra National High School', '', '', '', '2004-03', 'Pontevedra South Elementary School', '', '', '', '2000-03', 'Civil Service Passer', '', '', '', ''),
(96, 96, 'University of St. La Salle - Bacolod City', 'B.S. major in Business Management', '', '', '2006-03', 'La Consolation College - Bacolod City', '', '', '', '', 'ETCS I & III - Bacolod City', '', '', '', '', '', '', '', '', ''),
(97, 97, 'Collegio San Agustin - Bacolod', 'BSC major in Management Accounting', '', '', '', 'Negros Occidental High School', '', '', '', '', 'Fernando F. Gonzaga Elementary School', '', '', '', '', '', '', '', '', ''),
(98, 98, 'West Negros University - Bacolod City', 'B.S. major in Information Technology', '', '', '', 'NOHS - Bacolod', '', '', '', '', 'ETCS II, Bacolod', '', '', '', '', '', '', '', '', ''),
(99, 99, 'University of St. La Salle - Bacolod City', 'B.S. major in Electronics and Communications Engin', '', '', '', 'Negros Occidental High School', '', '', '', '', 'ETCS I, Bacolod', '', '', '', '', '', '', '', '', ''),
(100, 100, 'Technological University of the Philippines Visaya', 'B.S. in Electronics and Communications Engineering', '2000-06', '2006-04', '2006-04', 'Sped High School, Cadiz City', '', '1996-06', '2000-03', '2000-03', 'Philippine Normal University, Cadiz City', '', '1990-06', '1996-03', '1996-03', '', '', '', '', ''),
(101, 101, 'Carlos Hilado Memorial State College - Fortune Tow', 'B.S. in Accountancy', '1999-06', '2003-03', '2003-03', 'Negros Occidental HIgh School', '', '1995-06', '19999-03', '1999-03', 'Medel Elementary School - Tangub, Bacolod City', '', '1989-06', '1995-03', '1995-03', '', '', '', '', ''),
(102, 102, 'Carlos Hilado Memorial State College - Fortune Tow', 'B.S. in Information Technology', '', '', '2018-04', 'Victorias National High School', '', '', '', '2014-03', 'Victorias Elementary School', '', '', '', '2010-03', '', '', '', '', ''),
(103, 103, 'University of St. La Salle - Bacolod City', 'B.S. major in Marketing Management', '', '', '2013-03', 'Sagay National High School', '', '', '', '', 'HFS, Sagay City', '', '', '', '', '', '', '', '', ''),
(104, 104, 'University of St. La Salle - Bacolod City', 'B.S. in Accountancy', '', '', '1999-03', 'Sisters of Mary School - Cebu', '', '', '', '', 'Bago City Elementary School', '', '', '', '', '', '', '', '', ''),
(105, 105, 'University of St. La Salle - Bacolod City', 'AB Communication', '', '', '', 'Guinhalaran Integrated School', '', '', '', '', 'Carlos A. Hilado Memorial State College', '', '', '', '', '', '', '', '', ''),
(106, 106, 'Carlos Hilado Memorial State College - Fortune Tow', 'B.S. in Information Systems', '', '', '2018-04', 'Do?a Hortencia Salas Benedicto National High Sch', '', '', '', '', 'La Carlota South Elementary School - 1', '', '', '', '', '', '', '', '', ''),
(107, 107, 'Bacolod City College - Sum-ag Campus', 'B.S. in Business Administration', '', '', '2012-04', 'Negros Occidental High School', '', '', '', '2006-04', 'Sum-ag Elementary School', '', '', '', '2002-04', '', '', '', '', ''),
(108, 108, 'University of St. La Salle - Bacolod City', 'BSBA major in Operations Management and Economics', '', '', '2015-03', 'Carlos Hilado Memorial State College', '', '', '', '', 'Gov. E Gaston Memorial Elementary School', '', '', '', '', '', '', '', '', ''),
(109, 109, 'TUP - Visayas / Talisay City', 'B.S. Mechanical Engineer', '', '', '2017-04', 'Bacolod City National High School', '', '', '', '', 'ETCS II, Bacolod', '', '', '', '', '', '', '', '', ''),
(110, 110, 'University of Negros Occidental - Recoletos', 'B.S. Accountancy', '', '', '2013-03', 'Bacolod City National High School', '', '', '', '2009-04', '', '', '', '', '2005-04', '', '', '', '', ''),
(111, 111, '', '', '', '', '', 'Ramon Torres National High School', '', '', '', '', 'T.M Morada Sr. Elementary School', '', '', '', '', '', '', '', '', ''),
(112, 112, 'University of St. La Salle - Bacolod City', 'B.S. in Accountancy', '', '', '2011-03', 'University of Negros Occidental - Recoletos', '', '', '', '2007-03', 'Carlos A. Hilado Memorial State College', '', '', '', '2003-03', '', '', '', '', ''),
(113, 113, 'Carlos Hilado Memorial State College - Binalbagan', 'B.S. in Business Administration', '', '', '', 'Isabela National High School', '', '', '', '', 'Bagroy Elementary School', '', '', '', '', '', '', '', '', ''),
(114, 114, 'University of St. La Salle - Bacolod City', '', '', '', '', 'St. Louis School - Mandaue City, Cebu', '', '', '', '', 'University of St. La Salle - Bacolod City', '', '', '', '', 'University of St. La Salle - Bacolod City', '', '', '', ''),
(115, 115, 'La Consolacion College - Bacolod City', 'B.S. in Tourism Management', '', '', '', 'Do?a Monserat Lopez Memorial High School', '', '', '', '', 'Silay North Elementary School', '', '', '', '', '', '', '', '', ''),
(116, 116, 'Carlos Hilado Memorial State College - Talisay', 'B.S. in Information System', '', '', '', 'Do?a Monserat Lopez Memorial High School', '', '', '', '', 'Silay North Elementary School', '', '', '', '', '', '', '', '', ''),
(117, 117, 'Systems Technology Institute (STI) - Dumaguete Cit', 'Information Technology', '', '', '', 'Amlan National High School - Negros Oriental', '', '', '', '', 'San Jose Central Elementary School', '', '', '', '', '', '', '', '', ''),
(118, 118, 'Binalbagan Catholic College', '', '', '', '', 'Negros Occidental High School', '', '', '', '', 'ETCS II, Bacolod', '', '', '', '', '', '', '', '', ''),
(119, 119, 'University of St. La Salle - Bacolod City', 'BSBA major in Marketing Management and Business Ec', '', '', '', 'St. Columbans Academy Cauayan, Negros Occidental', '', '', '', '', 'Linaon ELementary School', '', '', '', '', '', '', '', '', ''),
(120, 120, 'Western Institute of Technology / Luna St. La Paz ', 'B.S. in Mechanical Engineering', '', '', '2013-03', 'Oton National High School', '', '', '', '2008-03', 'Sen. F.C. Zulueta Memorial High School ', '', '', '', '2004-03', '', '', '', '', ''),
(121, 121, 'Colegio San Agustin- Bacolod City', 'B.S Management Accounting', '', '', '', 'Negros Occidental High School', '', '', '', '', 'ETCS II, Bacolod', '', '', '', '', '', '', '', '', ''),
(122, 122, 'University of Negros Occidental - Recoletos', 'B.S. in Accounting Technology', '', '', '', 'Negros Occidental High School', '', '', '', '', 'Apolinario Mabini Elementary School', '', '', '', '', '', '', '', '', ''),
(123, 123, 'Bacolod City College', 'BSIT major in Civil Technology', '20001-06', '2004-03', '2005-04', 'Do?a Luisa Medel National High School', '', '1997-06', '2001-03', '2001-04', 'Don Rodolfo A. Medel Elementary School', '', '1991-06', '1997-03', '1997-04', 'Automotive / Driving Bacolod City National High Sc', 'MPA - Sagay', '2014-12', '', ''),
(124, 124, 'Technological University of the Philippines Visaya', 'B.S. in Electronics and Communications Engineering', '', '', '', 'Dr. V. F. Gustilo Memorial Naitonal High School', '', '', '', '', 'Cadiz West Elementary School', '', '', '', '', '', '', '', '', ''),
(125, 125, 'Colegio San Agustin- Bacolod City', 'BSBA major in Marketing Management', '', '', '2015-04', 'Rafael B. Lacson Memorial High School - Talisay Ci', '', '', '', '2011-03', 'Talisay Elementary School', '', '', '', '2007-03', '', '', '', '', ''),
(126, 126, 'Philippine School of Business Administration - Que', 'BSBA major in Accountancy', '', '', '1994-03', 'Colegio De Buen Consuelo - Pasig City', '', '', '', '1990-03', 'Colegio De Buen Consuelo - Pasig City', '', '', '', '1986-03', '', 'CPA - 81%', '', '', '2012-05'),
(127, 127, 'Carlos Hilado Memorial State College - Talisay', 'B.S. in Information System', '', '', '2018-04', 'Do?a Monserrat Lopez Memorial High School', '', '', '', '', 'Gov. Emelio Gostan Memorial Elementary School', '', '', '', '', '', '', '', '', ''),
(128, 128, 'Carlos Hilado Memorial State College - Talisay', 'B.S. in Information System', '', '', '2018-04', 'Do?a Monserat Lopez Memorial High School', '', '', '', '', 'Silay North Elementary School', '', '', '', '', '', '', '', '', ''),
(129, 129, 'Carlos Hilado Memorial State College - Talisay', 'B.S. in Information System', '', '', '2018-04', 'Open Door Christian Acedemy - Talisay City', '', '', '', '2009-03', 'Mambag-ID Elementary School', '', '', '', '2005-03', '', '', '', '', ''),
(130, 130, 'Polytechnic University of Philippines, Sto. Tomas,', 'B.S. in Intrepreneurial Management', '', '', '2014-04', 'Col. Lauro D. Dizon Memorial National High School', '', '', '', '', 'San Marcos Elementary School', '', '', '', '', '', '', '', '', ''),
(131, 131, 'De La Salle University - College of St. Benilde', 'BSBA major in Export Management', '1998-06', '2002-02', '2002-02', 'St. James College Para?aque', '', '1994-06', '1998-03', '1998-03', 'St. James College Para?aque', '', '1988-06', '1994-03', '1994-03', 'Instituto De Cervantes', 'Spanish language', '2013-03', '2013-07', '2013-07'),
(132, 132, 'Divine Word College of Legaspi City', 'BS Accountancy', '', '', '', 'Divine Word College - High School Department', '', '', '', '', 'Tabaco South Elementary School', '', '', '', '', '', '', '', '', ''),
(133, 133, 'University of St. La Salle - Bacolod City', 'BSBA major in Management Accounting & Applied Econ', '', '', '2006-03', 'Handumanan National High School', '', '', '', '2001-03', 'Handumanan Elementary School', '', '', '', '1996-03', 'Carlos Hilado Memorial State College - Fortune Tow', 'Masteral in Business Administration', '', '', ''),
(134, 134, 'Technological University of the Philippines - Visa', 'BSET - Automotive', '', '', '2017-04', 'Do?a Hortencia Salas Benedicto National High Scho', '', '', '', '', 'RSB Elementary School', '', '', '', '', '', '', '', '', ''),
(136, 136, 'Colegio San Agustin- Bacolod City', 'Bachelor of Science in Psychology', '', '', '2015-03', 'Colegio San Agustin- Bacolod City ', '', '', '', '2011-03', 'Colegio San Agustin- Bacolod City ', '', '', '', '2007-03', 'University of Negros Occidental - Recoletos', 'MS Psychology', '', '', ''),
(139, 139, 'Technological University of the Philippines Visaya', 'Mechanical Engineering Technology (3 year diploma ', '', '', '', 'Bata National High School', 'Secondary Level', '', '', '', 'Education and Training Center School - II', 'Elementary Level', '', '', '', '', '', '', '', ''),
(140, 140, '', '', '', '', '', '', '', '', '', '', '', '', '', '', '', '', '', '', '', ''),
(141, 141, 'University of Negros Occidental - Recoletos', 'BS - Cpmputer Science', '', '', '', 'Negros Occidental HIgh School', 'Secondary', '', '', '', 'Mabini Elementary School - I', 'Primary', '', '', '', '', '', '', '', ''),
(142, 142, 'Technological University of the Philippines Visaya', 'BS Electronics and Communications Engineering', '', '', '2013-03', 'Sum-ag National High School', 'Secondary', '', '', '2008-04', 'Sum-ag Elementary School', 'Primary', '', '', '2004-04', '', '', '', '', ''),
(143, 143, 'N/A', 'N/A', '', '', '', 'Ramos Torres Dulao Hifh School', 'Secondary', '', '', '', 'EM Esperos Elementary School', 'Primary', '', '', '', '', '', '', '', ''),
(144, 144, '', '', '', '', '', '', '', '', '', '', '', '', '', '', '', '', '', '', '', ''),
(145, 145, 'Cagayan De Oro College', 'BS Electrical Engineer', '', '', '', '', '', '', '', '', '', '', '', '', '', '', '', '', '', ''),
(146, 146, '', '', '', '', '', 'Toledo Gullas College', '', '', '', '', 'Talavera Elementary School', '', '', '', '', 'Cebu Central Colleges', 'Stationary Diesel Plant Mechanic ', '', '', ''),
(147, 147, 'University of the East - Caloocan Samson Road', 'BS Accountancy', '', '', '2010-05', 'Sto. Ni?o Academy ', 'Secondary', '', '', '', 'Duhat Elementary School', 'Primary', '', '', '', '', '', '', '', ''),
(148, 148, 'Carlos Hilado Memorial State College - Talisay', 'BS Information System', '', '', '', 'St. Columbans Academy Cauayan, Negros Occidental', 'Secondary', '', '', '', 'St. Columbans Academy Cauayan, Negros Occidental', 'Primary', '', '', '', '', '', '', '', ''),
(149, 149, 'Mapua Institute of Technology', 'BS Electrical Engineer', '', '', '', 'Don Bosco Technical Institute', 'Secondary', '', '', '', 'Don Bosco Technical Institute', 'Primary', '', '', '', '', '', '', '', ''),
(150, 150, 'University of St. La Salle - Bacolod City', 'BS Management Accounting BSBA Major in Business Ec', '', '', '2016-03', 'Do?a Hortencia Salas Benedicto National High Scho', 'Special Science Curriculum', '', '', '2012-04', 'La Carlota South Elementary School - II', 'Regular Course', '', '', '2008-04', 'n/a', 'n/a', '', '', ''),
(151, 151, 'Colegio San Agustin- Bacolod City', 'BSBA', '', '', '2015-04', 'Rafael B. Lacson Memorial High School - Talisay Ci', '', '', '', '2011-03', 'Talisay Elementary School', '', '', '', '2007-03', '', '', '', '', ''),
(152, 152, 'Carlos Hilado Memorial State College - Fortune Tow', 'Bachelor of Science in Information System', '', '', '2014-03', 'Negros Occidental HIgh School', '', '', '', '', 'Paglaum Village Elementary School', '', '', '', '', '', '', '', '', ''),
(153, 153, 'University of Negros Occidental - Recoletos', 'Bachelor of Laws', '', '', '', 'Bacolod City National High School', '', '', '', '', 'Don Jose J. Gonzaga Elementary', '', '', '', '', '', '', '', '', ''),
(154, 154, 'University of Negros Occidental - Recoletos', 'BS Mass Communication', '', '', '2005-03', 'Our Lady of the Pillar Academy', '', '', '', '2000-03', 'Brgy Ma-ao Elementary School', '', '', '', '1996-03', '', '', '', '', ''),
(155, 155, 'DLSU - Taft Manila', 'BS Mechanical Engineering', '1993-03', '1997-03', '1997-03', 'USLS IS - Bacolod', '', '1989-03', '1983-03', '1993-03', 'USLS IS - Bacolod', '', '1982-03', '1989-03', '1989-03', '', '', '', '', ''),
(156, 156, '', '', '', '', '', '', '', '', '', '', '', '', '', '', '', '', '', '', '', ''),
(157, 167, 'Carlos Hilado Memorial State College - Talisay', 'Business Education major in General Education', '2017-06', '2018-04', '2018-04', 'Jovito H. Sayson National High School', 'High School', '2010-06', '2014-04', '2014-03', 'Felisa Elementary School', 'Elementary', '2003-06', '2010-04', '2010-03', 'n/a', '', '', '', ''),
(158, 168, 'Carlos Hilado Memorial State College - Talisay', 'Bachelor of Science in Information Technology', '2014-06', '2018-04', '2018-04', 'Innocencio V. Ferrer Memorial School of Fisheries', 'High School', '2010-06', '2014-03', '2014-03', 'Catabla Baybay Elementary School', 'Elementary', '2003-06', '2010-03', '2010-03', 'n/a', '', '', '', ''),
(159, 169, 'University of St. La Salle - Bacolod City', 'BSBA major in Business management', '2002-06', '20016-03', '2006-03', 'Enriquetta Montilla De Esteban Memorial High Schoo', 'Secondary Level', '1998-06', '2002-03', '2002-03', 'Pulupandan East Elem. School', 'Primary Level', '1993-06', '1997-04', '1997-04', 'n/a', '', '', '', ''),
(160, 170, 'Philippine School of Business Administration - Que', 'BSA-Accountancy', '1990-06', '1994-03', '1994-03', 'Colegio De Buen Consuelo - Pasig City', 'Secondary', '1986-06', '1990-03', '1990-03', 'Colegio De Buen Consuelo - Pasig City', 'Primary', '1980-06', '1986-03', '1986-03', 'n/a', '', '', '', ''),
(161, 171, '', '', '', '', '', 'Ramon Torres National High School', '', '', '', '2008-03', 'Teodoro M. Morad Sr. Elementary School ', '', '', '', '2004-03', '', '', '', '', ''),
(162, 172, 'Technological University of the Philippines Visaya', 'BSBA Mechanical Engineering', '2011-06', '2017-04', '2017-04', 'Faith Christian School Valladolid, Neg Occ', 'Secondary Level', '0007-06', '2011-03', '2011-03', 'Don Vicente Lopz Elem School San Erique', 'Primary Level', '2001-02', '2007-04', '2007-04', 'n/a', '', '', '', ''),
(163, 173, 'University of St. La Salle - Bacolod City', 'AB Communication', '2013-06', '2017-03', '2017-03', 'Ramon Torres National High School', 'Secondary', '2007-06', '2013-03', '2013-03', 'Bago City Elementary School', 'Primary', '2000-06', '2006-03', '2006-03', 'n/a', 'N/A', '', '', ''),
(164, 174, 'Bacolod City College', 'Encoder/ Modular Literacy', '2000-06', '2000-04', '', 'Bata National High School', 'Secondary Level', '', '', '', 'Bata Elementary School', 'Primary', '', '', '', '', '', '', '', ''),
(165, 175, 'University of St. La Salle - Bacolod City', 'AB Communications', '2013-06', '2017-03', '2017-03', 'Trinity Christian School Bacolod', 'Secondary Level', '20019-06', '2013-03', '2013-03', 'Trinity Christian School Bacolod', 'Primary Level', '2004-06', '2009-03', '2009-03', 'n/a', '', '', '', ''),
(166, 176, '', '', '', '', '', '', '', '', '', '', '', '', '', '', '', '', '', '', '', ''),
(167, 177, 'Tarlac State University', 'BSEE', '2001-06', '2006-04', '2006-04', 'San Luis Educational Foundation', 'Secondary', '1992-06', '1996-04', '1996-04', 'Tarlac West Central Elem School', 'Primary', '1986-06', '1992-03', '1992-03', 'Tarlac State University', 'DIT-IE', '', '2001-06', '2001-06'),
(168, 178, 'Colegio San Agustin- Bacolod City', 'Bachelor of Science in Nursing', '2005-06', '2009-10', '2009-10', 'St. Mary Nazarello School VMC, Victorias City', 'Secondary', '2001-06', '2005-03', '2005-03', 'St. Mary Nazarello School VMC, Victorias City', 'Primary', '1995-06', '2001-03', '2001-03', 'n/a', '', '', '', ''),
(169, 179, 'La Consolacion College - Bacolod City', 'M=Bachelor in Fine Arts major in Digital Media ARt', '', '', '', 'UNO-R', 'Secondary', '', '', '', 'UNO-R', 'Primary', '', '', '', 'n/a', '', '', '', ''),
(170, 180, 'ABE International Business College Bacolod City', 'BSBA- Management Accounting', '2003-06', '2007-10', '2007-10', 'Sisters of Mary School - Cebu', 'Secondary', '1999-06', '2002-03', '2002-12', 'Brgy Ma-ao Elementary School', 'Primary', '1993-06', '1999-03', '1999-03', 'n/a', '', '', '', ''),
(171, 181, 'Divine Word College of Legaspi City', 'BS-Accountancy', '1994-06', '1998-03', '1998-03', 'Divine Word College - High School Department', 'Secondary Level', '1990-06', '1994-03', '1994-03', 'Tabaco South Elementary School', 'Primary Level', '1984-06', '1990-03', '1990-03', 'n/a', 'n/a', '', '', ''),
(172, 182, 'West Negros University - Bacolod City', 'Bachelor of Science in Electrical Engineer', '2010-06', '2015-03', '2015-03', 'Negros Occidental HIgh School', 'Secondary Level', '2003-06', '2007-03', '2007-03', 'Apolinario Mabini Elementary School', 'Primary Level', '1997-06', '2003-03', '2003-03', 'n/a', '', '', '', ''),
(173, 183, 'UNIVERSITY OF VISAYAS', 'MECHANICAL', '', '', '', 'Toledo Gullas College', 'SECONDARY', '', '', '', 'BUENAVISTA ELEM. SCHOOL ESCALANTE', 'ELEMENTARY', '', '', '', 'CEBU SCHOOL OF ARTS TRADE', 'MACHINE SHOP', '', '', ''),
(174, 184, 'Mindanao University of Science and Technology - Ja', 'BS-ETM', '', '', '', 'Colegio De Santo Nio De Jasaan', 'Secondary', '', '', '', 'Colegio De Santo Nio De Jasaan', 'Primary', '', '', '', '', '', '', '', ''),
(175, 185, 'West Negros University - Bacolod City', 'BSC MAJOR IN MANAGEMENT ACCOUNTING', '', '', '', 'Pontevedra National High School', '', '', '', '', 'Pontevedra South Elementary School', '', '', '', '', '', '', '', '', ''),
(176, 186, 'TUP - Visayas / Talisay City', 'B.S. Electro - Mechanical Technology', '2009-05', '2012-08', '2012-08', 'Don Bosco Technical Institute', '', '', '', '', 'Don Bosco Technical Institute', '', '', '', '', '', '', '', '', ''),
(177, 187, 'Carlos Hilado Memorial State College - Talisay', 'B.S. Information System', '2014-06', '2018-03', '2018-03', 'Madeleine Academy ', 'High School', '2010-06', '2014-03', '', 'Hinigaran Elementary School ', '', '2006-06', '2010-03', '', '', '', '', '', ''),
(178, 188, 'La Consolacion College - Bacolod City', 'BFA - Digital Media Arts', '2012-06', '2016-03', '2016-03', 'Angela Gonzaga National High School', '', '2008-06', '2012-03', '', 'St. Rose of Lima High School', '', '2002-06', '2008-03', '', '', '', '', '', ''),
(179, 189, 'Carlos Hilado Memorial State College - Fortune Tow', 'B.S. Business Administration Major in Finance and ', '2008-06', '2012-03', '2012-03', 'Lopez Jaena National High School', '', '2001-06', '2005-03', '2005-03', 'San Miguel Elementary School', '', '1996-06', '2001-03', '2001-03', '', '', '', '', ''),
(180, 190, 'Minscat Calapan City', 'COT Automotive', '2003-06', '2005-03', '2005-03', 'Baco Nationa High School', '', '1999-06', '2003-03', '2003-03', 'Putican Elementary School', '', '1993-06', '1999-03', '1999-03', '', '', '', '', ''),
(181, 191, 'West Negros University - Bacolod City', 'B.S. Criminology', '2011-06', '2016-03', '2016-03', 'Domingo Lacson National High School', '', '2007-06', '2011-03', '2011-03', 'Andres Bonifacio Elementary School', '', '2001-06', '2007-03', '2007-03', '', '', '', '', ''),
(182, 192, 'Carlos Hilado Memorial State College - Fortune Tow', 'BSBA - Financial Management', '2012-06', '2016-03', '2016-03', 'Negros Occidental HIgh School', '', '2008-06', '2012-03', '2012-03', 'Montevista Elementary School', '', '2002-06', '2008-03', '2008-03', '', '', '', '', ''),
(183, 193, 'University of Negros Occidental - Recoletos', 'BS Accounting Technology', '2010-06', '2013-03', '2013-03', 'Rizal High School', '', '2003-06', '2007-03', '2007-03', 'Pasig Christian Academy', '', '1996-06', '2003-03', '2003-03', '', '', '', '', ''),
(184, 194, 'University of St. La Salle - Bacolod City', 'BS in Accounting Technology', '2013-06', '2017-03', '2017-03', 'Bacolod City National High School', '', '2008-06', '2012-03', '2012-03', 'AL Jayme Elementary School', '', '2005-06', '2008-03', '2008-03', '', '', '', '', ''),
(185, 195, 'University of Negros Occidental - Recoletos', 'BS Accounting Technology', '2009-06', '2013-03', '2013-03', 'Negros Occidental HIgh School', '', '2004-06', '2009-03', '2009-03', 'Education and Training Center School - I', '', '1999-06', '2004-03', '2004-03', 'University of Negros Occidental - Recoletos', 'Master In Business Administration', '2016-06', '2017-03', '2018-04'),
(186, 196, 'Carlos Hilado Memorial State College - Fortune Tow', 'BSBA - FMA', '2006-06', '2010-03', '2010-03', 'Negros Occidental HIgh School', '', '2002-06', '2006-03', '2006-03', 'Apolinario Mabini Elementary School', '', '1997-06', '2002-03', '2002-03', '', '', '', '', ''),
(187, 197, 'Dr. Filemon C. Aguilar Memorial College - Las Pina', 'BSBA Major in Financial Management', '2011-06', '2015-03', '2015-03', 'Mahalang National High School (Himamaylan City)', '', '2002-06', '2006-03', '2006-03', 'Mapulang Duta Elementary School', '', '1996-06', '2002-03', '2002-03', '', '', '', '', ''),
(188, 198, 'La Consolacion College - Bacolod City', 'Bachelor of Science Major in Management Accounting', '2000-06', '2004-03', '2004-03', 'Negros Occidental HIgh School', '', '1996-06', '2000-03', '2000-03', 'Montevista Elementary School', '', '1990-06', '1996-03', '1996-03', '', '', '', '', ''),
(189, 199, 'Jose Rizal University', 'BS In Accountancy', '1996-06', '2000-03', '2000-03', 'Negros Occidental HIgh School', '', '1992-06', '1996-03', '1996-03', 'Education and Training Center School - II', '', '1986-06', '1992-03', '1992-03', '', '', '', '', ''),
(190, 200, 'Carlos Hilado Memorial State College - Fortune Tow', 'BS Accounting Technology', '2009-06', '2013-03', '2013-03', 'Emiliano L. Lizares National High School', '', '2006-06', '2009-03', '2009-03', 'Guinhulngan South Central School', '', '2000-06', '2006-03', '2006-03', '', '', '', '', ''),
(191, 201, 'University of St. La Salle - Bacolod City', 'BS Chemical Engineering', '2011-06', '2015-03', '2015-03', 'Negros Occidental HIgh School', '', '2009-06', '2009-03', '2009-03', 'Newton Jison Elementary School', '', '1999-06', '2005-03', '2005-03', '', '', '', '', ''),
(192, 202, 'Carlos Hilado Memorial State College - Fortune Tow', 'BSBA  - Management Accounting', '1999-06', '2002-03', '2002-03', 'Negros Institute of Technology', 'High School', '1989-06', '1993-03', '1993-03', 'St. Rose of Lima High School', 'Elementary School', '1980-06', '1988-03', '1988-03', '', '', '', '', ''),
(193, 203, 'Bacolod City College', 'BS IS', '2008-06', '2012-03', '2012-03', 'LMNHS Tangub', '', '2004-06', '2008-03', '2008-03', 'Don Rodolfo A. Medel Elementary School', '', '1999-06', '2004-03', '2004-03', '', '', '', '', ''),
(194, 204, 'Colegio San Agustin- Bacolod City', 'BSC - Management Accounting', '2000-06', '2004-03', '2004-03', 'Carlos Hilado Memorial State College', 'High School', '1996-06', '2000-03', '2000-03', 'Carlos Hilado Memorial State College', 'Elementary', '1990-06', '1996-03', '1996-03', '', '', '', '', '');

-- --------------------------------------------------------

--
-- Table structure for table `employment_history`
--

CREATE TABLE IF NOT EXISTS `employment_history` (
`employment_id` int(11) NOT NULL,
  `personal_id` int(11) NOT NULL,
  `name_address_employer` varchar(150) DEFAULT NULL,
  `em_position` varchar(100) DEFAULT NULL,
  `em_from` varchar(100) DEFAULT NULL,
  `em_to` varchar(100) DEFAULT NULL,
  `em_remarks` varchar(100) DEFAULT NULL
) ENGINE=InnoDB AUTO_INCREMENT=464 DEFAULT CHARSET=latin1;

--
-- Dumping data for table `employment_history`
--

INSERT INTO `employment_history` (`employment_id`, `personal_id`, `name_address_employer`, `em_position`, `em_from`, `em_to`, `em_remarks`) VALUES
(1, 1, 'Kooll Company Inc. - Talisay City', 'Electrician', '', '', ''),
(2, 1, 'San Carlos Bionergy Inc. - San Carlos City', 'Lineman/Electrical Switchgear Tender', '', '', ''),
(3, 1, 'Pepsi-Cola Products Philippines Inc.- Bacolod City', 'Mechanic/Electrician', '', '', ''),
(4, 2, 'Department of Agrarian Reform', 'Cartho-Computer', '2011-03-01', '2015-12-01', 'End of Contract'),
(5, 2, 'Saint Rafael Development Corp.', 'Checker', '2010-12-01', '2011-03-01', 'End of Contract'),
(6, 2, 'Negros Software Unlimited Corp.', 'Sales Clerk Inventory', '2010-02-01', '2010-12-01', 'Regular'),
(7, 2, 'Dynamic Builder''s Construction Co.', 'Autocad Operator', '2008-06-01', '2008-09-01', 'End of Contract'),
(8, 2, 'Nanox Philippines Inc.', 'Production Operator', '2005-10-01', '2007-04-01', 'Regular'),
(9, 4, 'Paramina Earth Technologies Inc.,', 'Welder Fabricator ', '2010-07-02', '2014-04-22', ''),
(10, 4, 'Mark Steel Construction Corp.', 'Welder Fabricator', '2008-08-03', '2010-05-03', ''),
(11, 4, 'GMC Construction ', 'Full Welder', '2007-08-23', '2008-07-25', ''),
(12, 5, 'PMM Works Incorporation  Pamplona Sapote Las Pinas', 'Helper', '', '', 'Resigned'),
(13, 5, 'Nikko Material Philippines Incorporation Laguna Technopark', 'Mechanical Technician', '', '', 'Resigned'),
(14, 5, 'SCAD Philippines Incorporation Rosario Cavite Ecozone', 'Facilities Building Wiring', '', '', 'Finish Contract'),
(15, 5, 'PMM Works Incorporation Las Pinas', 'Operator Mechanic', '', '', 'Resigned'),
(16, 6, 'Harada Automotive Antenna Phil. Inc.', 'Production Engineer', '', '', ''),
(17, 7, 'Iris Sisto General Services', 'Masson Helper', '', '', ''),
(18, 8, 'Department of Agrarian Reform - South Negros', 'Technology Supporting Staff', '', '', ''),
(19, 8, 'Steel Art Inc./Outdoormasters Inc. - Bacolod', 'Cost Estimator', '', '', ''),
(20, 8, 'Orient SemiConductor Phils. Inc.- Laguna', 'Acting As Supervisor on Rei / FA ', '', '', ''),
(21, 8, 'Orient SemiConductor Phils. Inc.- Laguna', 'Failure Analysis Engineer - Os', '', '', ''),
(22, 8, 'Kyouritso Electronics Dall Inc.', 'Quality Assurance Inspector', '', '', ''),
(23, 9, 'RBA Janitorial Services Manpower', 'Utility', '', '', ''),
(24, 9, 'Perfect Clean General Services ', 'Utility', '', '', ''),
(25, 10, 'Toyota Bacolod City', 'Parts Bookkeeper/ Purchasing Officer', '', '', 'Currently employed'),
(26, 37, 'Paramina Earth Technologies Inc', 'Autocad/Machinists', '', '', ''),
(27, 37, 'Asian Shipping Lines', 'O.S.', '', '', ''),
(28, 37, 'Philippine Iino Corporation', 'CNC Operator', '', '', ''),
(29, 37, 'Wellmade Motors Inc', 'Machinists', '', '', ''),
(30, 38, 'ILJIN Electric Company LTD ', 'Electrical', '', '', ''),
(31, 38, 'Romblon Marble Cooperative', 'Supervisor', '', '', ''),
(32, 38, 'GRL Electrical Corporation', 'Supervisor', '', '', ''),
(33, 41, 'SPLC Sirawai Plywood Corporation', 'Mechanic', '', '', ''),
(34, 41, 'Simepara Mining & Power Corporation', 'Power Plant Mechanic', '', '', ''),
(35, 41, 'DMCI Power Corporation', 'Power Plant Mechanic', '', '', ''),
(36, 42, 'EDC (General Services Contractor', 'Warehouse Aide/ Fuel Tender', '', '', ''),
(37, 42, 'Ponce Engineering Services Pulupandan', 'Helper', '', '', ''),
(38, 42, 'PNOC-EDC Brgy. Mailum Bago City', 'Utility/ Survey Aide', '', '', ''),
(39, 43, 'Energreen Power Management Inc', 'Project Electrical Engineer', '2013-11-01', '', ''),
(40, 43, 'Kentz Carribean Contractors & Engineer Dominican Republic', 'EI & C Field Engineer', '2011-03-01', '2012-12-01', ''),
(41, 43, 'Hyundai Development Engineering Inc. DOHA, Qatar', 'Electrical Engineer', '2009-02-01', '2010-05-01', ''),
(42, 43, 'Hyundai Heavy Industries Inc. KSA', 'Electrical Engineer', '2008-03-01', '2008-10-01', ''),
(43, 43, 'Magellan Cogeneration Inc. Cavite', 'Electrical Superintendent', '1994-06-01', '20016-06-01', ''),
(44, 43, 'Maricalum Mining Corporation Sipalay', 'General Foreman', '1986-06-01', '1993-06-01', ''),
(45, 43, 'Semirara Coal Corporation Antique', 'Electrical Supervisor', '1985-04-01', '1986-05-01', ''),
(46, 43, 'Marinduque Mining Corporation ', 'Electrical Leadman', '1985-11-01', '1984-04-01', ''),
(47, 43, 'Metaphil Inc. Mabolo Cebu', 'Field Jr. Electrical Engineer', '1980-08-01', '1981-11-01', ''),
(48, 44, 'Bago City Hospital', 'Admitting Officer (Casual)', '2015-01-01', '2015-10-15', ''),
(49, 44, 'Dailyware Marketing - Cormer Magsaysay, Bacolod City', 'Accounting Staff', '2013-04-20', '2015-08-15', ''),
(50, 44, 'JAMARLI Inc.- BAcolod City', 'Staff - HR Department', '2010-10-10', '2010-11-10', ''),
(51, 44, 'City Treasurer''s Office - Bago City', 'Casual Employee', '2010-10-01', '2010-11-09', ''),
(52, 44, 'City Accounting Office - Bago City', 'Casual Employee', '2010-08-01', '2010-09-30', ''),
(53, 44, 'Chowking - Plazamart Bacolod City ', 'Cashier', '2001-06-15', '2002-01-30', ''),
(54, 45, 'Atom Chemical Company Inc.', 'Lab Analyst', '2013-10-01', '2015-02-23', 'PRESENT'),
(55, 45, 'BISCOM Inc.', 'Lab Analyst', '2011-11-01', '2013-09-01', ''),
(56, 45, 'URC Sonedco', 'Lab Analyst', '0009-11-20', '2011-11-01', ''),
(57, 45, 'CSMP Milk Plant', 'Lab Analyst', '2006-05-01', '2007-01-01', ''),
(58, 45, 'Orient Cold Storage Inc', 'Quality Assurance', '2005-02-01', '2006-02-01', ''),
(59, 47, 'ECO-ASIA', 'Mason', '', '', ''),
(60, 47, 'PAPCC', 'Helper', '', '', ''),
(61, 47, 'Paramina Earth Tech Inc', 'Welder', '', '', ''),
(62, 48, 'Ink for less Pro Services Inc', 'Audit Staff', '2016-03-16', '2016-04-06', ''),
(63, 48, 'Seaoil Phils. Inc', 'Smile Coach', '2011-10-25', '2014-03-31', ''),
(64, 48, 'Colegio San Agustin- Bacolod', 'Working Scholar', '', '', ''),
(65, 49, 'RCA Engineering Services- Bacolod City', 'Maintenance Supervisor', '', '', ''),
(66, 49, 'Interconglomerates Inc - Pasig City', 'Area SAles representative', '', '', ''),
(67, 49, 'Driefil Marketing Company LTD - Mandaue City', 'Service Engineer', '', '', ''),
(68, 49, 'International Wire Group - Lapu lapu Cebu City', 'Maintenance Clerk', '', '', ''),
(69, 49, 'Asian Metals Construction- Cebu City', 'Pipe Fitter', '', '', ''),
(70, 50, 'Central Azucarera DE Bais, Inc. ', 'Shift Engineer', '', '', ''),
(71, 50, 'Bais Central Negros Oriental', 'Shift Engineer', '', '', ''),
(72, 51, 'CM & Sons Food Corporation - Bacolod City', 'Logistics Manager', '2013-02-01', '', ''),
(73, 51, 'Energy Development Corp.', 'Logistics and Procurement Supervisor', '2003-11-01', '2012-12-01', ''),
(74, 51, 'Energy Development Corp. - Bago City', 'Secretary to the Resident Manager', '2003-01-01', '2003-10-01', ''),
(75, 51, 'Energy Development Corp. - Bago City', 'Community Relations Officer', '1996-08-01', '2002-12-01', ''),
(76, 51, 'Energy Development Corp. - Bago City', 'Pollution Control Officer / Environmental Officer', '1993-11-01', '1996-07-01', ''),
(77, 51, 'Sugar Regulatory Administration - Sagay City', 'Chemist II', '1992-02-01', '1993-10-01', ''),
(78, 51, 'Cosmos Bottling Corp. - Mandaue City, Cebu', 'Staff, Quality Control Department', '1990-04-01', '1991-12-01', ''),
(79, 51, 'Pepsi Cola Products Phils., Inc. - Bacolod City', 'Student Trainee, Quality Control Department', '1989-01-01', '1989-03-01', 'OJT'),
(80, 51, 'Lopez Sugar Corp. - Sagay City', 'Process Engineer Trainee', '1988-12-01', '1988-12-01', 'OJT'),
(81, 53, 'Triple-A/ HDD- Bacolod City', 'Foreman', '2015-02-02', '2016-01-23', 'Finish Project'),
(82, 53, 'Cape East Philippines- Manila', 'Supervisor', '2010-01-17', '2015-06-24', 'Project Completion'),
(83, 53, 'EEI Corporation- Manila', 'Foreman/ Mill Wrigth', '1994-02-08', '2010-08-24', 'Project Completion'),
(84, 53, 'Triple- A Technology-Bacolod City', 'Foreman/ Skilled Worker', '2000-01-02', '0004-01-02', 'Hired by Another Company'),
(85, 53, 'Maricalum Mining Corporation-Sipalay City', 'Mill Wrigth/ Plant Maintenance', '1988-08-08', '1994-08-08', 'Hired Abroad'),
(86, 54, 'Terumo Phils. Corporation', 'HR Training Staff', '', '', ''),
(87, 55, 'Resens Inc', 'Piping Maintenance', '', '', ''),
(88, 56, 'Center for Health Services Inc', 'Occupational Health Nurse', '2012-12-01', '', ''),
(89, 56, 'Bacolod Our Lady of Mercy Specialty Hospital', 'Medical Records Auditor', '2012-01-01', '2012-12-01', ''),
(90, 56, 'Transcom Bacolod', 'Technical Support Representative', '2011-02-01', '2011-05-01', ''),
(91, 56, 'Our Lady of Mercy College- Bacolod', 'Clinical Instructor', '2009-09-01', '2010-06-01', ''),
(92, 56, 'Bago City Hosipital', 'Volunteer/ Casual Nurse', '2008-07-01', '2009-07-01', ''),
(93, 57, 'Vallacar Transit Inc. - Bacolod City', 'Mechanical Engineer', '2016-06-24', '2017-05-10', 'Resigned'),
(94, 58, 'Sejong Engineering Company (Under GSCA)', 'Mechanical QA/QC Inspector', '', '', ''),
(95, 58, 'Dodsal Engineering Company (Under Saipem)', 'Mechanical QA/QC Inspector', '', '', ''),
(96, 58, 'Woolim Engineering Company ( Under DAEWOO)', 'Mechanical QA/QC Inspector', '', '', ''),
(97, 58, 'MMG (Mohammad AL Mojil)', 'QA/QC Inspector', '', '', ''),
(98, 58, 'MCI (Cavite)', 'Plant Mechanic', '', '', ''),
(99, 58, 'Edison Bataan Cogen Corp', 'Mechanical Supervisor', '', '', ''),
(100, 60, 'Cebu Institute of Technology- University', '', '2014-01-01', '2014-06-01', 'Installation of Main Distribution Panel, Surge Lightning Arester, 250 KVA Transformer'),
(101, 60, 'Bohol Beach Club ', '', '2012-08-01', '2014-02-01', 'Installation of grounding system, installation of transformer 167 KVA'),
(102, 60, 'Surigao City Gateway Hotel', '', '2012-04-01', '2013-08-01', 'Installation of Transformer 250 KVA and banking Y connected and Delta COnnected'),
(103, 60, 'Cebu Iwakami Corporation MEPZ ', '', '2012-01-01', '2012-04-01', 'Installation of substation transformer and rehabilitation of industrial electrical'),
(104, 60, 'Cagayan De Oro City Minergy Powerplant', '', '2011-09-01', '2010-12-01', 'Installation of meter and automatic transfer switch, XLPE cable, current & potential transformer'),
(105, 60, ' October Global Wear', '', '2009-05-01', '2010-06-01', 'Installation of Building Wiring, MDP Panel board, L.O fixtures, C.o fixtures'),
(106, 60, 'Veco Substation', '', '2008-09-01', '2009-05-01', 'Installation of grounding system'),
(107, 60, 'Installation of 70 megawatts Powerpalnts', '', '2007-08-01', '2008-01-01', ''),
(108, 60, 'VECO Substation', '', '20016-01-01', '2007-07-01', 'Installation and distribution 23 KV Power Lin'),
(109, 60, 'Air Liquid Powerplant - Pasig City', '', '2005-12-01', '2006-01-01', 'Istallation of grounding system'),
(110, 60, 'Diesel Powerplant-Bantayan Island', '', '2004-03-01', '2003-10-01', 'Installation of grounding system'),
(111, 61, 'AL Yusr Industrial Contracting Company Jubail (K.S.A)', 'Pipe Fitter', '2014-12-16', '0016-06-16', ''),
(112, 61, 'Cargo Ship Vessel Cebu - Toledo Manpower, Toledo Cebu', 'Maintenance', '2013-07-17', '2014-08-26', ''),
(113, 61, 'Construction Development Company- Doha Qatar', 'Pipe Fitter', '2012-02-02', '2013-02-02', ''),
(114, 61, 'Consalidated Contractor Company - Doha Qatar', 'Pipe Fabrication', '2008-02-18', '2009-12-24', ''),
(115, 61, 'Tsuneishi Heavy Instries Cebu Inc. ', 'NC Plasma Operator', '2005-01-20', '2007-04-12', ''),
(116, 61, 'Edison Bataan Cogeneration Corp', 'Helper Mechanic', '2002-03-04', '2014-08-14', ''),
(117, 62, 'PARMINA EARTH TECHNOLOGIES', 'HYDRAULIC MECHANIC', '2011-10-13', '2017-04-18', ''),
(118, 62, 'SILANGAN MINDANAO MINING ', '(OFF-SIDER) MECHANIC', '2013-12-13', '2014-04-02', ''),
(119, 65, 'Paramina Earth Technologies', 'Welder Mechanic Fabricator', '', '', ''),
(120, 67, 'Saudi Guessma Group', 'Foreman', '', '', 'Resigned'),
(121, 67, 'Magellan Cogeneration Inc.', 'Maintenance', '', '', 'Closed'),
(122, 67, 'National Power Corporation                                                                                                                            ', '', '', '', 'Resigned'),
(123, 68, 'CENTRAL NEGROS POWER RELIABILITY, INC.', 'PARTS ENGINEER', '', '', 'RESIGNED'),
(124, 68, 'CENTRAL NEGROS POWER RELIABILITY, INC.', 'AUXILIARY OPERATOR', '', '', 'TRANSFERRED TO WAREHOUSE'),
(125, 68, 'TOYOTA MOTOR PHILIPPINES ', 'OPERATOR AND LOGISTICS', '', '', 'OJT'),
(126, 69, 'Alliance Call  Center', 'Senior Product QA Specialists', '', '2017-09-20', ''),
(127, 69, 'Alliance Call Center', 'Junior Software Tester', '', '', ''),
(128, 69, 'ProvidentialPharma De San Carlos', 'Data Encoder', '', '', ''),
(129, 69, 'SPi Global', 'Content data Specialist', '', '', ''),
(130, 69, 'Municipality of HInigaran - VM Office', 'Office Clerk', '', '', ''),
(131, 70, 'Wartsica- Saudi Arabia', 'Mechanical Engineer', '20016-11-01', '2016-06-01', ''),
(132, 70, 'Magellan Cogenemanation Inc', 'Shift Supervisor', '1997-09-01', '2006-06-01', ''),
(133, 71, 'Pagcor Bacolod CVity', 'Janitor', '', '2014-12-01', 'End of Contract'),
(134, 71, 'Ayala Mall Talisay City', 'Helper', '', '', 'End of Contract'),
(135, 71, 'Tricycle Driver - Talisay City', 'Driver', '', '', 'Present'),
(136, 72, 'Environair Asia Inc. - Las Pi?as City', 'Cadet Engr', '', '', ''),
(137, 72, 'Gracielle Maribao', 'Freelance Writer', '', '', ''),
(138, 73, 'Pilipinas KAO/ PK-JEMCO- Jasaan', 'Electrical Maintenance', '2000-03-01', '2001-05-01', 'Finished Contract'),
(139, 73, 'AL-Rashaid Construction Company/ EEI- Saudi Arabia', 'Pipe Fitter/ Foreman', '2002-02-01', '2012-08-01', 'Finished Contract'),
(140, 73, 'Sankyu/ ATS J.V- Jasaan', 'Mechanical Fitter', '2003-05-01', '2013-07-01', 'Finished Contract'),
(141, 75, 'Shinkosha Philippines - Dasmari?as Cavite', 'CNC Autholate Operator', '', '', 'End of Contact'),
(142, 75, 'House Technology Industries PTF PEZA - Rosario Cavite', 'Quality Control Forklift Operator', '', '', 'Resigned'),
(143, 75, 'KAPCO MAnufacturing Inc. - Rosario Cavite', 'Painting Machine Operator', '', '', 'Resigned'),
(144, 75, 'JA-YOUNG Philipines', 'Press Machine Operator', '', '', 'End of Contract'),
(145, 75, 'SCAD Services Inc. - Rosario Cavite', 'Printing Machine Operator', '', '', 'End of Contract'),
(146, 76, 'Victorias Milling Company (Foundry Department)', 'Shilled Helper', '', '', ''),
(147, 76, 'San Miguel Corp- Sta. Fe Bacolod', 'Processor', '', '', ''),
(148, 76, 'E.D Javier and Associates', 'Foreman', '', '', ''),
(149, 76, 'Super Grow Organization- Sum-ag Bacolod City', 'Foreman', '', '', ''),
(150, 76, 'Cenpri-Energreen Bacolod', 'Contractor', '', '', ''),
(151, 76, 'Triple- A Civil Mechanical Contractor', 'Sun-COn', '', '', ''),
(152, 77, 'Rural Transit Mindanao Inc. Cagayan De Oro', 'Welder', '', '', 'Voluntary Resignation'),
(153, 77, 'Catanduanes Power Generation Inc.- Virac Catanduanes', 'Operator/ Mechanic', '2010-10-18', '2014-06-15', 'Voluntary Resignation'),
(154, 78, 'E.G & I Construction', 'Helper Mechanic', '2013-02-25', '2014-04-01', ''),
(155, 79, 'Distileria Bago Inc, Taloc, Bago City', 'Finance Analyst I', '1996-01-01', '2006-01-01', ''),
(156, 79, 'Distileria Bago Inc. Taloc, Bago City', 'HR Admin Staff', '2016-01-01', '2016-01-01', ''),
(157, 80, 'AA Maricos 1989-1990', 'Oiler', '', '', ''),
(158, 80, 'Sal Fishing Corp', 'Assistant Engineer', '', '', ''),
(159, 81, 'Selma Apparel Corp. EPZA', 'Knitter', '', '', ''),
(160, 81, 'MCI EPZA', 'Helper Mechanic', '', '', ''),
(161, 82, 'Saudi Oger LTD- Riyadh KSA', 'Electro Mechanical Technician', '', '', ''),
(162, 82, 'Lexmark International Phils Inc.', 'Equipment Engineer', '', '', ''),
(163, 82, 'Intercoastal International Technologies Corporation', 'Sales Application Engineer', '', '', ''),
(164, 82, 'Timex Philippines Inc.', 'Toolsetter Technician', '', '', ''),
(172, 85, 'Teletech', 'Senior Operations ', '', '', 'P 25,000 + allowance'),
(173, 85, 'Qallity Incorporated', 'Software Programmer', '', '', 'P 22,000'),
(174, 85, 'Almana Group of Companies', 'Junior Programmer', '', '', 'P 15,000'),
(175, 86, 'CENECO', 'Helplines Operator', '2014-01-08', '2014-07-02', 'End of Contract'),
(176, 86, 'Sanford Marketing Corporation', 'Accounting Clerk', '', '', 'End of Contract'),
(177, 86, 'Negros Women for Tomorrow Foundation', 'HR Clerk', '', '', 'End of Contract'),
(178, 87, 'PNOC-EDC Energy Development Corporation', 'Logistics Driver', '', '', ''),
(179, 87, 'Sunrise Marketing - Bacolod City', 'Delivery Driver', '', '', ''),
(180, 88, 'Merci Bakeshop - Bacolod City', 'Driver', '', '', ''),
(181, 88, 'Nelcorp Heavy Equipment - Bacolod City', 'Driver', '', '', ''),
(182, 88, 'Siccion Corporation - Manila', 'Driver', '', '', ''),
(183, 89, 'Power Up Tutorial Center', 'Tutor', '', '', ''),
(184, 90, 'Department of Agrarian Reform', 'Contract of Service', '2014-04-28', '', 'Contractual'),
(185, 90, 'Golden Sun Finance Corp.', 'Accounting Head', '2012-07-16', '', 'Regular'),
(186, 90, 'Torre Hermanos Agro - Industrial, Inc', 'Accountant', '', '', 'Regular'),
(187, 90, 'A. Lacson Farms, Inc.', 'Accounting Staff', '', '', 'Regular'),
(188, 90, 'Xyzon Inc / Balicas & Lamboso, CPAs', 'Accounting Staff', '', '', 'Regular'),
(189, 90, 'Nico Incorporated', 'Accounting Staff', '', '', 'Regular'),
(190, 91, 'CENECO', 'Board Secretary', '', '', ''),
(191, 91, 'Your Basketball Athletic Club', 'Nurse (Part Time)', '', '', ''),
(192, 91, 'Orange Peel Spa - Derma & Cosmetic Surgery Clinic', 'Clinic Manager', '', '', ''),
(193, 91, 'Southern Management Finance Specialist Corporation', 'Loans Clerk (Part Time)', '', '', ''),
(194, 91, 'Netkape (Internet Cafe)', 'Manager (Part Time)', '', '', ''),
(195, 91, 'Smart Communications, Inc.', 'Retail Sales Officer', '', '', ''),
(196, 92, 'L''Fisher Hotel', 'Payroll In Charge', '', '', ''),
(197, 92, 'Bacolod Columbia Marketing', 'Internal Auditor', '', '', ''),
(198, 92, 'Robinhood Commercial of Bacolod', 'Audit Head', '', '', ''),
(199, 93, 'Negros A-1 Gas Sari-Sari Store', 'Storekeeper', '', '', ''),
(200, 93, 'John B. Lacson College Foundation - Bacolod', 'Faculty', '', '', 'End of Contract'),
(201, 93, 'ABE International Business College', 'Faculty', '', '', 'End of Contract'),
(202, 93, 'Northern Negros State College of Science and Technology', 'Faculty', '', '', 'Resigned'),
(203, 94, 'Tractorco Company Inc.', 'Accountant', '', '', ''),
(204, 94, 'Lacson Group of Companies', 'Junior Accountant', '', '', ''),
(205, 95, 'Philippine Diversified Developers Corporation', 'Junior Accounting Assistant/Accounting Clerk', '', '', 'P 11,400'),
(206, 96, 'Panasiatic Solution Call Center - Bacolod City', 'Customer Service Representative', '', '', ''),
(207, 96, 'SGV & Company - Bacolod City', 'Administrative Personnel', '', '', ''),
(208, 97, 'Transcom', 'Customer Service Representative', '2015-08-03', '2015-09-22', ''),
(209, 97, 'SM Supermarket - SM City Bacolod', 'Accounting Assistant', '2015-01-22', '2015-06-15', ''),
(210, 97, 'Business Inn Hotel - Lacson St.,', 'Accounting Staff', '2011-06-21', '2014-11-24', ''),
(211, 98, 'Self Employed', 'IT Specialist', '', '', ''),
(212, 98, 'MSSC', 'Technical Engineer', '', '', 'P 15,000 -Contractual'),
(213, 98, 'Panasiatic Call Center Inc,', 'Customer Service Representative', '', '', 'P 13,000'),
(214, 98, 'Caltex Gas Station', 'Cashier', '', '', 'P 10,000 - 12,000'),
(215, 99, 'HPOI Corporation', 'QA Engineer', '2014-10-20', '2015-09-30', ''),
(216, 99, 'Muramoto Audi-Visual Philippines, Incorporated', 'QC Engineer / Supervisor', '2012-11-01', '2014-10-15', ''),
(217, 99, 'Sunpower Philippines Manufacturing Limited', 'Lead Technician', '2008-06-10', '2010-02-12', ''),
(218, 100, 'Shanghai Venture, Shanghai, China', 'Test Engineer', '', '', '2 Years'),
(219, 100, 'Cebu Mitsumi, Dano City, Cebu', 'Process Engineer', '', '', '4 Years'),
(220, 100, 'Cebu Micro Electronic, Lapu-Lapu City, Cebu', 'Equipment Engineer', '', '', '5 Months'),
(221, 101, 'Philippine Diversified Developers Corporation', 'Accounting Staff', '', '', ''),
(222, 101, 'Lopues San Sebastian', 'Bookeeper', '', '', ''),
(223, 101, 'Green Horizon Reality Corporation', 'In Charge - Water Division', '', '', ''),
(224, 101, 'Transcom Motors Inc.', 'Disbursement Clerk', '', '', ''),
(225, 103, 'Proxima Centuary', 'Client Relation', '', '', ''),
(226, 103, 'Home Invest', 'Property Associates', '', '', ''),
(227, 103, 'CENECO', 'Helplines Operator', '', '', ''),
(228, 104, 'ACML Management Consultancy', 'Chief Accounting / Fax Consultant', '', '', 'P 30,000 - 40,000'),
(229, 104, 'Xyzon Inc (C.B Fuentesting Consulting)', 'Contract Accounting & Financial Services Supervisor', '', '', ''),
(230, 104, 'Equicom Savings Bank', 'Research / Treasury Assistant', '2002-01-01', '', ''),
(231, 104, 'DPWA - 4XA Engineering District - Bago City', 'Accounting Assistant', '', '', ''),
(232, 104, 'Negros Navigation Company', 'Special Assistant - Confidential Payroll Unit', '', '', ''),
(233, 105, 'Transcom Asia', 'Customer Service Representative', '', '', ''),
(234, 105, 'Joinpiggy', 'Merchant Analyst', '', '', 'P 12,000'),
(235, 107, 'Bacolod Columbia Marketing', 'Accounting Staff', '', '', 'P 300.00 per day'),
(236, 107, 'Coca-Cola Bottlers Philippines, Inc', 'Operator', '', '', ''),
(237, 107, 'Bacolod Triumph Hardware', 'Accounting Staff', '', '', ''),
(238, 107, 'Jude Thaddeus A. Sayson Farm', 'Secretary', '', '', ''),
(239, 110, 'Travellers International Hotel Group, Inc.', 'Audit and Risk Management Officer', '', '', ''),
(240, 110, 'R.G. Manabat & Co / KPMG Center', 'Associate, External Audit Services', '', '', ''),
(241, 111, 'Shoe Earth - Bacolod City', 'Sales Lady', '2001-04-05', '2001-07-05', ''),
(242, 111, 'Toto Fashion - Metro Manila', 'Trimmer', '2003-07-20', '2003-09-06', ''),
(243, 112, 'Proxima Centauri Reality & Development Corp', 'Finance Officer', '', '', ''),
(244, 112, 'Abaca Solutions (PH), Inc', 'Tax Accountanct', '', '', ''),
(245, 113, 'Philippine Airlines - Macro Asia', 'Passenger Service Agent', '2016-03-16', '2017-09-09', ''),
(246, 114, 'PEMO - Negros Occidental', 'Legal Assistant', '', '', ''),
(247, 114, 'Department of Agrarian Reform', 'Legal Officer', '', '', ''),
(248, 114, 'BOEA', 'Medical Representative', '', '', ''),
(249, 114, 'Smart Communications Inc.', 'Customer Service', '', '', ''),
(250, 114, 'California Clothing Inc.', 'Management Trainee', '', '', ''),
(251, 115, 'Avenue Suites Hotel & Spa', 'Front Office Clerk', '', '', '3 months - 298.50 / day'),
(252, 115, 'Macro Asia Airport Services', 'Passenger Seat Agent', '', '', ''),
(253, 117, 'Negros Oriental Business Development Foundation, Inc', 'Executive Assistant', '', '', ''),
(254, 117, 'Dumaguete City, Negros Oriental', 'Clerk', '', '', ''),
(255, 117, 'Negros Oriental Chamber of Commerce & Ind., Inc', 'Executive Secretary', '', '', ''),
(256, 117, 'Dumaguete City, Negros Oriental', 'Project Coordinator', '', '', ''),
(257, 119, 'Macro Asia Services - Philippine Air Lines', 'Customer Service Agent', '', '', ''),
(258, 119, 'Islan Merchants Corporation', 'Admin Staff', '2014-03-13', '2015-08-17', ''),
(259, 119, 'Department of Agrarian Reform', 'Rural Development Facilitator', '2013-05-06', '2014-03-12', ''),
(260, 120, 'SPC Island Power Corp ', 'Result Engineer / Trader', '', '', ''),
(261, 120, 'Trans-Asia Oil and Energy Development Corp', 'Plant Operator', '', '', ''),
(262, 121, 'GC & C Group of Companies', 'Liaison Officer', '', '', 'Resigned'),
(263, 122, 'L''Fisher Hotels', 'Auditor', '2014-07-24', '2017-08-01', ''),
(264, 122, 'Abaca Solutions (PH), Inc.', 'Tax Accountant', '', '', ''),
(265, 122, 'Panasiatic Solutions (PH), Inc.', 'Customer Service Representative', '', '', ''),
(266, 122, 'Abaca Solutions (PH), Inc', 'Bookmarker', '', '', ''),
(267, 123, 'Department of Agrarian Reform', 'Technology Staff', '2011-04-11', '2015-07-31', 'End of Contract'),
(268, 123, 'BHA - New Government Center', 'DO', '2010-10-02', '2011-04-10', ''),
(269, 123, 'Prime Tread Recapping Services', 'Encoder', '2009-05-02', '', ''),
(270, 123, 'Meryl Shoe Center', 'Cashier', '', '', ''),
(271, 123, 'SRDC - Estefania, Fortune Town', 'Encoder / Inspector', '', '', ''),
(272, 124, 'American Power Conversion by Schneider Electric', 'Sr. Inventory Analyst', '', '', ''),
(273, 124, 'Danam Philippines, Inc', 'Sr. Process Engr.', '', '', ''),
(274, 124, 'M. Libis Inc', 'Production Supervisor', '', '', ''),
(275, 124, 'M.A. Technology Inc.', 'Process Engineer', '', '', ''),
(276, 124, 'American Power Conversion', 'Manufacturing Engineer', '', '', ''),
(277, 124, 'Samsung Electro-Mechanics', 'Technical Enginer', '', '', ''),
(278, 126, 'Philex Group Foundation Inc.', 'Finance and Admin Supervisor', '', '', ''),
(279, 126, 'Divino and Gavino Law Offices', 'Accountant', '', '', ''),
(280, 126, 'Source Asia Business Inc.', 'Business Development Officer', '', '', ''),
(281, 126, 'TUV SUD PSB Philippines Inc', 'Accounting Officer', '', '', ''),
(282, 126, 'Tan Acut & Lopez Law Offices', 'Accounting Head', '', '', ''),
(283, 130, 'Golden Arches Development Corporation', 'Service Crew', '', '', ''),
(284, 131, 'KGB - Philippines Inc', 'Team Manager', '', '2012-12-01', ''),
(285, 131, 'KGB - Philippines Inc', 'Lead CSR', '', '', ''),
(286, 131, 'KGB - Philippines Inc', 'Customer Service Representative', '', '', ''),
(287, 132, 'The Astra Group Inc.', 'Accounting Assistant II', '', '', ''),
(288, 132, 'Pan Cake House, Inc.', 'Accounting Assistant - AP Sales', '', '', ''),
(289, 132, 'PLW Advertising', 'General Accounting Assistant', '', '', ''),
(290, 132, 'Palamigan Food Corporation', 'Accounting Assistant', '', '', ''),
(291, 133, 'Philippine Rice Research Institute', 'Finance Analyst', '', '', 'Opted not to renew contract ; Status: Contractor'),
(292, 133, 'Golden Sun Finance Corporation', 'Bookeeper - Cebu Branch', '', '', 'Termination due to closure of Cebu Branch Office'),
(293, 134, 'Nissan Bacolod ', 'Trainee/Mechanic Helper', '', '2014-05-30', ''),
(294, 134, 'Veles Auto Repair Shop', 'Trainee/Mechanic Helper', '', '2015-05-31', ''),
(295, 134, 'Toyota Motor Philippines', 'Trainee/Mechanic Helper', '', '2016-06-17', ''),
(296, 136, 'Steel Art Billboard, Agency, Inc.', 'Compensation and Benefits', '', '', 'Contractual'),
(297, 136, 'Steel Art Billboard, Agency, Inc.', 'HR/Admin', '', '', 'Iloilo Area'),
(298, 136, 'Steel Art Billboard, Agency, Inc.', 'Recruitement', '', '', ''),
(299, 136, 'Steel Art Billboard, Agency, Inc.', 'Employee Relations', '', '', ''),
(300, 136, 'Psyche health Assesment and Counselling Center', 'Apprenticeship', '', '', ''),
(301, 139, 'Teletech-Bacolod', 'CSR-1', '2017-07-31', '', ''),
(302, 139, 'Tractoro Comp. Inc. - Talisay City', 'Parts Sales', '', '', ''),
(303, 139, 'Boutique Publishing PZ - LCC- Dubai, UAE', ' Personal Asisstant (Director)', '', '', ''),
(304, 139, 'Tractoro Comp. Inc. - Talisay CityTra', 'Parts Manager', '', '', ''),
(305, 139, 'Grand Royals  Spa- Bacolod 6th Lacson St.', 'Spa Supervisor', '', '', ''),
(306, 139, 'Grand Royals  Spa- Bacolod 6th Lacson St.', 'Massage Therapist/Receptionist', '', '', ''),
(307, 139, 'Nidec Precision Philippines Corp. - Bi?an Laguna', 'Operator/Line Leader/Maintenance Technician', '', '', ''),
(308, 141, 'South Bacolod General Hospital', 'Warehouse Staff', '2015-10-05', '', 'Present'),
(309, 141, 'Afghan Fleet General Service', 'Warehouse Supervisor', '2012-02-15', '2014-08-15', ''),
(310, 141, 'Ams/No Lemon LTD', 'QC Supervisor', '2007-02-23', '2011-06-15', ''),
(311, 141, 'Sason Shop Inc. - Bacolod', 'Property Custodian', '2006-05-01', '2007-05-31', ''),
(312, 141, 'Sikatuna - Inihaw Resto', 'Account Manager', '2003-02-01', '2006-05-31', ''),
(313, 141, 'Mercantile Micro Insurance ', 'Admin Personnel', '2002-07-01', '2003-02-15', ''),
(314, 142, 'MPC (Bonifacio Global Center)', '', '', '', ''),
(315, 146, 'National Power Corporation ', 'Mechanic A', '', '', 'Expire Appointment'),
(316, 146, '(MCI) Magellan Cogeneration Incorporated', 'ED Lead Mechanic', '', '', 'Company Close'),
(317, 146, 'Power Owe', 'O/M Supervisor', '', '', 'Stop Operation'),
(318, 147, 'Powersource Philippines Development Corp.', 'Accountant', '', '', 'Present'),
(319, 147, 'Maibarara Geothermal, Inc.', 'Treasury Assistant', '', '', ''),
(320, 147, 'Puregold Price Club Inc.', 'Financial Control Assistant', '', '', ''),
(321, 148, 'N/A', 'N/A', '', '', 'N/A'),
(322, 149, 'Central Negros Electric Cooperative ', 'General Manager', '', '', ''),
(323, 149, 'Central Negros Electric Cooperative ', 'Assistant General Manager', '', '', ''),
(324, 149, 'Central Negros Electric Cooperative ', 'Engineer Manager', '', '', ''),
(325, 149, 'A.S Diaz Elect. Service, Inc.', 'Supervisor', '', '', ''),
(326, 150, 'Convergys/Mandalagan, Bacolod City', 'Customer Service Assistant', '', '', 'Resigned'),
(327, 150, 'University Research Center - USLS', 'OJT', '', '', ''),
(328, 150, 'Landbank/Gatuslao St., Bacolod City', 'OJT', '', '', ''),
(329, 152, 'Loxo Living - Australia (Homebased)', 'EDM - Coordinator', '', '', ''),
(330, 154, 'Civil Aeronautics Board (AB)', 'Passengers Right Action-Bacolod Silay Airport', '2017-09-11', '', 'JO'),
(331, 154, 'Manila International Airport Authority (MIIA)', 'Research Offiver Analyst - Pasay City (NAIA)', '2008-06-10', '2017-09-03', 'Resigned'),
(332, 154, 'Sykes Asia', 'Customer Service Associate - Makati City', '2007-03-18', '2008-06-02', ''),
(333, 155, 'The Visayan Daily Star Publications Inc.', 'G.M.', '2005-01-01', '2018-01-01', ''),
(334, 155, 'Purefoods Hormel Co. Inc.,', 'Plant Utilities, Project Engineer', '1999-01-01', '2001-01-01', ''),
(335, 155, 'Digital Strategists Inc.', 'Senior Web Developer', '1998-01-01', '1993-01-01', ''),
(336, 167, 'Galleon Enterprises Telecom', 'Sales Representative', '2018-08-28', '2019-01-28', 'End of contract'),
(337, 168, 'Philippine Statistics Authority', 'Statistical Researcher', '2018-07-09', '2018-07-31', 'finished'),
(338, 168, 'Philippine Statistics Authority', 'Statistical Researcher', '2018-08-20', '0018-08-29', 'finished'),
(339, 168, 'Philippine Statistics Authority', 'Statistical Researcher', '2018-10-27', '2018-10-31', 'finished'),
(340, 168, 'Philippine Statistics Authority', 'Statistical Researcher', '2019-11-19', '2018-11-30', 'finished'),
(341, 169, 'Philippine Electricity Market Corporation', 'Participant Support', '', '', 'Transition between WESM to IEOMOP'),
(342, 169, 'Banco De Oro- Bacolod Araneta', 'Cash Sorter/Teller', '', '', 'Resigned'),
(343, 170, 'Philex Group Foundation Inc.', 'Finance and Admin Supervisor', '2012-09-01', '', 'Gen. Acctg Services in-charge of Financial'),
(344, 170, 'Divino and Gavino Law Offices', 'Accountant', '', '', 'Report in external Parties'),
(345, 170, 'Source Asia Business Inc', 'Bus. Devt Officer', '', '', 'Study of marketable HRM Courses'),
(346, 170, 'TNU Sud PSB Phils Inc', 'Acctg Officer', '', '', 'Responsible for monitoring scheduling of payables'),
(347, 170, 'Tan Newt Lopez Law Offices', 'Acctg Officer', '', '', 'Gen Acctg Services in-charge of financial reports'),
(348, 171, 'AGP CONT.', 'SKILLED HELPER', '', '', ''),
(349, 171, 'LIBRAMART', 'BAGGER', '', '', ''),
(350, 171, 'ENERGREEN POWER INTER-ISLAND CORP', 'WAREHOUSE HELPER', '', '', ''),
(351, 172, 'N/A', '', '', '', ''),
(352, 173, 'Outdoor Master PH, Bacolod City', 'Social Media Specialist PR Officer', '', '', ''),
(353, 173, 'Headrush & Homegrown Production BCD', 'Freelance Production Head', '', '', ''),
(354, 173, 'Transcom PH, Bacolod City', 'CSR Billing Dept', '', '', ''),
(355, 174, 'Mc Donald Lacson', 'Service Crew', '', '', ''),
(356, 174, 'Mc & Synch Mechandiser (Pepsi Cola Products)', 'Encoder', '', '', ''),
(357, 174, 'MIM''s Pharmacy', 'Pharmacy Assistant/Cashier', '', '', ''),
(358, 174, 'The Generics Pharmacy', 'Pharmacy Assistant/ Cashier', '', '', ''),
(359, 174, 'Sidestreet Internet cafe', 'Internet Attendant/Cashier', '', '', ''),
(360, 174, 'Sea Breeze Hotel', 'Front Desk', '', '', ''),
(361, 175, 'A10 Concept', 'Sales Executive', '', '', ''),
(362, 175, '51 Talk', 'Office Based Online Teacher', '', '', ''),
(363, 175, 'Convergy''s', 'CSA', '', '', ''),
(364, 177, 'Mega Masterlink', 'Q/Technical Engineer', '', '', 'resigned'),
(365, 177, 'Newton Electrical Equipment', 'QA Supervisor', '', '', 'resigned'),
(366, 177, 'Phelps Dodge', 'Team Leader', '', '', 'resigned'),
(367, 178, 'Pacubas General Services Inc', 'Nurse', '2016-12-14', '', ''),
(368, 178, 'Global Pro Workers Cooperative', 'nurse', '2013-01-01', '2016-12-13', ''),
(369, 178, 'The Doctor''s Hospital', 'Reliever Nurse', '2011-09-19', '2012-05-01', ''),
(370, 178, 'Cadiz District Hospital', 'Volunter Nurse', '2010-11-15', '2011-05-15', ''),
(371, 179, 'Bacolod City Public Information Office', 'Graphic Desinger/ Social Media Manager', '', '', ''),
(372, 179, 'Ripe Concepts Inc. Cebu CIty', 'Design Associate', '', '0007-02-01', ''),
(373, 180, 'JGM Finance Corp Bacolod City', 'Internal Auditor', '', '', ''),
(374, 180, 'Negros Women for Tomorrow Foundation Inc', 'Branch Bookeeper', '', '', ''),
(375, 180, 'Lopues San Sebastian Bacolod City', 'Office Clerk', '', '', ''),
(376, 180, 'Government Service & Insurance Sysem', 'Encoder/Apprentice', '', '', ''),
(377, 181, 'The Astra Group Inc', 'Acctg Assistant II', '', '', 'up to present'),
(378, 181, 'Pancake House Inc', 'Acctg Assistant', '', '', ''),
(379, 181, 'PLW Advertising ', 'Gen. Acctg Assistant', '', '', ''),
(380, 181, 'Palamigan Foods Corp', 'Acctg Assistant', '', '', ''),
(381, 182, 'Philplans Bacolod City', 'Marketing Assistant', '', '', ''),
(382, 182, 'CEMEA Engineering Services and Consultancy Company Design and construction', 'Field Engineer', '2015-10-01', '', ''),
(383, 182, 'Asiaphil Group of Companies', 'Field Engineer Services', '', '', ''),
(384, 182, 'All North Industries/Samsung Elec Corp', 'QA/QC Engineer', '', '', ''),
(385, 183, 'INDUCTOCAST (PHIL) INC.', 'WAREHOUSE SUPERVISOR', '', '', ''),
(386, 183, 'ATLAS CONSOLIDATED MINING AND DEVELOPMENT CORP', 'GENERAL FOREMAN', '', '', ''),
(387, 183, 'MAGELLAN COGENERATION INC', 'FOREMAN', '', '', ''),
(388, 183, 'CARMEN COPPER CORP', 'SUPERVISOR', '', '', ''),
(389, 183, 'PARAMINA EARTH TECHNOLOGIES', 'SUPERVISOR', '', '', ''),
(390, 183, 'ENERGREEN/ CENPRI', 'SUPERVISOR', '', '', ''),
(391, 184, 'CENPRI', 'Plant Mechanic', '2017-11-01', '2018-06-01', 'End of Contract'),
(392, 184, 'Pilipinas KAO Inc', 'Instrument Mechanic', '2017-07-01', '2017-09-01', 'End of Contract'),
(393, 185, 'FACILITIES PROTECTION INC', 'ACCOUNTING ASST.', '2015-06-01', '2017-09-01', ''),
(394, 185, 'UNITED HARVEST CORP', 'ADMIN / SALES ASST.', '', '', ''),
(395, 185, 'ORION MAXIS INC.', 'ACCOUNTING RECEIVABLE SPECIALIST ', '', '', ''),
(396, 185, 'EAGLE WATCH SECURITY SERVICES', 'BILLING AND COLLECTION OFFICER', '', '', ''),
(397, 185, 'MERCURY DRUG CORP', 'PROJECT EMPLOYEE', '', '', ''),
(398, 185, 'BACOLOD CHICKEN INASAL', 'DELIVERY ATTENDANT', '', '', ''),
(399, 185, 'WEST NEGROS COLLEGE', 'STUDENT ASSISTANT', '', '', ''),
(400, 59, 'ASIA BREWERY INCORPORATED', 'MACHINIST/ WELDER', '', '', ''),
(401, 59, 'MAGELLAN CONGREGATION INCORPORATED', 'MACHINIST/ WELDER/ MECHANIC', '', '', ''),
(402, 59, 'METAL FORMING CORPORATION', 'MECHANICAL MAINTENANCE', '', '', ''),
(403, 59, 'PREMIUM PACKAGING INTERNATIONAL', 'MACHINIST', '', '', ''),
(404, 62, 'LEPANTO MINING CORP', 'HYDRAULIC MECHANIC', '', '2012-01-02', ''),
(405, 63, 'FUGELMAN', 'ELECTRICAL', '2016-09-30', '2016-10-28', ''),
(406, 63, 'SIPC', 'EIC', '2014-05-30', '2016-06-04', ''),
(407, 68, 'HYUNDAI ELITE SERVICES', 'ALL AROUND TRAINEE', '', '', 'OJT'),
(408, 186, 'Focus Direct, Inc.', 'QA Specialist', '', '', 'Resigned'),
(409, 187, 'N/A', 'N/A', '', '', ''),
(410, 188, 'Freelancer Online', 'Graphic Designer', '', '', 'Freelance'),
(411, 189, 'East West Banking Corporation', 'Branch Operations Associate', '', '', 'Miscarriage'),
(412, 189, 'Talisay Rural Bank, Inc.', 'Savings Bookkeeper, Teller, Assistant Compliance Officer', '', '', 'None'),
(413, 189, 'Negros Grace Pharmacy', 'Sales Clerk', '', '', 'None'),
(414, 189, 'PLDT', 'OJT', '', '', 'OJT'),
(415, 189, 'SSS', 'Summer Job Trainee', '', '', 'None'),
(416, 190, 'Power Generator Solutions', 'Motor Generator Repairer', '', '', ''),
(417, 190, 'Newton Electrical Equipment Co. Inc.', 'Motor Mechanic Supervisor', '', '', ''),
(418, 191, 'Merczi / Hervias Village Brgy. Villamonte', 'Checker', '2018-09-21', '2019-03-10', 'End Contract'),
(419, 191, 'Jollibee East', 'Dining', '2017-03-31', '2018-04-06', 'Took Board Exam'),
(420, 192, 'Aldrtz Corporation', 'Procurement Specialist', '2016-11-16', '2019-08-15', 'Resigned/ Retrenchment'),
(421, 192, 'Inovadis, Inc.', 'Sales Staff/ Cash Custodian/ Purchaser', '2016-03-16', '2019-09-16', 'Resigned'),
(422, 193, 'Ramsgate Lending Corp', 'Accounting Clerk', '2013-05-01', '2014-04-30', 'Resigned'),
(423, 193, 'Sanford Mktg. Corp. (Savemore)', 'Accounting Assistant', '2014-10-23', '2016-05-06', 'Resigned'),
(424, 193, 'Safefuel Distribution Inc.', 'Accounting Staff', '2017-01-24', '2018-05-27', 'Resigned'),
(425, 193, 'Teletech', 'Customer Service Rep', '2018-12-10', '2019-03-09', 'Contractual'),
(426, 194, 'Silver Dragon Construction Comany', 'Accounting Staff', '2019-04-15', '2019-08-31', 'Resigned'),
(427, 194, 'Victorias Milling Company', 'Accounting Staff', '2019-07-01', '2019-04-15', 'Resigned'),
(428, 194, 'Victorias Milling Company', 'Executive Assistant', '2017-12-26', '2019-06-30', 'Transfer'),
(429, 195, 'Marosvill Development Corporation', 'Accounting Manager', '2017-08-16', '2019-08-22', 'Resigned'),
(430, 195, 'Cost Processing and Accounting Services', 'Admin Assistant/ Bookkeeper', '2014-07-11', '2017-08-15', 'Resigned'),
(431, 195, 'Azine Arms Ammo', 'Finance Staff/ Bookkeeper', '2013-07-01', '2014-07-01', 'Resigned'),
(432, 196, 'ZAFF Trading Co. LLC (Dubai)', 'Accountant', '2017-05-01', '2019-07-31', 'Resigned'),
(433, 196, 'APERVI (Mandalagan, Bacolod)', 'Accounting Clerk', '2014-05-02', '2014-01-17', 'Resigned'),
(434, 196, 'JGM Finance Corp', 'Bookkeeper', '2010-08-20', '2010-03-01', ''),
(435, 197, 'Energy Regulatory Commission', 'Data Controller II', '2018-06-01', '2019-06-01', 'Resigned'),
(436, 197, 'Grid Management Committee', 'Financial Analyst', '2015-06-01', '2018-06-01', 'Resigned'),
(437, 198, 'TNR Hotels Corp / Business Inn', 'Payroll Clerk', '', '2019-09-15', 'Resigned'),
(438, 199, 'WBR (Wowowin)', 'Accountant', '2017-09-20', '', ''),
(439, 199, 'Philip Morris Fortune Tabacco Company', 'Sales Finance Officer', '2012-06-16', '2016-12-31', ''),
(440, 199, 'Wellmade Manufacturing', 'Branch Accountant', '2009-06-16', '2012-06-01', ''),
(441, 199, 'Accent Micro Products', 'Auditor & Cost Accountant', '2008-03-07', '2009-02-20', ''),
(442, 199, 'Hanson Commercial ', 'Accounting Clerk', '2003-08-16', '2004-03-24', ''),
(443, 199, 'Marina Sales, Inc.', 'Bookkeeper', '2000-10-17', '2003-05-09', ''),
(444, 200, 'Midasace Distribution Sales Inc.', 'Showroom Supervisor', '2018-02-28', '2018-11-10', ''),
(445, 200, 'JGM Finance Corporation', 'Senior Bookkeeper', '2014-02-04', '2017-08-10', ''),
(446, 200, 'Negros Longlife Corporation', 'Admin & Collection Staff', '0013-05-13', '2014-01-31', ''),
(447, 201, 'Kooll Company Inc.', 'QA', '2017-11-01', '2018-07-01', 'Contractual'),
(448, 201, 'Coca-Cola FEMSA Phil Inc', 'Lab Assistant', '2017-02-01', '2017-08-01', 'Contractual'),
(449, 201, 'Central Azucarera de La Carlota, Inc.', 'Process Analyst', '2015-10-01', '2015-12-01', 'Contractual'),
(450, 202, 'Dunnganon Bank, Inc.', 'Accounting Officer', '2017-01-01', '', ''),
(451, 202, 'Dunnganon Bank, Inc.', 'Credit Officer/ Sales Officer', '2011-01-01', '2017-01-01', 'Transferred'),
(452, 202, 'Dunnganon Bank, Inc.', 'Bookkeeper', '2006-01-01', '2011-01-01', 'Transferred'),
(453, 202, 'NWTF', 'Reconciling Clerk', '2013-01-01', '2006-01-01', 'Transferred'),
(454, 203, 'Ezecutive Centure ', 'Linen Supervisor / Office Staff', '2019-02-06', '2019-07-31', 'End Contract'),
(455, 203, 'Citihardware - Tangub', 'Head Cashier', '2014-03-31', '2019-01-31', 'Resigned'),
(456, 203, 'Citihardware - Tangub', 'Cashier', '2013-07-23', '2014-03-30', 'Promoted'),
(457, 203, 'Casamia Furniture / SM Our Home', 'Invoicer / Checker', '2012-10-29', '2013-03-28', 'End Contract'),
(458, 203, 'Day Care ', 'Teacher Assistant', '2012-05-23', '2012-08-03', 'End Contract'),
(459, 204, 'Victorias Milling Company', 'Unit Manager/ Payroll Accounting', '2018-08-01', '', ''),
(460, 204, 'Metro Retail Stores Group, Inc.', 'Credit & Collection Supervisor', '2014-04-01', '2018-08-01', 'Resigned'),
(461, 204, 'Bank Ways, Inc.', 'Teller / Bookkeeper', '2002-04-01', '2013-01-01', 'Resigned'),
(462, 204, 'Ford Cebu', 'Cashier / Credit and Collection Specialist', '2010-09-01', '2012-04-01', 'Resigned'),
(463, 204, 'Negros Agricultural Ent.', 'Cashier / Statutory Officer / Bookkeeper', '2004-09-01', '2010-02-01', 'Resigned');

-- --------------------------------------------------------

--
-- Table structure for table `evaluation`
--

CREATE TABLE IF NOT EXISTS `evaluation` (
`eval_id` int(11) NOT NULL,
  `personal_id` int(20) NOT NULL,
  `eval_file` varchar(255) DEFAULT NULL,
  `eval_period` varchar(255) DEFAULT NULL
) ENGINE=InnoDB AUTO_INCREMENT=544 DEFAULT CHARSET=latin1;

--
-- Dumping data for table `evaluation`
--

INSERT INTO `evaluation` (`eval_id`, `personal_id`, `eval_file`, `eval_period`) VALUES
(1, 121, 'Tan_Teresa_Performance Evaluation 20151.pdf', 'Performance Evaluation 2015'),
(2, 121, 'Tan_Teresa_Performance Evaluation Jan-Dec 2016152.pdf', 'Performance Evaluation Jan-Dec 201615'),
(3, 121, 'Tan_Teresa_Assessment and Evaluation 20173.pdf', 'Performance Assessment & Evaluation (Annual Evaluation 2017)'),
(11, 126, 'Bandong_Maria Farah Adela_Performance Evaluation 20141.pdf', 'Performance Evaluation 2014'),
(51, 90, 'Danoy_Gretchen_Performance Assessment & Evaluation 20171.pdf', 'Performance Assessment & Evaluation (Annual Evaluation 2017)'),
(52, 90, 'Danoy_Gretchen_Performance Evaluation 20152.pdf', 'Performance Evaluation 2015'),
(53, 90, 'Danoy_Gretchen_Performance Evaluation 20163.pdf', 'Performance Evaluation 2016'),
(80, 88, 'Carbaquil_Rey_Performance Assessment & Evaluation 20141.pdf', 'Performance Assessment & Evaluation (Annual Evaluation 2017)'),
(81, 88, 'Carbaquil_Rey_Performance Evaluation 20162.pdf', 'Performance Evaluation 2016'),
(87, 91, 'Dato_Merry Michelle_Performance Assessment & Evaluation-Probationary1.pdf', 'Performance Assessment & Evaluation-Probationary'),
(88, 91, 'Dato_Merry Michelle_Performance Assessment & Evaluation 20172.pdf', 'Performance Assessment & Evaluation 2017'),
(98, 92, 'De Los Santos_Joemar_Performance Assessment & Evaluation 20171.pdf', 'Performance Assessment & Evaluation (Annual Evaluation 2017)'),
(99, 92, 'De Los Santos_Joemar_Performance Assessment & Evaluation 20162.pdf', 'Performance Assessment & Evaluation (3rd Month Evaluation)'),
(109, 93, 'Dujenio_Butch_Performance Evaluation 20171.docx', 'Performance Evaluation 2017'),
(110, 93, 'Dujenio_Butch_Performance Evaluation 20162.docx', 'Performance Evaluation 2016'),
(111, 93, 'Dujenio_Butch_3.jpg', ''),
(112, 93, 'Dujenio_Butch_4.jpg', ''),
(113, 93, 'Dujenio_Butch_5.jpg', ''),
(114, 93, 'Dujenio_Butch_6.jpg', ''),
(115, 95, 'Gabales_Zara Joy_Performance Assessment & Evaluation 20171.pdf', 'Performance Assessment & Evaluation (Pre-regularization)'),
(122, 96, 'Gallo_Relsie_1.jpg', ''),
(123, 96, 'Gallo_Relsie_2.jpg', ''),
(124, 96, 'Gallo_Relsie_3.jpg', ''),
(125, 96, 'Gallo_Relsie_4.jpg', ''),
(126, 96, 'Gallo_Relsie_5.jpg', ''),
(127, 96, 'Gallo_Relsie_6.jpg', ''),
(128, 96, 'Gallo_Relsie_7.jpg', ''),
(129, 96, 'Gallo_Relsie_8.jpg', ''),
(130, 96, 'Gallo_Relsie_9.jpg', ''),
(131, 96, 'Gallo_Relsie_10.jpg', ''),
(132, 96, 'Gallo_Relsie_11.jpg', ''),
(133, 96, 'Gallo_Relsie_12.jpg', ''),
(134, 96, 'Gallo_Relsie_13.jpg', ''),
(135, 96, 'Gallo_Relsie_14.jpg', ''),
(136, 96, 'Gallo_Relsie_15.jpg', ''),
(137, 96, 'Gallo_Relsie_16.jpg', ''),
(138, 96, 'Gallo_Relsie_17.jpg', ''),
(139, 97, 'Grabillo_Celina Marie_Evaluation 20161.pdf', 'Evaluation 2016'),
(140, 97, 'Grabillo_Celina Marie_Evaluation 2017 & Employees Profile2.pdf', 'Evaluation 2017 & Employees Profile'),
(173, 103, 'Labiao_Orville Zoilo_1.jpg', ''),
(174, 103, 'Labiao_Orville Zoilo_2.jpg', ''),
(175, 103, 'Labiao_Orville Zoilo_3.jpg', ''),
(176, 103, 'Labiao_Orville Zoilo_4.jpg', ''),
(177, 103, 'Labiao_Orville Zoilo_5.jpg', ''),
(178, 105, 'Nillos_Lester_Performance Evaluation 20181.docx', 'Performance Evaluation 2018'),
(179, 105, 'Nillos_Lester_2.jpg', ''),
(180, 105, 'Nillos_Lester_3.jpg', ''),
(181, 105, 'Nillos_Lester_4.jpg', ''),
(182, 105, 'Nillos_Lester_5.jpg', ''),
(183, 105, 'Nillos_Lester_6.jpg', ''),
(184, 105, 'Nillos_Lester_7.jpg', ''),
(185, 105, 'Nillos_Lester_8.jpg', ''),
(202, 108, 'Plaza_Charmaine Rei_Performance Evaluation June-Dec 20161.pdf', 'Performance Evaluation 2016'),
(207, 112, 'Rosales_Zyndyryn_Evaluation 20151.pdf', 'Performance Evaluation 2015'),
(208, 112, 'Rosales_Zyndyryn_Evaluation 20162.pdf', 'Performance Evaluation 2016'),
(209, 112, 'Rosales_Zyndyryn_Assessment and Evaluation 20173.pdf', 'Performance Assessment & Evaluation (Annual Evaluation 2017)'),
(232, 141, 'Globert _Felipe III_Performance Evaluation 3rd Month1.pdf', 'Performance Evaluation 3rd Month'),
(233, 141, 'Globert _Felipe III_Performance Evaluation (Pre-Regularization)2.pdf', 'Performance Evaluation (Pre-Regularization)'),
(234, 141, 'Globert _Felipe III_Performance Assessment & Evaluation (Annual Evaluation 2018)3.pdf', 'Performance Assessment & Evaluation (Annual Evaluation 2018)'),
(240, 75, 'Fernandez_Julius_Performance Evaluation 20151.pdf', 'Performance Evaluation 2015'),
(241, 81, 'Fortuno_Luisito_Performance Evaluation 20151.pdf', 'Performance Evaluation 2015'),
(242, 142, 'Golvio_Mikko_Performance Evaluation 20151.pdf', 'Performance Evaluation 2015'),
(243, 142, 'Golvio_Mikko_Performance Evaluation 20162.pdf', 'Performance Evaluation 2016'),
(244, 7, 'Jardinico_Stephen_PE 3rd Month1.pdf', 'Performance Assessment & Evaluation (3rd Month Evaluation)'),
(245, 9, 'LABANON_JOEY_Performance Evaluation 20151.pdf', 'Performance Evaluation 2015'),
(246, 1, 'Adorio_Marlon_Performance Evaluation 20151.pdf', 'Performance Evaluation 2015'),
(247, 1, 'Adorio_Marlon_Performance Evaluation 20162.pdf', 'Performance Evaluation 2016'),
(248, 144, 'Alejandro_John Ezequiel_Performance Evaluation 20151.pdf', 'Performance Evaluation 2015'),
(249, 4, 'Alevio_Carlito_Performance Evaluation 20141.pdf', 'Performance Evaluation 2014'),
(250, 6, 'Alova_Regina_Performance Assessment & Evaluation (3rd Month Evaluation)1.pdf', 'Performance Assessment & Evaluation (3rd Month Evaluation)'),
(251, 8, 'Alunan _Rebecca_Performance Evaluation 20161.pdf', 'Performance Evaluation (Probationary)'),
(252, 8, 'Alunan _Rebecca_Performance Evaluation 20172.pdf', 'Performance Evaluation 2016'),
(253, 44, 'Ambong_Fleur De Liz_Readiness Review1.pdf', 'Readiness Review'),
(254, 44, 'Ambong_Fleur De Liz_Performance Evaluation 20152.pdf', 'Performance Evaluation 2015'),
(255, 50, 'Angulo_Genaro _Performance Evaluation 20151.pdf', 'Performance Evaluation 2015'),
(256, 54, 'Arroyo_Alona_Performance Evaluation 20151.pdf', 'Performance Evaluation (Trainee)'),
(257, 57, 'Bating_Rashelle Joy_Performance assessment and evaluation jan-dec 20171.pdf', 'Performance assessment and evaluation (Pre-Regularization))'),
(258, 55, 'Baculio_Joemillan_Performance Evaluation 20151.pdf', 'Performance Evaluation 2015'),
(259, 59, 'Bawar_Gener_Performance Assessment Report and PE Results 20161.pdf', 'Performance Assessment Report and Evaluation (Pre-Regularization)'),
(260, 62, 'Beato_Ruel_Performance Assessment & Evaluation Jan-Dec 20171.pdf', 'Performance Assessment & Evaluation (Annual Evaluation 2017)'),
(261, 64, 'Cababat_Vency_Performance Evaluation 20161.pdf', 'Performance Evaluation 2016'),
(262, 65, 'Canama_Rusty_Performance Assessment & Evaluation 20171.pdf', 'Performance Assessment & Evaluation (Annual Evaluation 2017)'),
(263, 66, 'Corino_Exequil_Performance Evaluation 20161.pdf', 'Performance Evaluation 2016'),
(264, 66, 'Corino_Exequil_Performance Evaluation Jan 20172.pdf', 'Performance Evaluation (Probationary)'),
(265, 67, 'Dagupan_Juanito_Performance Evaluation 20151.pdf', 'Performance Evaluation 2015'),
(266, 41, 'maglinte_Danilo_Performance Evaluation 20161.pdf', 'Performance Evaluation 2016'),
(267, 71, 'Factolerin_Jerson_Performance Evaluation 3rd Month1.pdf', 'Performance Assessment & Evaluation (3rd Month Evaluation)'),
(268, 71, 'Factolerin_Jerson_Performance Evaluation (Pre-Regularization)2.pdf', 'Performance Assessment & Evaluation (Pre-regularization)'),
(269, 71, 'Factolerin_Jerson_Performance Evaluation 20173.pdf', 'Performance Assessment & Evaluation (Annual Evaluation 2017)'),
(273, 107, 'Oquiana_Ma. Erika_Performance Evaluation 20161.pdf', 'Performance Evaluation 2016'),
(277, 113, 'Saludo_Genie_Performance Assessment Report and PE Results Sept 2017-June 20181.pdf', 'Performance Assessment Report and PE Results Sept 2017-June 2018'),
(278, 114, 'Sanchez_Daisy Jane_Assessment and Evaluation Jan-Dec 20171.pdf', 'Assessment and Evaluation (Annual Evaluation 2017)'),
(279, 122, 'Sarroza_Rosemarie_Assessment and Evaluation 20171.pdf', 'Assessment and Evaluation (3rd Month Evaluation)'),
(280, 128, 'Severino_Stephine David_Performance Assessment Report and PE Results 20181.pdf', 'Performance Assessment & Evaluation (3rd Month Evaluation)'),
(281, 117, 'Sinoro_Syndey_Performance Assessment & Evaluation 20161.pdf', 'Performance Assessment & Evaluation (3rd Month Evaluation)'),
(282, 118, 'Tabilla_Marianita_Assessment and Evaluation Jan-Dec 20171.pdf', 'Assessment and Evaluation (Pre-Regularization)'),
(284, 119, 'Tagalog_Krystal Gayle_Assessment and Evaluation Sept 2017-June 20181.pdf', 'Performance Assessment & Evaluation (Pre-regularization)'),
(285, 49, 'Ortega_Andro_Performance Evaluation 20151.pdf', 'Performance Evaluation 2015'),
(286, 49, 'Ortega_Andro_Performance Evaluation 20162.pdf', 'Performance Evaluation 2016'),
(287, 49, 'Ortega_Andro_Performance Evaluation 20173.pdf', 'Performance Assessment & Evaluation (Annual Evaluation 2017)'),
(288, 123, 'Villas_Dary Mae_Employees Profile and Evaluation 20161.pdf', 'Employees Profile and Evaluation (5th Month Evaluation)'),
(290, 2, 'Arsenio_Rhea_Performance Assessment & Evaluation (3rd Month Evaluation 2016)1.pdf', 'Performance Assessment & Evaluation (3rd Month Evaluation 2016)'),
(291, 85, 'Benares_Jonah Faye_Performance Assessment & Evaluation 20181.pdf', 'Performance Assessment & Evaluation (Annual Evaluation 2017)'),
(293, 151, 'Bias_Kervic_Performance Assessment & Evaluation 20181.pdf', 'Performance Assessment & Evaluation (3rd Month Evaluation)'),
(294, 87, 'Calibjo_Joemarie_Performance Evaluation 20151.pdf', 'Performance Evaluation 2015'),
(295, 51, 'Arana_Ma. Milagros_Performance Evaluation 20161.pdf', 'Performance Evaluation 2016'),
(296, 86, 'Cabaylo_Maylen_Performance Assessment & Evaluation May 20181.pdf', 'Performance Assessment & Evaluation (Annual Evaluation 2017)'),
(297, 86, 'Cabaylo_Maylen_Employee''s Profile and Evaluation 20152.pdf', 'Employee''s Profile and Evaluation 2015'),
(298, 86, 'Cabaylo_Maylen_Performance Evaluation 20163.pdf', 'Performance Evaluation 2016'),
(299, 89, 'Caballero_Angelika_Performance Assessment & Evaluation 20171.pdf', 'Performance Assessment & Evaluation 2017'),
(300, 89, 'Caballero_Angelika_Performance Assessment & Evaluation 20162.pdf', 'Performance Assessment & Evaluation 2016'),
(301, 87, 'Calibjo_Joemarie_Performance Evaluation 20162.pdf', 'Performance Evaluation 2016'),
(302, 87, 'Calibjo_Joemarie_Performance Assessment Report & Evaluation 20183.pdf', 'Performance Assessment Report & Evaluation (Annual Evaluation 2017)'),
(305, 94, 'Espera_Imelda_Performance Evaluation 20141.pdf', 'Performance Evaluation 2014'),
(306, 94, 'Espera_Imelda_Performance Evaluation 20152.pdf', 'Performance Evaluation 2015'),
(307, 94, 'Espera_Imelda_Performance Assessment & Evaluation 20183.pdf', 'Performance Assessment & Evaluation (Annual Evaluation 2017)'),
(309, 102, 'Flor_Jason_Performance Assessment & Evaluation 20181.pdf', 'Performance Assessment & Evaluation (3rd month evaluation 2018)'),
(310, 99, 'Jo_Caesariane_Performance Assessment & Evaluation Feb-May 20181.pdf', 'Performance Assessment & Evaluation (3rd Month Evaluation)'),
(311, 104, 'Lacambra_Annavi_Performance Evaluation Dec-March 20181.pdf', 'Performance Evaluation (3rd Month Evaluation)'),
(312, 132, 'Medina_Fara Jean_1.docx', 'Performance Evaluation 2015'),
(313, 107, 'Oquiana_Ma. Erika_Performance Evaluation-Probationary2.pdf', 'Performance Evaluation-Probationary'),
(314, 122, 'Sarroza_Rosemarie_Assessment and Evaluation Feb 20192.pdf', 'Assessment and Evaluation(Annual Evaluation 2018)'),
(315, 110, 'Ramirez_Cresilda_Assessment and Evaluation May-Dec 20181.pdf', 'Performance Assessment & Evaluation (Pre-regularization)'),
(316, 110, 'Ramirez_Cresilda_Assessment and Evaluation Dec 2017-Feb 20182.pdf', 'Assessment and Evaluation (3rd Month Evaluation)'),
(317, 0, '__Performance Evaluation 20141.pdf', 'Performance Evaluation 2014'),
(318, 0, '__ID2.pdf', 'ID'),
(319, 0, '__Lab test Results3.pdf', 'Lab test Results'),
(320, 0, '__Pag-ibig Loyalty ID4.pdf', 'Pag-ibig Loyalty ID'),
(321, 0, '__Transcript of record5.pdf', 'Transcript of record'),
(322, 0, '__Training Agreement6.pdf', 'Training Agreement'),
(323, 53, 'Panes_Joselito_1.pdf', 'Performance Evaluation 2016'),
(324, 37, 'Lovico_Gino_Performance Evaluation 20171.pdf', 'Performance Evaluation 2016'),
(325, 37, 'Lovico_Gino_Performance Evaluation 20182.pdf', 'Performance Assessment & Evaluation (Annual Evaluation 2017)'),
(326, 11, 'Liao_Roan Renz_Performance Evaluation (Probationary)1.pdf', 'Performance Evaluation (Probationary)'),
(327, 11, 'Liao_Roan Renz_Performance Evaluation (Pre-Regularization)2.pdf', 'Performance Evaluation (Pre-Regularization)'),
(328, 76, 'Sixto_Iris_Performance Evaluation 20171.pdf', 'Performance Assessment & Evaluation (3rd Month Evaluation)'),
(329, 1, 'Adorio_Marlon_Performance Assessment Report 20183.pdf', 'Performance Assessment & Evaluation (Annual Evaluation 2017)'),
(330, 58, 'Purisima_Mario Dante_Performance Evaluation Probationary1.pdf', 'Performance Evaluation Probationary'),
(331, 58, 'Purisima_Mario Dante_Performance Evaluation 20182.pdf', 'Performance Assessment & Evaluation (Annual Evaluation 2017)'),
(332, 58, 'Purisima_Mario Dante_Performance Evaluation Pre-Regularization3.pdf', 'Performance Evaluation Pre-Regularization'),
(333, 38, 'Madeja _Ricky _Performance Evaluation 20151.pdf', 'Performance Evaluation 2015'),
(334, 38, 'Madeja _Ricky _Performance Evaluation 20172.pdf', 'Performance Assessment & Evaluation (Annual Evaluation 2017)'),
(335, 38, 'Madeja _Ricky _Performance Evaluation 20163.pdf', 'Performance Evaluation 2016'),
(336, 47, 'Montero_Francis_Performance Evaluation 20141.pdf', 'Performance Evaluation 2014'),
(337, 47, 'Montero_Francis_Performance Evaluation 20162.pdf', 'Performance Evaluation 2016'),
(338, 47, 'Montero_Francis_Performance Evaluation 20173.pdf', 'Performance Assessment & Evaluation (Annual Evaluation 2017)'),
(339, 47, 'Montero_Francis_Performance Evaluation 20154.pdf', 'Performance Evaluation 2015'),
(340, 171, 'MATUCAN_JERRY_Performance Assessment & Evaluation (3rd Month Evaluation)1.pdf', 'Performance Assessment & Evaluation (3rd Month Evaluation)'),
(341, 100, 'Iba?ez _Nazario Shyde_Performance Assessment & Evaluation (Annual Evaluation 2018)1.pdf', 'Performance Assessment & Evaluation (Annual Evaluation 2018)'),
(342, 178, 'Villarias_Jobelle_Evaluation & Performance Assessment Report 20181.pdf', 'Performance Assessment & Evaluation (3rd Month Evaluation)'),
(343, 101, 'Jalandoni_Gebby_Evaluation 2016 & Performance Assessment Report1.pdf', 'Performance Assessment & Evaluation (3rd Month Evaluation)'),
(344, 101, 'Jalandoni_Gebby_Evaluation  Nov 2016 & Performance Assessment Report2.pdf', 'Performance Assessment & Evaluation (Pre-regularization)'),
(345, 101, 'Jalandoni_Gebby_Evaluation Jan-Dec 20173.pdf', 'Performance Assessment & Evaluation (Annual Evaluation 2017)'),
(346, 181, 'Bobiles_Fara Jean_Performance Evaluation Feb-March 20151.pdf', 'Performance Evaluation Feb-March 2015'),
(347, 77, 'Sabit_Roy_Performance Evaluation 20151.pdf', 'Performance Evaluation 2015'),
(348, 77, 'Sabit_Roy_Performance Evaluation 20162.pdf', 'Performance Evaluation (Annual Evaluation 2016)'),
(349, 77, 'Sabit_Roy_Performance Assessment Report & Evaluation 2017 3.pdf', 'Performance Assessment and Evaluation (Annual Evaluation 2017) '),
(350, 63, 'Roiles_Lawrence Vincent_Performance Assessment & Evaluation 20171.pdf', 'Performance Assessment & Evaluation (Annual Evaluation 2017)'),
(351, 63, 'Roiles_Lawrence Vincent_Performance Assessment & Evaluation Oct 2016- Jan 20172.pdf', 'Performance Assessment & Evaluation (3rd Month Evaluation)'),
(352, 63, 'Roiles_Lawrence Vincent_Performance Assessment & Evaluation 20163.pdf', 'Performance Assessment & Evaluation (Pre-regularization)'),
(353, 42, 'Manilla_Alex_Performance Evaluation 20151.pdf', 'Performance Evaluation 2015'),
(354, 42, 'Manilla_Alex_Performance Evaluation 20172.pdf', 'Performance Assessment & Evaluation (Annual Evaluation 2017)'),
(355, 42, 'Manilla_Alex_Performance Evaluation (Pre-Regularization)3.pdf', 'Performance Evaluation (Pre-Regularization)'),
(356, 42, 'Manilla_Alex_Performance Evaluation 20164.pdf', 'Performance Evaluation 2016'),
(357, 98, 'Jamero_Lloyd_Performance Evaluation July 24-Oct 24, 20171.pdf', 'Performance Assessment & Evaluation (3rd Month Evaluation)'),
(358, 70, 'Samano_Godfrey Stephen_Performance Evaluation 20151.pdf', 'Performance Assessment & Evaluation (3rd Month Evaluation)'),
(359, 70, 'Samano_Godfrey Stephen_Performance Evaluation Pre Regularization2.pdf', 'Performance Assessment & Evaluation (Pre-regularization)'),
(360, 70, 'Samano_Godfrey Stephen_Performance Evaluation 20173.pdf', 'Performance Assessment & Evaluation (Annual Evaluation 2017)'),
(361, 182, 'Sasamoto_Kennah_Performance Assessment and Evaluation March-June 201820181.pdf', 'Performance Assessment & Evaluation (3rd Month Evaluation)'),
(362, 111, 'Rocha_Melanie_Performance Assessment & Evaluation May20181.pdf', 'Performance Assessment & Evaluation (3rd Month Evaluation)'),
(363, 117, 'Sinoro_Syndey_Evaluation  Nov 2016 & Performance Assessment Report 20182.pdf', 'Performance Assessment & Evaluation (Annual Evaluation 2017)'),
(364, 117, 'Sinoro_Syndey_Performance Assessment Report & Evaluation 20193.pdf', 'Performance Assessment & Evaluation (Annual Evaluation 2018)'),
(365, 80, 'Urnopia_Democrito_PERFORMANCE EVALUATION 20161.pdf', 'Performance Evaluation 2016'),
(366, 80, 'Urnopia_Democrito_PERFORMANCE EVALUATION 0720172.pdf', 'Performance Assessment & Evaluation (Pre-regularization)'),
(367, 80, 'Urnopia_Democrito_PERFORMANCE EVALUATION 20173.pdf', 'Performance Assessment & Evaluation (Annual Evaluation 2017)'),
(368, 131, 'Young_Patricia Kate_1.pdf', ''),
(369, 114, 'Sanchez_Daisy Jane_Assessment and Evaluation 20162.pdf', 'Assessment and Evaluation (Pre-regularization)'),
(370, 118, 'Tabilla_Marianita_Assessment and Evaluation July-Oct  20172.pdf', 'Performance Assessment & Evaluation (3rd Month Evaluation)'),
(371, 122, 'Sarroza_Rosemarie_Assessment and Evaluation 20183.pdf', 'Assessment and Evaluation (Pre-regularization)'),
(372, 107, 'Oquiana_Ma. Erika_Performance Evaluation-Trainee3.pdf', 'Performance Evaluation-Trainee'),
(373, 149, 'Sia_Henry_Performance Assessment & Evaluation 20191.pdf', 'Performance Assessment & Evaluation (Annual Evaluation 2018)'),
(374, 148, 'Tanan_Hennelen_PERFORMANCE ASSESMENT REPORT - TRAINEE1.pdf', 'Performance Assessment & Evaluation (3rd Month Evaluation)'),
(375, 155, 'Leonardia_Carlos Antonio_Performance Assessment & Evaluation 20191.pdf', 'Performance Assessment & Evaluation (Annual Evaluation 2018)'),
(376, 95, 'Gabales_Zara Joy_Performance Assessment & Evaluation 20182.pdf', 'Performance Assessment & Evaluation (3rd Month Evaluation)'),
(377, 89, 'Caballero_Angelika_Performance Assessment & Evaluation Pre-Regularization3.pdf', 'Performance Assessment & Evaluation Pre-Regularization'),
(378, 183, 'TORRIJOS_ELMER_Performance Evaluation 20151.pdf', 'Performance Evaluation 2015'),
(379, 183, 'TORRIJOS_ELMER_Performance Evaluation 20172.pdf', 'Performance Evaluation 2017'),
(380, 79, 'Torres_Irish Dawn_Pre-Regularization Evaluation 20161.pdf', 'Performance Assessment & Evaluation (Pre-regularization)'),
(381, 79, 'Torres_Irish Dawn_Performance Evaluation 20162.pdf', 'Performance Assessment & Evaluation (Annual Evaluation 2017)'),
(382, 79, 'Torres_Irish Dawn_Performance Evaluation Probationary3.pdf', 'Performance Assessment & Evaluation (3rd Month Evaluation)'),
(383, 82, 'Tignero_Ryan_Performance Evaluation 20161.pdf', 'Performance Evaluation 2016'),
(384, 82, 'Tignero_Ryan_Performance Evaluation 20172.pdf', 'Performance Assessment & Evaluation (Annual Evaluation 2017)'),
(385, 74, 'Tandoy_Ariel _Performance Evaluation 20151.pdf', 'Performance Evaluation 2015'),
(386, 74, 'Tandoy_Ariel _Performance Evaluation 20172.pdf', 'Performance Assessment & Evaluation (Annual Evaluation 2017)'),
(387, 74, 'Tandoy_Ariel _Performance Evaluation 20163.pdf', 'Performance Evaluation 2016'),
(388, 74, 'Tandoy_Ariel _Pre-Regularization Contract4.pdf', 'Performance Assessment and Evaluation (Pre-regularization)'),
(389, 73, 'Tagarda_Alexander_Performance Evaluation 20151.pdf', 'Performance Evaluation 2015'),
(390, 73, 'Tagarda_Alexander_Performance Evaluation 20172.pdf', 'Performance Assessment & Evaluation (Annual Evaluation 2017)'),
(391, 78, 'Sarcauga_Kelwin_Performance Evaluation 20151.pdf', 'Performance Evaluation 2015'),
(392, 78, 'Sarcauga_Kelwin_Performance Evaluation 20162.pdf', 'Performance Evaluation 2016'),
(393, 151, 'Bias_Kervic_Employee''s Profile and Evaluation 20152.pdf', 'Employee''s Profile and Evaluation 2015'),
(394, 8, 'Alunan _Rebecca_Performance Assessment Report & Evaluation 2017 3.pdf', 'Performance Assessment Report & Evaluation (Annual Evaluation 2017)'),
(395, 66, 'Corino_Exequil_Performance Assessment Report & Evaluation Jan-Dec 2017 3.pdf', 'Performance Assessment and Evaluation (Annual Evaluation 2017) '),
(396, 65, 'Canama_Rusty_Performance Evaluation 20162.pdf', 'Performance Evaluation 2015'),
(397, 65, 'Canama_Rusty_Performance Evaluation Jan 20173.pdf', 'Performance Evaluation 2016'),
(398, 106, 'Bugna_Mary Grace_Performance Assessment & Evaluation 20181.pdf', 'Performance Assessment & Evaluation (3rd Month Evaluation)'),
(399, 62, 'Beato_Ruel_Performance Evaluation 20142.pdf', 'Performance Evaluation 2014'),
(400, 62, 'Beato_Ruel_Performance Evaluation 20153.pdf', 'Performance Evaluation 2015'),
(401, 62, 'Beato_Ruel_Performance Evaluation Jsn 20174.pdf', 'Performance Evaluation (Annual Evaluation 2016)'),
(402, 182, 'Sasamoto_Kennah_Performance Assessment & Evaluation 20182.pdf', 'Performance Assessment & Evaluation (Pre-regularization)'),
(403, 173, 'Tasic_Liza_Performance Assessment & Evaluation20181.pdf', 'Performance Assessment & Evaluation2018'),
(405, 59, 'Bawar_Gener_Performance Assessment & Evaluation 20172.pdf', 'Performance Assessment & Evaluation (Annual Evaluation 2017)'),
(406, 57, 'Bating_Rashelle Joy_Performance assessment and evaluation Nov 2017-May 20182.pdf', 'Performance assessment and evaluation Nov 2017-May 2018'),
(407, 55, 'Baculio_Joemillan_Performance Evaluation 20162.pdf', 'Performance Evaluation 2016'),
(408, 55, 'Baculio_Joemillan_Performance Evaluation 20173.pdf', 'Performance Evaluation 2017'),
(409, 55, 'Baculio_Joemillan_Performance Assessment and Evaluation Jan-Dec 20174.pdf', 'Performance Assessment and Evaluation (Annual Evaluation 2017)'),
(410, 54, 'Arroyo_Alona_Performance Evaluation 20162.pdf', 'Performance Evaluation 2016'),
(411, 54, 'Arroyo_Alona_Performance Evaluation 20163.pdf', 'Performance Evaluation (Annual Evaluation 2016)'),
(412, 54, 'Arroyo_Alona_Performance Assessment and Evaluation Jan-Dec 20174.pdf', 'Performance Assessment and Evaluation (Annual Evaluation 2017)'),
(413, 127, 'Jambongana_Jushkyle_Performance Evaluation 3rd Month1.pdf', 'Performance Assessment & Evaluation (3rd Month Evaluation)'),
(414, 7, 'Jardinico_Stephen_PE Pre Regularization2.pdf', 'Performance Assessment & Evaluation (Pre-regularization)'),
(415, 7, 'Jardinico_Stephen_Performance Evaluation 20173.pdf', 'Performance Assessment & Evaluation (Annual Evaluation 2017)'),
(416, 9, 'LABANON_JOEY_Performance Evaluation 20162.pdf', 'Performance Evaluation 2016'),
(417, 9, 'LABANON_JOEY_Performance Evaluation 20173.pdf', 'Performance Assessment & Evaluation (Annual Evaluation 2017)'),
(418, 150, 'Aizpuro_Ivy Mae_Performance Assessment & Evaluation (3rd Month)1.pdf', 'Performance Assessment & Evaluation (3rd Month)'),
(419, 150, 'Aizpuro_Ivy Mae_Performance Assessment & Evaluation Pre regularization2.pdf', 'Performance Assessment & Evaluation (Pre-regularization)'),
(420, 185, 'AQUINO_MELINDA_Performance Assessment & Evaluation Pre regularization1.pdf', 'Performance Assessment & Evaluation Pre regularization'),
(421, 51, 'Arana_Ma. Milagros_Performance Assessment & Evaluation (Annual Evaluation 2018)2.pdf', 'Performance Assessment & Evaluation (Annual Evaluation 2018)'),
(422, 2, 'Arsenio_Rhea_Performance Assessment & Evaluation (Annual Evaluation 2018)2.pdf', 'Performance Assessment & Evaluation (Annual Evaluation 2018)'),
(423, 85, 'Benares_Jonah Faye_Performance Assessment & Evaluation (Annual Evaluation 2018)2.pdf', 'Performance Assessment & Evaluation (Annual Evaluation 2018)'),
(424, 151, 'Bias_Kervic_Performance Assessment & Evaluation (Annual Evaluation 2018)3.pdf', 'Performance Assessment & Evaluation (Annual Evaluation 2018)'),
(425, 86, 'Cabaylo_Maylen_Performance Assessment and Evaluation (Annual Evaluation 2018)4.pdf', 'Performance Assessment and Evaluation (Annual Evaluation 2018)'),
(426, 87, 'Calibjo_Joemarie_Performance Assessment and Evaluation (Annual Evaluation 2018)4.pdf', 'Performance Assessment and Evaluation (Annual Evaluation 2018)'),
(427, 88, 'Carbaquil_Rey_Performance Assessment and Evaluation (Annual Evaluation 2018)4.pdf', 'Performance Assessment and Evaluation (Annual Evaluation 2018)'),
(428, 133, 'Cesar_Cristy_Performance Assessment & Evaluation (Pre-regularization)1.pdf', 'Performance Assessment & Evaluation (Pre-regularization)'),
(429, 90, 'Danoy_Gretchen_Performance Assessment and Evaluation (Annual Evaluation 2018)4.pdf', 'Performance Assessment and Evaluation (Annual Evaluation 2018)'),
(430, 92, 'De Los Santos_Joemar_Performance Assessment & Evaluation (Annual evaluation 2018)3.pdf', 'Performance Assessment & Evaluation (Annual evaluation 2018)'),
(431, 94, 'Espera_Imelda_Performance Assessment and Evaluation (Annual Evaluation 2018)4.pdf', 'Performance Assessment and Evaluation (Annual Evaluation 2018)'),
(432, 136, 'Febrio_Elaisa Jane_Performance Assessment & Evaluation (Pre-regularization)1.pdf', 'Performance Assessment & Evaluation (Pre-regularization)'),
(433, 102, 'Flor_Jason_Performance Assessment & Evaluation (Pre-regularization)2.pdf', 'Performance Assessment & Evaluation (Pre-regularization)'),
(434, 112, 'Rosales_Zyndyryn_Performance Assessment and Evaluation (Annual Evaluation 2018)4.pdf', 'Performance Assessment and Evaluation (Annual Evaluation 2018)'),
(435, 95, 'Gabales_Zara Joy_Performance Assessment & Evaluation (Annual Evaluation 2018)3.pdf', 'Performance Assessment & Evaluation (Annual Evaluation 2018)'),
(436, 154, 'Gaudite_Rose Brenette_Performance Assessment & Evaluation (3rd month evaluation 2018)1.pdf', 'Performance Assessment & Evaluation (3rd month evaluation 2018)'),
(437, 97, 'Grabillo_Celina Marie_Performance Assessment  & Evaluation (Annual Evaluation 2018) 3.pdf', 'Performance Assessment  & Evaluation (Annual Evaluation 2018) '),
(438, 101, 'Jalandoni_Gebby_Performance Assessment and Evaluation (Annual Evaluation 2018)4.pdf', 'Performance Assessment and Evaluation (Annual Evaluation 2018)'),
(439, 99, 'Jo_Caesariane_Performance Assessment & Evaluation (Pre-regularization)2.pdf', 'Performance Assessment & Evaluation (Pre-regularization)'),
(440, 104, 'Lacambra_Annavi_Performance Assessment & Evaluation (Annual Evaluation 2018)2.pdf', 'Performance Assessment & Evaluation (Annual Evaluation 2018)'),
(441, 107, 'Oquiana_Ma. Erika_Performance Assessment and Evaluation (Annual Evaluation 2018)4.pdf', 'Performance Assessment and Evaluation (Annual Evaluation 2018)'),
(442, 108, 'Plaza_Charmaine Rei_Performance Assessment & Evaluation (Annual Evaluation 2018)2.pdf', 'Performance Assessment & Evaluation (Annual Evaluation 2018)'),
(443, 110, 'Ramirez_Cresilda_Performance Assessment & Evaluation Feb 20193.pdf', 'Performance Assessment & Evaluation (Annual Evaluation 2018)'),
(444, 169, 'Ricarse_Rowena_Performance Assessment & Evaluation (3rd Month Evaluation)1.pdf', 'Performance Assessment & Evaluation (3rd Month Evaluation)'),
(445, 169, 'Ricarse_Rowena_Performance Assessment & Evaluation (Pre-regularization)2.pdf', 'Performance Assessment & Evaluation (Pre-regularization)'),
(446, 111, 'Rocha_Melanie_Performance Assessment & Evaluation (Pre-regularization)2.pdf', 'Performance Assessment & Evaluation (Pre-regularization)'),
(448, 113, 'Saludo_Genie_Performance Assessment & Evaluation (Annual Evaluation 2018)2.pdf', 'Performance Assessment & Evaluation (Annual Evaluation 2018)'),
(449, 114, 'Sanchez_Daisy Jane_Performance Assessment & Evaluation (Annual Evaluation 2018)3.pdf', 'Performance Assessment & Evaluation (Annual Evaluation 2018)'),
(450, 128, 'Severino_Stephine David_Performance Assessment & Evaluation (Pre-regularization)2.pdf', 'Performance Assessment & Evaluation (Pre-regularization)'),
(451, 118, 'Tabilla_Marianita_Performance Assessment & Evaluation (Annual Evaluation 2018)3.pdf', 'Performance Assessment & Evaluation (Annual Evaluation 2018)'),
(452, 119, 'Tagalog_Krystal Gayle_Performance Assessment & Evaluation (Annual Evaluation 2018))2.pdf', 'Performance Assessment & Evaluation (Annual Evaluation 2018)'),
(453, 121, 'Tan_Teresa_Performance Assessment and Evaluation (Annual Evaluation 2018)4.pdf', 'Performance Assessment and Evaluation (Annual Evaluation 2018)'),
(454, 148, 'Tanan_Hennelen_Performance Assessment & Evaluation (Pre-regularization)2.pdf', 'Performance Assessment & Evaluation (Pre-regularization)'),
(455, 173, 'Tasic_Liza_Performance Assessment & Evaluation (3rd Month Evaluation))2.pdf', 'Performance Assessment & Evaluation (3rd Month Evaluation)'),
(456, 123, 'Villas_Dary Mae_Performance Assessment & Evaluation (Annual Evaluation 2018))2.pdf', 'Performance Assessment & Evaluation (Annual Evaluation 2018)'),
(457, 44, 'Ambong_Fleur De Liz_Performance Evaluation 20163.pdf', 'Performance Assessment & Evaluation (Annual Evaluation 2016)'),
(458, 44, 'Ambong_Fleur De Liz_Performance Evaluation 20174.pdf', 'Performance Assessment and Evaluation (Annual Evaluation 2017)'),
(459, 44, 'Ambong_Fleur De Liz_Performance Evaluation 3rd Month5.pdf', 'Performance Assessment and Evaluation (3rd Month Evaluation)'),
(460, 69, 'Duis_Melfa_Performance Evaluation 3rd Month1.pdf', 'Performance Assessment & Evaluation (3rd Month Evaluation)'),
(461, 75, 'Fernandez_Julius_Performance Evaluation 20162.pdf', 'Performance Evaluation 2016'),
(462, 75, 'Fernandez_Julius_Performance Evaluation 20173.pdf', 'Performance Assessment & Evaluation (Annual Evaluation 2017)'),
(463, 81, 'Fortuno_Luisito_Performance Evaluation 20162.pdf', 'Performance Evaluation 2016'),
(464, 81, 'Fortuno_Luisito_Performance Evaluation 20173.pdf', 'Performance Assessment & Evaluation (Annual Evaluation 2017)'),
(465, 142, 'Golvio_Mikko_Performance Evaluation 20173.pdf', 'Performance Assessment & Evaluation (Annual Evaluation 2017)'),
(466, 142, 'Golvio_Mikko_Performance Assessment and Evaluation (Annual Evaluation 2018)4.pdf', 'Performance Assessment and Evaluation (Annual Evaluation 2018)'),
(467, 77, 'Sabit_Roy_Performance Assessment and Evaluation (Annual Evaluation 2018)4.pdf', 'Performance Assessment and Evaluation (Annual Evaluation 2018)'),
(468, 8, 'Alunan _Rebecca_Performance Assessment and Evaluation (Annual Evaluation 2018)4.pdf', 'Performance Assessment and Evaluation (Annual Evaluation 2018)'),
(469, 66, 'Corino_Exequil_Performance Assessment and Evaluation (Annual Evaluation 2018)4.pdf', 'Performance Assessment and Evaluation (Annual Evaluation 2018)'),
(470, 65, 'Canama_Rusty_Performance Assessment and Evaluation (Annual Evaluation 2018)4.pdf', 'Performance Assessment and Evaluation (Annual Evaluation 2018)'),
(471, 106, 'Bugna_Mary Grace_Performance Assessment & Evaluation (Annual Evaluation 2018)2.pdf', 'Performance Assessment & Evaluation (Pre-Regularization  2018)'),
(472, 62, 'Beato_Ruel_Performance Assessment and Evaluation (Annual Evaluation 2018)5.pdf', 'Performance Assessment and Evaluation (Annual Evaluation 2018)'),
(473, 59, 'Bawar_Gener_Performance Assessment & Evaluation (Annual Evaluation 2018)3.pdf', 'Performance Assessment & Evaluation (Annual Evaluation 2018)'),
(474, 57, 'Bating_Rashelle Joy_Performance Assessment & Evaluation (Annual Evaluation 2018)3.pdf', 'Performance Assessment & Evaluation (Annual Evaluation 2018)'),
(475, 55, 'Baculio_Joemillan_Performance Assessment and Evaluation (Annual Evaluation 2018)5.pdf', 'Performance Assessment and Evaluation (Annual Evaluation 2018)'),
(476, 54, 'Arroyo_Alona_Performance Assessment and Evaluation (Annual Evaluation 2018)5.pdf', 'Performance Assessment and Evaluation (Annual Evaluation 2018)'),
(477, 178, 'Villarias_Jobelle_Performance Assessment & Evaluation (Pre-regularization)2.pdf', 'Performance Assessment & Evaluation (Pre-regularization)'),
(478, 139, 'Gellada_Donna_Performance Assessment & Evaluation (3rd Month Evaluation)1.pdf', 'Performance Assessment & Evaluation (3rd Month Evaluation)'),
(480, 9, 'LABANON_JOEY_Performance Assessment and Evaluation (Annual Evaluation 2018)4.pdf', 'Performance Assessment and Evaluation (Annual Evaluation 2018)'),
(481, 143, 'Jardiniano_Bobby_Performance Assessment & Evaluation (Pre-regularization)1.pdf', 'Performance Assessment & Evaluation (Pre-regularization)'),
(482, 7, 'Jardinico_Stephen_Performance Assessment and Evaluation (Annual Evaluation 2018)4.pdf', 'Performance Assessment and Evaluation (Annual Evaluation 2018)'),
(483, 127, 'Jambongana_Jushkyle_Performance Assessment & Evaluation (Pre-regularization)2.pdf', 'Performance Assessment & Evaluation (Pre-regularization)'),
(484, 3, 'Jabiniar_Eric_Performance Assessment & Evaluation (Annual Evaluation 2018)1.pdf', 'Performance Assessment & Evaluation (Annual Evaluation 2018)'),
(485, 184, 'Jabiniar_Erimar_1.pdf', 'Performance Assessment & Evaluation (3rd Month Evaluation)'),
(486, 184, 'Jabiniar_Erimar_Performance Assessment & Evaluation (Pre-regularization)2.pdf', 'Performance Assessment & Evaluation (Pre-regularization)'),
(487, 64, 'Cababat_Vency_Performance Assessment & Evaluation (Annual Evaluation 2018)2.pdf', 'Performance Assessment & Evaluation (Annual Evaluation 2018)'),
(490, 145, 'Argawanon_Rey_Performance Assessment & Evaluation (Annual Evaluation 2018)1.pdf', 'Performance Assessment & Evaluation (Annual Evaluation 2018)'),
(491, 68, 'Depasupil_Vincent Jed_Performance Assessment & Evaluation (3rd Month Evaluation)1.pdf', 'Performance Assessment & Evaluation (3rd Month Evaluation)'),
(492, 68, 'Depasupil_Vincent Jed_Performance Assessment & Evaluation (Annual Evaluation 2018)2.pdf', 'Performance Assessment & Evaluation (Pre-regularization)'),
(493, 71, 'Factolerin_Jerson_Performance Assessment and Evaluation (Annual Evaluation 2018)4.pdf', 'Performance Assessment and Evaluation (Annual Evaluation 2018)'),
(494, 69, 'Duis_Melfa_Performance Assessment & Evaluation (Annual Evaluation 2018)2.pdf', 'Performance Assessment & Evaluation (Pre-regularization)'),
(495, 44, 'Ambong_Fleur De Liz_Performance Assessment and Evaluation (Annual Evaluation 2018)6.pdf', 'Performance Assessment and Evaluation (Annual Evaluation 2018)'),
(496, 75, 'Fernandez_Julius_Performance Assessment and Evaluation (Annual Evaluation 2018)4.pdf', 'Performance Assessment and Evaluation (Annual Evaluation 2018)'),
(497, 81, 'Fortuno_Luisito_Performance Assessment and Evaluation (Annual Evaluation 2018)4.pdf', 'Performance Assessment and Evaluation (Annual Evaluation 2018)'),
(498, 67, 'Dagupan_Juanito_Performance Evaluation 20162.pdf', 'Performance Evaluation 2016'),
(499, 67, 'Dagupan_Juanito_Performance Evaluation 20183.pdf', 'Performance Assessment & Evaluation (Annual Evaluation 2017)'),
(500, 129, 'Divinagracia_Julyn May_Performance Evaluation 3rd Month1.pdf', 'Performance Assessment & Evaluation (3rd Month Evaluation)'),
(501, 129, 'Divinagracia_Julyn May_Performance Assessment & Evaluation (Pre-regularization)2.pdf', 'Performance Assessment & Evaluation (Pre-regularization)'),
(502, 67, 'Dagupan_Juanito_Performance Assessment and Evaluation (Annual Evaluation 2018)4.pdf', 'Performance Assessment and Evaluation (Annual Evaluation 2018)'),
(503, 42, 'Manilla_Alex_Performance Assessment and Evaluation (Annual Evaluation 2018)5.pdf', 'Performance Assessment and Evaluation (Annual Evaluation 2018)'),
(504, 49, 'Ortega_Andro_Performance Assessment and Evaluation (Annual Evaluation 2018)4.pdf', 'Performance Assessment and Evaluation (Annual Evaluation 2018)'),
(505, 58, 'Purisima_Mario Dante_Performance Assessment and Evaluation (Annual Evaluation 2018)4.pdf', 'Performance Assessment and Evaluation (Annual Evaluation 2018)'),
(506, 63, 'Roiles_Lawrence Vincent_Performance Assessment and Evaluation (Annual Evaluation 2018)4.pdf', 'Performance Assessment and Evaluation (Annual Evaluation 2018)'),
(507, 70, 'Samano_Godfrey Stephen_Performance Assessment and Evaluation (Annual Evaluation 2018)4.pdf', 'Performance Assessment and Evaluation (Annual Evaluation 2018)'),
(508, 73, 'Tagarda_Alexander_Performance Assessment & Evaluation (Annual Evaluation 2018)3.pdf', 'Performance Assessment & Evaluation (Annual Evaluation 2018)'),
(509, 82, 'Tignero_Ryan_Performance Assessment & Evaluation (Annual Evaluation 2018)3.pdf', 'Performance Assessment & Evaluation (Annual Evaluation 2018)'),
(510, 98, 'Jamero_Lloyd_Performance Assessment & Evaluation (Annual Evaluation 2017)2.pdf', 'Performance Assessment & Evaluation (Annual Evaluation 2017)'),
(511, 11, 'Liao_Roan Renz_Performance Assessment & Evaluation (Annual Evaluation 2018)3.pdf', 'Performance Assessment & Evaluation (Annual Evaluation 2018)'),
(512, 37, 'Lovico_Gino_Performance Assessment & Evaluation (Annual Evaluation 2018)3.pdf', 'Performance Assessment & Evaluation (Annual Evaluation 2018)'),
(513, 38, 'Madeja _Ricky _Performance Assessment and Evaluation (Annual Evaluation 2018)4.pdf', 'Performance Assessment and Evaluation (Annual Evaluation 2018)'),
(514, 171, 'MATUCAN_JERRY_Performance Assessment & Evaluation (Pre-regularization)2.pdf', 'Performance Assessment & Evaluation (Pre-regularization)'),
(515, 47, 'Montero_Francis_Performance Assessment and Evaluation (Annual Evaluation 2018)5.pdf', 'Performance Assessment and Evaluation (Annual Evaluation 2018)'),
(516, 53, 'Panes_Joselito_Performance Assessment & Evaluation (Annual Evaluation 2018)2.pdf', 'Performance Assessment & Evaluation (Annual Evaluation 2018)'),
(517, 74, 'Tandoy_Ariel _Performance Assessment and Evaluation (Annual Evaluation 2018)5.pdf', 'Performance Assessment and Evaluation (Annual Evaluation 2018)'),
(518, 79, 'Torres_Irish Dawn_Performance Assessment and Evaluation (Annual Evaluation 2018)4.pdf', 'Performance Assessment and Evaluation (Annual Evaluation 2018)'),
(519, 80, 'Urnopia_Democrito_Performance Assessment and Evaluation (Annual Evaluation 2018)4.pdf', 'Performance Assessment and Evaluation (Annual Evaluation 2018)'),
(520, 172, 'Ampog_Beverly _Performance Assessment & Evaluation (Pre-regularization)1.pdf', 'Performance Assessment & Evaluation (Pre-regularization)'),
(521, 109, 'Quiocson_Romeo_Performance Assessment & Evaluation (3rd Month Evaluation)1.pdf', 'Performance Assessment & Evaluation (3rd Month Evaluation)'),
(522, 109, 'Quiocson_Romeo_Performance Assessment & Evaluation (Pre-regularization)2.pdf', 'Performance Assessment & Evaluation (Pre-regularization)'),
(523, 4, 'Alevio_Carlito_Performance Evaluation 20162.pdf', 'Performance Evaluation 2016'),
(524, 4, 'Alevio_Carlito_Performance Assessment & Evaluation (Annual Evaluation 2017)3.pdf', 'Performance Assessment & Evaluation (Annual Evaluation 2017)'),
(525, 4, 'Alevio_Carlito_Employee''s Profile and Evaluation 20154.pdf', 'Employee''s Profile and Evaluation 2015'),
(526, 4, 'Alevio_Carlito_Performance Assessment and Evaluation (Annual Evaluation 2018)5.pdf', 'Performance Assessment and Evaluation (Annual Evaluation 2018)'),
(527, 6, 'Alova_Regina_Performance Assessment & Evaluation (Pre-regularization)2.pdf', 'Performance Assessment & Evaluation (Pre-regularization)'),
(528, 6, 'Alova_Regina_Performance Assessment & Evaluation (Annual Evaluation 2017)3.pdf', 'Performance Assessment & Evaluation (Annual Evaluation 2017)'),
(529, 6, 'Alova_Regina_Performance Assessment and Evaluation (Annual Evaluation 2018)4.pdf', 'Performance Assessment and Evaluation (Annual Evaluation 2018)'),
(530, 144, 'Alejandro_John Ezequiel_Performance Evaluation 20162.pdf', 'Performance Evaluation 2016'),
(531, 144, 'Alejandro_John Ezequiel_Performance Assessment & Evaluation (Annual Evaluation 2017)3.pdf', 'Performance Assessment & Evaluation (Annual Evaluation 2017)'),
(532, 144, 'Alejandro_John Ezequiel_Performance Assessment and Evaluation (Annual Evaluation 2018)4.pdf', 'Performance Assessment and Evaluation (Annual Evaluation 2018)'),
(533, 78, 'Sarcauga_Kelwin_Performance Assessment & Evaluation (Annual Evaluation 2017)3.pdf', 'Performance Assessment & Evaluation (Annual Evaluation 2017)'),
(534, 78, 'Sarcauga_Kelwin_Performance Assessment and Evaluation (Annual Evaluation 2018)4.pdf', 'Performance Assessment and Evaluation (Annual Evaluation 2018)'),
(535, 1, 'Adorio_Marlon_Performance Assessment and Evaluation (Annual Evaluation 2018)4.pdf', 'Performance Assessment and Evaluation (Annual Evaluation 2018)'),
(536, 50, 'Angulo_Genaro _Performance Evaluation 20162.pdf', 'Performance Evaluation 2016'),
(537, 50, 'Angulo_Genaro _Performance Assessment & Evaluation (Annual Evaluation 2017)3.pdf', 'Performance Assessment & Evaluation (Annual Evaluation 2017)'),
(538, 50, 'Angulo_Genaro _Performance Assessment and Evaluation (Annual Evaluation 2018)4.pdf', 'Performance Assessment and Evaluation (Annual Evaluation 2018)'),
(539, 41, 'maglinte_Danilo_Performance Assessment & Evaluation (Annual Evaluation 2017)2.pdf', 'Performance Assessment & Evaluation (Annual Evaluation 2017)'),
(540, 41, 'maglinte_Danilo_Performance Assessment & Evaluation (Annual Evaluation 2018)3.pdf', 'Performance Assessment & Evaluation (Annual Evaluation 2018)'),
(541, 45, 'Mondejar_Genielyn_Performance Evaluation 20151.pdf', 'Performance Evaluation 2015'),
(542, 45, 'Mondejar_Genielyn_Performance Evaluation 20162.pdf', 'Performance Evaluation 2016'),
(543, 45, 'Mondejar_Genielyn_Performance Assessment & Evaluation (Annual Evaluation 2017)3.pdf', 'Performance Assessment & Evaluation (Annual Evaluation 2017)');

-- --------------------------------------------------------

--
-- Table structure for table `evaluation_history`
--

CREATE TABLE IF NOT EXISTS `evaluation_history` (
`evalhist_id` int(11) NOT NULL,
  `personal_id` int(11) NOT NULL,
  `eval_date` varchar(50) DEFAULT NULL,
  `score` varchar(50) DEFAULT NULL,
  `eval_type` varchar(50) DEFAULT NULL,
  `adjustment` double(10,2) NOT NULL DEFAULT '0.00',
  `per_day` varchar(50) DEFAULT NULL,
  `effective_date` varchar(100) DEFAULT NULL
) ENGINE=InnoDB AUTO_INCREMENT=422 DEFAULT CHARSET=latin1;

--
-- Dumping data for table `evaluation_history`
--

INSERT INTO `evaluation_history` (`evalhist_id`, `personal_id`, `eval_date`, `score`, `eval_type`, `adjustment`, `per_day`, `effective_date`) VALUES
(1, 51, '', '', '', 0.00, '0.00', ''),
(2, 2, '2016-07-25', '87', '3rd Month Assesment', 20000.00, '0.00', ''),
(3, 85, '2018-03-01', '88', 'Annual Evaluation', 0.00, '0.00', ''),
(6, 105, '2019-11-01', '86.60', '2nd Month Evaluation', 14000.00, '', '2018-02-01'),
(7, 105, '2018-05-03', '88.67', '3rd Month Evaluation', 0.00, '', ''),
(8, 122, '2018-01-02', '81.56', '3rd Month Evaluation', 16500.00, '', '2018-02-01'),
(9, 110, '2018-05-07', '86.40', '3rd Month Evaluation', 24000.00, '', '2018-06-01'),
(10, 118, '2017-10', '88.83', '3rd Month Evaluation', 18000.00, '', '2018-11-01'),
(11, 118, '2018-06-01', '88.50', 'Pre-Regularizaion Evaluation', 21000.00, '', '2018-06-01'),
(12, 117, '2016-10-01', '87', '3rd Month Evaluation', 16000.00, '', '2016-10-01'),
(13, 117, '', '', '', 20000.00, '', '2017-06-11'),
(14, 117, '2017-12-01', '90.5', 'Annual Evaluation', 24000.00, '', '2018-06-01'),
(15, 117, '2019-01-01', '92.41', 'Annual Evaluation', 28000.00, '', '2019-02-11'),
(16, 149, '2019-01-01', '90.45', 'Annual Evaluation', 54000.00, '', '2019-02-11'),
(17, 148, '2018-09-01', '88', '3rd Month Evaluation', 12000.00, '', '2018-11-01'),
(18, 148, '2019-02-01', '92.43', 'Pre-Regularization Evaluation', 13000.00, '', '2019-03-01'),
(19, 155, '2019-01', '84', 'Annual Evaluation', 30000.00, '', '2019-02-11'),
(20, 154, '2019-01', '83.23', 'Probationary Evaluation', 0.00, '', ''),
(21, 87, '2015-05', '84', 'Probationary Evaluation', 0.00, '350', '2015-07-01'),
(22, 87, '2016-01', '83', 'Annual Evaluation', 0.00, '400', '2016-02-01'),
(23, 87, '2016-12', '88', 'Annual Evaluation', 12000.00, '', '2017-06-11'),
(24, 87, '2018-02', '88.50', 'Annual Evaluation', 13500.00, '', '2018-06-01'),
(25, 87, '2019-01', '90.50', 'Annual Evaluation', 15000.00, '', '2019-02-11'),
(26, 88, '-', '', '', 0.00, '350', '2014-05-04'),
(27, 88, '2016-01', '86', 'Annual Evaluation', 0.00, '425', '2016-02-01'),
(28, 88, '2016-12', '83', 'Annual Evaluation', 12500.00, '', '2017-06-11'),
(29, 88, '2018-02', '82.30', 'Annual Evaluation', 13500.00, '', '2018-06-01'),
(30, 88, '2019-01', '82.23', 'Annual Evaluation', 14500.00, '', '2019-02-11'),
(31, 136, '2018-07', '88.80', 'Trainee Evaluation', 13500.00, '', '2018-07-01'),
(32, 136, '2019-01', '85.29', 'Probationary Evaluation', 0.00, '', ''),
(33, 111, '2018-05', '87', 'Probationary Evaluation', 10000.00, '', '2018-07-01'),
(34, 111, '2018-10', '87.85', 'Probationary Evaluation', 12000.00, '', '2019-02-11'),
(35, 111, '2018-10', '87.85', 'Probationary Evaluation', 12000.00, '', '2019-02-11'),
(36, 113, '2017-12', '75', 'Trainee Evaluation', 0.00, '', ''),
(37, 113, '2018-06', '78', 'Probationary Evaluation', 13000.00, '', '2018-05-01'),
(38, 113, '2019-01', '78.58', 'Annual Evaluation', 14250.00, '', '2019-02-11'),
(39, 117, '2019-01', '92.41', 'Annual Evaluation', 28000.00, '', '2019-02-11'),
(40, 119, '2017-12', '81', 'Trainee Evaluation', 13000.00, '', '2018-01-01'),
(41, 119, '2018-06', '86', 'Probationary Evaluation', 15000.00, '', '2018-07-01'),
(42, 119, '2019-01', '90.44', 'Annual Evaluation', 17500.00, '', '2019-02-11'),
(43, 121, '2015-03', '85', 'Probationary Evaluation', 12000.00, '', '2015-05-03'),
(44, 121, '2015-10', '85', 'Annual Evaluation', 12750.00, '', '2015-11-01'),
(45, 121, '2016-01', '85', 'Annual Evaluation', 14000.00, '', '2016-03-01'),
(46, 121, '2016-12', '81', 'Annual Evaluation', 16000.00, '', '2017-06-11'),
(47, 121, '2018-02', '86.3', 'Annual Evaluation', 17500.00, '', '2018-06-01'),
(48, 121, '2019-01', '82.93', 'Annual Evaluation', 19000.00, '', '2019-02-11'),
(49, 51, '-', '', '', 35000.00, '', '2013-11-02'),
(50, 51, '-', '', '', 50000.00, '', '2014-06-01'),
(51, 51, '-', '', '', 60000.00, '', '2017-07-11'),
(52, 51, '-', '', '', 70000.00, '', '2017-09-01'),
(53, 51, '2017-12', '91', 'Annual Evaluation', 75000.00, '', '2018-01-01'),
(54, 51, '2019-01', '94', 'Annual Evaluation', 85000.00, '', '2019-02-11'),
(55, 151, '2018-04', '87.50', 'Annual Evaluation', 14000.00, '', '2018-05-01'),
(56, 151, '2019-01', '89.16', 'Annual Evaluation', 18000.00, '', '2019-02-11'),
(57, 86, '2015-03', '91', 'Probationary Evaluation', 12000.00, '', '2015-05-06'),
(58, 86, '2015-10', '83', 'Annual Evaluation', 0.00, '', ''),
(59, 86, '2016-01', '90', 'Annual Evaluation', 14000.00, '', '2016-03-01'),
(60, 86, '2016-12', '89', 'Annual Evaluation', 18000.00, '', '2017-06-11'),
(61, 86, '2018-01', '89.50', 'Annual Evaluation', 21000.00, '', '2018-06-01'),
(62, 86, '2019-01', '88.50', 'Annual Evaluation', 24000.00, '', '2019-02-11'),
(63, 112, '-', '', '', 18500.00, '', ''),
(64, 112, '-', '', '', 20000.00, '', '2015-01-01'),
(65, 112, '2015-10', '90', 'Annual Evaluation', 21000.00, '', '2015-11-01'),
(66, 112, '2016-01', '90', 'Annual Evaluation', 25000.00, '', '2016-02-01'),
(67, 112, '-', '', '', 30000.00, '', '2017-06-11'),
(68, 112, '2017-12', '90', 'Annual Evaluation', 34000.00, '', '2018-06-01'),
(69, 118, '2019-01', '90.78', 'Annual Evaluation', 25000.00, '', '2019-02-11'),
(70, 85, '2018-03', '88', 'Probationary Evaluation', 35000.00, '', '2018-03-01'),
(71, 85, '-', '', '', 37500.00, '', '2018-08-01'),
(72, 85, '2019-01', '89.98', 'Annual Evaluation', 41250.00, '', '2019-02-11'),
(73, 102, '2018-07', '87', 'Trainee Evaluation', 12000.00, '', '2018-07-01'),
(74, 102, '2018-12', '86.35', 'Probationary Evaluation', 14000.00, '', '2019-03-01'),
(75, 128, '2018-07', '83', 'Trainee Evaluation', 11500.00, '', '2018-07-01'),
(76, 128, '2018-12', '89.93', 'Probationary Evaluation', 13500.00, '', '2019-03-01'),
(77, 2, '-', '', '', 22000.00, '', '2017-06-11'),
(78, 2, '2017-12', '87.8', 'Annual Evaluation', 25000.00, '', '2018-02-01'),
(79, 92, '2016-07', '85', 'Probationary Evaluation', 21000.00, '', '2016-10-01'),
(80, 92, '-', '', '', 23000.00, '', '2017-06-11'),
(81, 92, '2018-01', '93', 'Annual Evaluation', 28000.00, '', '2018-02-01'),
(82, 92, '-', '', '', 30000.00, '', '2018-05-01'),
(83, 99, '2018-05', '82.9', 'Trainee Evaluation', 17000.00, '', '2018-07-01'),
(84, 99, '2018-10', '83.56', 'Probationary Evaluation', 19000.00, '', '2019-01-01'),
(85, 100, '2016-07', '84', 'Probationary Evaluation', 20000.00, '', '2016-10-01'),
(86, 100, '-', '', '', 22000.00, '', '2017-06-11'),
(87, 100, '2017-12', '82.8', 'Annual Evaluation', 24000.00, '', '2018-02-01'),
(88, 107, '2015-08', '87', 'Probationary Evaluation', 0.00, '400', '2015-07-01'),
(89, 107, '2016-01', '81', 'Annual Evaluation', 13000.00, '', '2016-03-01'),
(90, 107, '-', '', '', 16000.00, '', '2016-07-01'),
(91, 107, '2016-12', '93', 'Annual Evaluation', 20000.00, '', '2017-06-11'),
(92, 107, '2018-01', '83.5', 'Annual Evaluation', 23000.00, '', '2018-02-01'),
(93, 108, '-', '', '', 16000.00, '', '2017-06-11'),
(94, 108, '2018-02', '88.3', 'Annual Evaluation', 19000.00, '', '2018-02-01'),
(95, 122, '2018-06', '82.4', 'Probationary Evaluation', 18000.00, '', '2018-08-01'),
(96, 123, '-', '', '', 14000.00, '', '2016-06-17'),
(97, 123, '2016-06', '89', 'Probationary Evaluation', 16000.00, '', '2016-07-01'),
(98, 123, '2016-12', '90', 'Annual Evaluation', 20000.00, '', '2017-06-11'),
(99, 123, '2018-02', '80.7', 'Annual Evaluation', 21000.00, '', '2018-02-01'),
(100, 114, '2016-08', '87', 'Probationary Evaluation', 37000.00, '', '2016-10-01'),
(101, 114, '2016-10', '84', 'Probationary Evaluation', 38500.00, '', '2017-01-01'),
(102, 114, '-', '', '', 40000.00, '', '2017-06-01'),
(103, 114, '2017-12', '88.5', 'Annual Evaluation', 44000.00, '', '2018-06-01'),
(104, 95, '2017-11', '84', 'Probationary Evaluation', 12500.00, '', '2017-11-01'),
(105, 95, '2018-01', '84', 'Probationary Evaluation', 14000.00, '', '2018-06-01'),
(106, 97, '-', '', '', 12000.00, '', '2016-01-01'),
(107, 97, '2016-02', '84', 'Probationary Evaluation', 15000.00, '', '2016-03-01'),
(108, 97, '2016-06', '84', 'Probationary Evaluation', 20000.00, '', '2016-07-01'),
(109, 97, '-', '', '', 23000.00, '', '2017-06-11'),
(110, 97, '2017-12', '89.4', 'Annual Evaluation', 26000.00, '', '2018-06-01'),
(111, 149, '-', '', '', 48000.00, '', '2017-06-11'),
(112, 149, '-', '', '', 51000.00, '', '2018-06-01'),
(113, 90, '2015-04', '84', 'Probationary Evaluation', 19000.00, '', '2015-06-01'),
(114, 90, '-', '', '', 21000.00, '', '2015-08-02'),
(115, 90, '2015-10', '', 'Probationary Evaluation', 0.00, '', ''),
(116, 90, '2016-01', '85', 'Annual Evaluation', 24000.00, '', '2016-01-01'),
(117, 90, '2016-12', '88', 'Annual Evaluation', 29000.00, '', '2017-06-11'),
(118, 90, '2018-01', '85.7', 'Annual Evaluation', 32000.00, '', '2018-06-01'),
(119, 94, '2014-07', '71', 'Probationary Evaluation', 18000.00, '', '2014-07-16'),
(120, 94, '2015-10', '88', 'Annual Evaluation', 19000.00, '', '2015-11-01'),
(121, 94, '2016-01', '90', 'Annual Evaluation', 21000.00, '', '2016-02-01'),
(122, 94, '-', '', '', 23000.00, '', '2017-06-11'),
(123, 94, '2017-10', '83.4', 'Annual Evaluation', 25000.00, '', '2018-06-01'),
(124, 101, '2016-08', '86', 'Probationary Evaluation', 16500.00, '', '2016-10-01'),
(125, 101, '2016-10', '89', 'Probationary Evaluation', 18000.00, '', '2017-01-01'),
(126, 101, '-', '', '', 20000.00, '', '2017-06-11'),
(127, 101, '2018-01', '89', 'Annual Evaluation', 23000.00, '', '2018-06-01'),
(128, 104, '2018-03', '87.4', 'Probationary Evaluation', 28000.00, '', '2018-03-01'),
(129, 110, '2018-05', '89', 'Probationary Evaluation', 0.00, '', ''),
(130, 54, '2015-07', '82', 'Probationary Evaluation', 16500.00, '', '2015-06-01'),
(131, 54, '-', '', '', 17500.00, '', '2015-07-26'),
(132, 54, '2016-02', '93', 'Annual Evaluation', 20000.00, '', '2016-03-01'),
(133, 54, '2017-01', '93', 'Annual Evaluation', 27000.00, '', '2017-06-11'),
(134, 54, '2018-01', '92', 'Annual Evaluation', 31000.00, '', '2018-07-01'),
(135, 67, '2015-08', '86', 'Probationary Evaluation', 26500.00, '', '2015-09-02'),
(136, 67, '2016-03', '93', 'Annual Evaluation', 28000.00, '', '2016-03-01'),
(137, 67, '-', '', '', 30000.00, '', '2016-10-24'),
(138, 67, '2017-01', '90', 'Annual Evaluation', 33000.00, '', '2017-06-11'),
(139, 67, '2017-12', '90', 'Annual Evaluation', 36300.00, '', '2018-07-01'),
(140, 49, '-', '', '', 17000.00, '', '2015-03-01'),
(141, 49, '2016-02', '93', 'Annual Evaluation', 20000.00, '', '2016-03-01'),
(142, 49, '2017-02', '87', 'Annual Evaluation', 24000.00, '', '2016-03-01'),
(143, 49, '2018-02', '90', 'Annual Evaluation', 27600.00, '', '2018-07-01'),
(144, 58, '2017-01', '91', 'Probationary Evaluation', 0.00, '', ''),
(145, 58, '2017-03', '91', 'Probationary Evaluation', 25000.00, '', '2017-03-01'),
(146, 58, '-', '', '', 30000.00, '', '2017-06-11'),
(147, 58, '2018-01', '90.14', 'Annual Evaluation', 33000.00, '', '2018-07-01'),
(148, 70, '2016-10', '91', 'Probationary Evaluation', 0.00, '', ''),
(149, 70, '2016-12', '91', 'Probationary Evaluation', 59000.00, '', '2017-01-01'),
(150, 70, '-', '', '', 62000.00, '', '2017-06-11'),
(151, 70, '2017-12', '92', 'Annual Evaluation', 68200.00, '', '2018-07-01'),
(152, 82, '2016-02', '88', 'Annual Evaluation', 24000.00, '', '2016-05-01'),
(153, 82, '2017-01', '88', 'Annual Evaluation', 26400.00, '', '2017-06-11'),
(154, 82, '2018-01', '88.8', 'Annual Evaluation', 29000.00, '', '2018-07-01'),
(155, 77, '2015-07', '84', 'Probationary Evaluation', 23000.00, '', '2015-08-28'),
(156, 77, '2016-02', '92', 'Annual Evaluation', 25000.00, '', '2016-03-01'),
(157, 77, '2016-12', '94', 'Annual Evaluation', 27500.00, '', '2017-06-11'),
(158, 77, '2018-01', '89.3', 'Annual Evaluation', 30250.00, '', '2018-07-01'),
(159, 73, '2014-04', '83', 'Probationary Evaluation', 0.00, '', ''),
(160, 73, '2014-06', '82', 'Probationary Evaluation', 22000.00, '', '2014-07-12'),
(161, 73, '2015-12', '90', 'Annual Evaluation', 23000.00, '', '2016-03-01'),
(162, 73, '2017-01', '92', 'Annual Evaluation', 27500.00, '', '2017-06-11'),
(163, 73, '2018-01', '89.17', 'Annual Evaluation', 30250.00, '', '2018-07-01'),
(164, 55, '2016-02', '90', 'Annual Evaluation', 23000.00, '', '2016-03-01'),
(165, 55, '2017-01', '90', 'Annual Evaluation', 24750.00, '', '2017-06-11'),
(166, 55, '2018-01', '88.2', 'Annual Evaluation', 27225.00, '', '2018-07-01'),
(167, 66, '2015-08', '84', 'Probationary Evaluation', 22500.00, '', '2015-09-02'),
(168, 66, '2016-02', '91', 'Annual Evaluation', 25000.00, '', '2016-03-01'),
(169, 66, '2017-01', '94', 'Annual Evaluation', 26750.00, '', '2017-06-11'),
(170, 66, '2018-01', '92.6', 'Annual Evaluation', 30760.00, '', '2018-07-01'),
(171, 41, '2015-07', '85', 'Probationary Evaluation', 23500.00, '', '2015-09-02'),
(172, 41, '2016-02', '90', 'Annual Evaluation', 25000.00, '', '2016-03-01'),
(173, 41, '2017-01', '94', 'Annual Evaluation', 26750.00, '', '2017-06-11'),
(174, 41, '2018-01', '91.8', 'Annual Evaluation', 29425.00, '', '2018-07-01'),
(175, 78, '2015-12', '86', 'Probationary Evaluation', 0.00, '', ''),
(176, 78, '2016-03', '87', 'Annual Evaluation', 15000.00, '', '2016-03-01'),
(177, 78, '2017-01', '89', 'Annual Evaluation', 18000.00, '', '2017-06-11'),
(178, 78, '2018-01', '88.4', 'Annual Evaluation', 19800.00, '', '2018-07-01'),
(179, 144, '2015-11', '87', 'Annual Evaluation', 0.00, '', ''),
(180, 144, '2016-02', '81', 'Annual Evaluation', 15000.00, '', '2016-03-01'),
(181, 144, '2017-01', '88', 'Annual Evaluation', 18000.00, '', '2017-06-11'),
(182, 144, '2018-01', '86.8', 'Annual Evaluation', 19800.00, '', '2018-07-01'),
(183, 75, '2014-07', '73', 'Probationary Evaluation', 14000.00, '', '2015-03-01'),
(184, 75, '2016-02', '87', 'Annual Evaluation', 17000.00, '', '2016-03-01'),
(185, 75, '2017-01', '88', 'Annual Evaluation', 18000.00, '', '2017-06-11'),
(186, 75, '2018-01', '87.2', 'Annual Evaluation', 19800.00, '', '2018-07-01'),
(187, 81, '2014-09', '82', 'Probationary Evaluation', 0.00, '', ''),
(188, 81, '-', '', '', 15000.00, '', '2015-03-01'),
(189, 81, '2016-02', '80', 'Annual Evaluation', 18000.00, '', '2016-03-01'),
(190, 81, '2017-01', '89', 'Annual Evaluation', 22000.00, '', '2017-06-11'),
(191, 81, '2018-01', '86.6', 'Annual Evaluation', 23100.00, '', '2018-07-01'),
(192, 9, '2014-07', '78', 'Probationary Evaluation', 0.00, '', ''),
(193, 9, '-', '', '', 0.00, '450', '2015-07-01'),
(194, 9, '2016-02', '87', 'Annual Evaluation', 15000.00, '', '2016-03-01'),
(195, 9, '2017-02', '88', 'Annual Evaluation', 18000.00, '', '2017-06-11'),
(196, 9, '2018-01', '88.3', 'Annual Evaluation', 19800.00, '', '2018-07-01'),
(197, 6, '2017-04', '83', 'Probationary Evaluation', 12000.00, '', '2017-06-11'),
(198, 6, '2017-09', '85', 'Probationary Evaluation', 14000.00, '', '2017-11-01'),
(199, 6, '2018-01', '88.1', 'Annual Evaluation', 15400.00, '', '2018-07-01'),
(200, 8, '2016-03', '84', 'Probationary Evaluation', 17500.00, '', '2016-03-01'),
(201, 8, '2016-06', '89', 'Annual Evaluation', 20000.00, '', '2016-07-01'),
(202, 8, '2017-01', '89', 'Annual Evaluation', 25000.00, '', '2017-06-11'),
(203, 8, '2017-12', '87', 'Annual Evaluation', 27500.00, '', '2018-07-01'),
(204, 44, '2015-03', '89', 'Probationary Evaluation', 11000.00, '', '2015-04-20'),
(205, 44, '2015-10', '80', 'Annual Evaluation', 12000.00, '', '2015-11-01'),
(206, 44, '2016-02', '82', 'Annual Evaluation', 13000.00, '', '2016-03-01'),
(207, 44, '2017-01', '93', 'Annual Evaluation', 18000.00, '', '2017-06-11'),
(208, 44, '2018-01', '89.8', 'Annual Evaluation', 19500.00, '', '2018-07-01'),
(209, 42, '2015-07', '86', 'Probationary Evaluation', 0.00, '330', '2015-08-15'),
(210, 42, '2015-10', '87', 'Probationary Evaluation', 0.00, '375', '2015-10-08'),
(211, 42, '2016-02', '88', 'Annual Evaluation', 12000.00, '', '2016-03-01'),
(212, 42, '2017-06', '87', 'Annual Evaluation', 15000.00, '', '2017-06-11'),
(213, 42, '2018-01', '88', 'Annual Evaluation', 16500.00, '', '2018-07-01'),
(214, 129, '2018-06', '85.5', 'Trainee Evaluation', 12000.00, '', '2018-07-01'),
(215, 69, '2018-04', '86.67', 'Trainee Evaluation', 14000.00, '', '2018-07-01'),
(216, 71, '2016-11', '86', 'Probationary Evaluation', 0.00, '330', '2017-01-01'),
(217, 71, '2016-12', '87', 'Probationary Evaluation', 0.00, '360', '2017-02-16'),
(218, 71, '-', '', '', 10000.00, '', '2017-06-11'),
(219, 71, '2018-02', '90.5', 'Annual Evaluation', 12000.00, '', '2018-07-01'),
(220, 143, '2018-07', '89.43', 'Trainee Evaluation', 0.00, '450', '2018-07-16'),
(221, 38, '2014-07', '83', 'Probationary Evaluation', 0.00, '', ''),
(222, 38, '-', '', '', 18000.00, '', '2015-03-01'),
(223, 38, '2016-02', '89', 'Annual Evaluation', 20000.00, '', '2016-03-01'),
(224, 38, '2017-01', '88', 'Annual Evaluation', 23000.00, '', '2017-06-11'),
(225, 38, '2018-02', '89.4', 'Annual Evaluation', 25300.00, '', '2018-07-01'),
(226, 45, '2015-07', '88', 'Probationary Evaluation', 15000.00, '', '2015-08-15'),
(227, 45, '2015-10', '88', 'Probationary Evaluation', 16000.00, '', '2015-10-01'),
(228, 45, '2016-02', '88', 'Annual Evaluation', 0.00, '', ''),
(229, 45, '2017-02', '88', 'Annual Evaluation', 19200.00, '', '2017-06-11'),
(230, 45, '2018-02', '90', 'Annual Evaluation', 21200.00, '', '2018-07-01'),
(231, 76, '2017-11', '88.14', 'Probationary Evaluation', 18000.00, '', '2018-01-24'),
(232, 76, '-', '', '', 19000.00, '', '2018-07-01'),
(233, 79, '2016-11', '87', 'Probationary Evaluation', 12000.00, '', '2017-02-01'),
(234, 79, '2017-04', '86', 'Annual Evaluation', 16000.00, '', '2017-06-11'),
(235, 79, '2017-12', '87.5', 'Annual Evaluation', 18000.00, '', '2018-07-01'),
(236, 57, '2018-01', '84.22', 'Probationary Evaluation', 15500.00, '', '2018-03-01'),
(237, 57, '2018-05', '88.2', 'Probationary Evaluation', 17000.00, '', '2018-08-01'),
(238, 91, '2017-10', '87', 'Probationary Evaluation', 38500.00, '', '2017-11-06'),
(239, 91, '2017-11', '89.4', 'Probationary Evaluation', 42750.00, '', '2018-07-01'),
(240, 109, '2018-05', '77.5', 'Trainee Evaluation', 12000.00, '', '2018-07-01'),
(241, 127, '2018-06', '86.25', 'Trainee Evaluation', 12000.00, '', '2018-07-01'),
(242, 98, '2017-11', '87', 'Probationary Evaluation', 18000.00, '', '2017-12-01'),
(243, 98, '2018-01', '88', 'Probationary Evaluation', 21000.00, '', '2018-03-16'),
(244, 98, '-', '', '', 24000.00, '', '2018-08-01'),
(245, 4, '2014-09', '84', 'Probationary Evaluation', 0.00, '', ''),
(246, 4, '2016-02', '93', 'Annual Evaluation', 20000.00, '', '2016-03-01'),
(247, 4, '2017-01', '89', 'Annual Evaluation', 23000.00, '', '2017-06-11'),
(248, 4, '2018-01', '88.5', 'Annual Evaluation', 25300.00, '', '2018-07-01'),
(249, 62, '2015-11', '90', 'Probationary Evaluation', 0.00, '', ''),
(250, 62, '2016-02', '91', 'Annual Evaluation', 20000.00, '', '2016-03-01'),
(251, 62, '2017-02', '92', 'Annual Evaluation', 23000.00, '', '2017-06-11'),
(252, 62, '2018-01', '91.5', 'Annual Evaluation', 26450.00, '', '2018-07-01'),
(253, 65, '2014-09', '82', 'Probationary Evaluation', 0.00, '', ''),
(254, 65, '2015-03', '83', 'Annual Evaluation', 18000.00, '', '2015-03-01'),
(255, 65, '2016-02', '91', 'Annual Evaluation', 20000.00, '', '2016-03-01'),
(256, 65, '2017-01', '91', 'Annual Evaluation', 23000.00, '', '2017-06-11'),
(257, 65, '2018-01', '89.8', 'Annual Evaluation', 25300.00, '', '2018-07-01'),
(258, 47, '2014-07', '83', 'Probationary Evaluation', 0.00, '', ''),
(259, 47, '-', '', '', 18000.00, '', '2015-03-01'),
(260, 47, '2016-02', '86', 'Annual Evaluation', 20000.00, '', '2016-03-01'),
(261, 47, '2017-02', '92', 'Annual Evaluation', 23000.00, '', '2017-06-11'),
(262, 47, '2018-01', '89', 'Annual Evaluation', 25300.00, '', '2018-07-01'),
(263, 53, '2016-05', '87', 'Probationary Evaluation', 0.00, '', ''),
(264, 53, '2016-08', '89', 'Probationary Evaluation', 15000.00, '', '2016-10-01'),
(265, 53, '-', '', '', 18000.00, '', '2017-06-11'),
(266, 53, '2018-01', '91.3', 'Annual Evaluation', 20700.00, '', '2018-07-01'),
(267, 80, '2016-02', '90', 'Probationary Evaluation', 11300.00, '', '2016-03-01'),
(268, 80, '2016-06', '90', 'Probationary Evaluation', 14000.00, '', '2016-10-01'),
(269, 80, '2017-01', '89', 'Annual Evaluation', 18000.00, '', '2017-06-11'),
(270, 80, '2018-01', '88.3', 'Annual Evaluation', 19800.00, '', '2018-07-01'),
(271, 59, '2016-08', '91', 'Probationary Evaluation', 26000.00, '', '2016-09-29'),
(272, 59, '-', '', '', 30000.00, '', '2017-06-11'),
(273, 59, '2018-01', '90', 'Annual Evaluation', 33000.00, '', '2018-07-01'),
(274, 37, '2014-08', '83', 'Probationary Evaluation', 0.00, '', ''),
(275, 37, '-', '', '', 18000.00, '', '2015-03-01'),
(276, 37, '2016-02', '91', 'Annual Evaluation', 20000.00, '', '2016-03-01'),
(277, 37, '2017-02', '91', 'Annual Evaluation', 24000.00, '', '2017-06-11'),
(278, 37, '2018-01', '88.8', 'Annual Evaluation', 26400.00, '', '2018-07-01'),
(279, 106, '2018-06', '89.25', 'Trainee Evaluation', 12500.00, '', '2018-07-01'),
(280, 139, '-', '', '', 16800.00, '', '2018-08-01'),
(281, 141, '2017-04', '83', 'Probationary Evaluation', 0.00, '', ''),
(282, 141, '2017-06', '80', 'Probationary Evaluation', 11000.00, '', '2017-06-11'),
(283, 141, '2018-01', '82.3', 'Annual Evaluation', 12000.00, '', '2018-07-01'),
(284, 141, '2018-05', '88', 'Probationary Evaluation', 0.00, '', ''),
(285, 7, '2017-04', '82', 'Probationary Evaluation', 0.00, '325', '2017-06-01'),
(286, 7, '2017-06', '83', 'Probationary Evaluation', 9500.00, '', '2017-12-01'),
(287, 7, '2018-02', '86.7', 'Annual Evaluation', 11000.00, '', '2018-07-01'),
(288, 11, '2018-01', '84.75', 'Trainee Evaluation', 0.00, '550', '2018-03-01'),
(289, 11, '2018-05', '88.3', 'Probationary Evaluation', 15750.00, '', '2018-07-01'),
(290, 74, '2015-04', '88', 'Probationary Evaluation', 0.00, '400', '2015-06-01'),
(291, 74, '2016-02', '83', 'Annual Evaluation', 12000.00, '', '2016-03-01'),
(292, 74, '2017-02', '92', 'Annual Evaluation', 13500.00, '', '2017-06-11'),
(293, 74, '2018-02', '91.8', 'Annual Evaluation', 15000.00, '', '2018-07-01'),
(294, 1, '2015-07', '87', 'Probationary Evaluation', 0.00, '', ''),
(295, 1, '2016-03', '89', 'Annual Evaluation', 18000.00, '', '2016-03-01'),
(296, 1, '2017-02', '92', 'Annual Evaluation', 22000.00, '', '2017-06-11'),
(297, 1, '2018-02', '92', 'Annual Evaluation', 25080.00, '', '2018-07-01'),
(298, 50, '2015-05', '91', 'Probationary Evaluation', 32000.00, '', '2015-06-01'),
(299, 50, '2016-03', '91', 'Annual Evaluation', 35000.00, '', '2016-03-01'),
(300, 50, '2017-02', '92', 'Annual Evaluation', 38500.00, '', '2017-06-11'),
(301, 50, '2018-01', '85', 'Annual Evaluation', 42350.00, '', '2018-07-01'),
(302, 145, '-', '', '', 75000.00, '', '2018-03-01'),
(303, 64, '2016-02', '88', 'Annual Evaluation', 0.00, '', ''),
(304, 64, '2017-01', '86', 'Annual Evaluation', 22000.00, '', '2017-06-11'),
(305, 64, '2018-02', '84', 'Annual Evaluation', 24200.00, '', '2018-07-01'),
(306, 142, '2015-07', '77', 'Probationary Evaluation', 15750.00, '', '2015-08-15'),
(307, 142, '2016-02', '86', 'Annual Evaluation', 18000.00, '', '2016-03-01'),
(308, 142, '2017-02', '89', 'Annual Evaluation', 22000.00, '', '2017-06-11'),
(309, 142, '2018-02', '89.6', 'Annual Evaluation', 25300.00, '', '2018-07-01'),
(310, 63, '2017-01', '87', 'Probationary Evaluation', 19000.00, '', '2017-03-01'),
(311, 63, '2017-03', '90', 'Probationary Evaluation', 22000.00, '', '2017-06-11'),
(312, 63, '2018-02', '91', 'Annual Evaluation', 25080.00, '', '2018-07-01'),
(313, 130, '-', '', '', 17000.00, '', '2015-08-26'),
(314, 172, '2018-10', '85.57', 'Probationary Evaluation', 14000.00, '', '2018-11-26'),
(315, 172, '-', '', '', 12000.00, '', '2018-05-26'),
(316, 53, '-', '', '', 13000.00, '', '2016-08-15'),
(317, 178, '2018-07', '90.3', 'Probationary Evaluation', 22000.00, '', '2018-07-01'),
(318, 68, '2018-11', '89.09', 'Probationary Evaluation', 21000.00, '', '2019-02-11'),
(319, 106, '2018-11', '90.59', 'Probationary Evaluation', 14000.00, '', '2019-02-11'),
(320, 7, '2019-01', '89.03', 'Annual Evaluation', 12100.00, '', '2019-02-11'),
(321, 11, '2019-01', '86.95', 'Annual Evaluation', 17300.00, '', '2019-02-11'),
(322, 79, '2019-01', '88.35', 'Annual Evaluation', 20000.00, '', '2019-02-11'),
(323, 178, '2018-10', '89.89', 'Probationary Evaluation', 24600.00, '', '2019-02-11'),
(324, 109, '2018-10', '88.25', 'Probationary Evaluation', 14000.00, '', '2019-02-11'),
(325, 71, '2019-01', '90.36', 'Annual Evaluation', 13500.00, '', '2019-02-11'),
(326, 141, '2019-01', '89.04', 'Annual Evaluation', 13200.00, '', '2019-02-11'),
(327, 69, '2018-09', '86.82', 'Probationary Evaluation', 15700.00, '', '2019-02-11'),
(328, 49, '2019-01', '90.22', 'Annual Evaluation', 32000.00, '', '2019-02-11'),
(329, 75, '2019-01', '89.31', 'Annual Evaluation', 22500.00, '', '2019-02-11'),
(330, 37, '2019-01', '91.37', 'Annual Evaluation', 30000.00, '', '2019-02-11'),
(331, 58, '2019-01', '89.32', 'Annual Evaluation', 35000.00, '', '2019-02-11'),
(332, 78, '2019-01', '89.17', 'Annual Evaluation', 22500.00, '', '2019-02-11'),
(333, 63, '2019-01', '89.36', 'Annual Evaluation', 27600.00, '', '2019-02-11'),
(334, 66, '2019-01', '93.47', 'Annual Evaluation', 33800.00, '', '2019-02-11'),
(335, 73, '2019-01', '89.34', 'Annual Evaluation', 32000.00, '', '2019-02-11'),
(336, 41, '2019-01', '92.56', 'Annual Evaluation', 31700.00, '', '2019-02-11'),
(337, 67, '2019-01', '91.12', 'Annual Evaluation', 38500.00, '', '2019-02-11'),
(338, 8, '2019-01', '89.35', 'Annual Evaluation', 30250.00, '', '2019-02-11'),
(339, 50, '2019-01', '87.40', 'Annual Evaluation', 45800.00, '', '2019-02-11'),
(340, 44, '2019-01', '86.79', 'Annual Evaluation', 21000.00, '', '2019-02-11'),
(341, 129, '2018-10', '83.37', 'Probationary Evaluation', 13200.00, '', '2019-02-11'),
(342, 70, '2019-01', '93.33', 'Annual Evaluation', 75000.00, '', '2019-02-11'),
(343, 143, '2018-10', '89.94', 'Probationary Evaluation', 13200.00, '', '2019-02-11'),
(344, 127, '2018-12', '86.50', 'Probationary Evaluation', 13200.00, '', '2019-02-11'),
(345, 54, '2019-01', '92.90', 'Annual Evaluation', 34000.00, '', '2019-02-11'),
(346, 57, '2019-01', '90.56', 'Annual Evaluation', 18700.00, '', '2019-02-11'),
(347, 91, '2019-01', '86.40', 'Annual Evaluation', 46200.00, '', '2019-02-11'),
(348, 145, '2019-01', '93.43', 'Annual Evaluation', 82500.00, '', '2019-02-11'),
(349, 45, '2019-01', '90.73', 'Annual Evaluation', 23300.00, '', '2019-02-11'),
(350, 38, '2019-01', '89.13', 'Annual Evaluation', 27800.00, '', '2019-02-11'),
(351, 98, '2019-01', '89.16', 'Annual Evaluation', 26400.00, '', '2019-02-11'),
(352, 97, '2019-01', '91.11', 'Annual Evaluation', 28600.00, '', '2019-02-11'),
(353, 90, '2019-01', '80.38', 'Annual Evaluation', 33500.00, '', '2019-02-11'),
(354, 107, '2019-01', '86.03', 'Annual Evaluation', 25300.00, '', '2019-02-11'),
(355, 110, '2018-10', '85.79', 'Annual Evaluation', 27000.00, '', '2019-02-11'),
(356, 82, '2019-01', '90.55', 'Annual Evaluation', 32000.00, '', '2019-02-11'),
(357, 59, '2019-01', '89.40', 'Annual Evaluation', 35600.00, '', '2019-02-11'),
(358, 65, '2019-01', '91.59', 'Annual Evaluation', 27800.00, '', '2019-02-11'),
(359, 53, '2019-01', '89.81', 'Annual Evaluation', 23200.00, '', '2019-02-11'),
(360, 6, '2019-01', '87.45', 'Annual Evaluation', 17500.00, '', '2019-02-11'),
(361, 1, '2019-01', '91.88', 'Annual Evaluation', 27600.00, '', '2019-02-11'),
(362, 47, '2019-01', '89.47', 'Annual Evaluation', 27800.00, '', '2019-02-11'),
(363, 77, '2019-01', '90.53', 'Annual Evaluation', 32000.00, '', '2019-02-11'),
(364, 74, '2019-01', '92.70', 'Annual Evaluation', 16500.00, '', '2019-02-11'),
(365, 139, '2019-01', '86.31', 'Probationary Evaluation', 18500.00, '', '2019-02-11'),
(366, 171, '2018-10', '84.63', 'Probationary Evaluation', 11800.00, '', '2019-02-11'),
(367, 55, '2019-01', '87.72', 'Annual Evaluation', 29400.00, '', '2019-02-11'),
(368, 81, '2019-01', '87.42', 'Annual Evaluation', 24900.00, '', '2019-02-11'),
(369, 9, '2019-01', '87.70', 'Annual Evaluation', 22500.00, '', '2019-02-11'),
(370, 4, '2019-01', '89.18', 'Annual Evaluation', 27800.00, '', '2019-02-11'),
(371, 42, '2019-01', '90.61', 'Annual Evaluation', 18150.00, '', '2019-02-11'),
(372, 142, '2019-01', '90.10', 'Annual Evaluation', 28300.00, '', '2019-02-11'),
(373, 64, '2019-01', '87.03', 'Annual Evaluation', 26200.00, '', '2019-02-11'),
(374, 80, '2019-01', '87.67', 'Annual Evaluation', 21800.00, '', '2019-02-11'),
(375, 62, '2019-01', '93.05', 'Annual Evaluation', 29100.00, '', '2019-02-11'),
(376, 144, '2019-01', '85.30', 'Annual Evaluation', 22500.00, '', '2019-02-11'),
(377, 184, '2018-11', '88.03', 'Probationary Evaluation', 17000.00, '', '2019-02-11'),
(378, 183, '2016-02', '89', 'Annual Evaluation', 35000.00, '', '2016-03-01'),
(379, 183, '2018-03', '93', 'Annual Evaluation', 38500.00, '', '2018-07-01'),
(380, 183, '2019-01', '93.13', 'Annual Evaluation', 42350.00, '', '2019-02-11'),
(381, 182, '2018-10', '86.29', 'Probationary Evaluation', 19000.00, '', '2019-01-01'),
(382, 173, '2018-11', '84.93', 'Probationary Evaluation', 0.00, '', ''),
(383, 3, '2019-01', '95.45', 'Annual Evaluation', 0.00, '', ''),
(384, 114, '2019-01', '87.41', 'Annual Evaluation', 47000.00, '', '2019-02-11'),
(385, 2, '2019-01', '86.32', 'Annual Evaluation', 28000.00, '', '2019-02-11'),
(386, 100, '2019-01', '87', 'Annual Evaluation', 26400.00, '', '2019-02-11'),
(387, 92, '2019-01', '91.11', 'Annual Evaluation', 35000.00, '', '2019-02-11'),
(388, 108, '2019-01', '87.49', 'Annual Evaluation', 22000.00, '', '2019-02-11'),
(389, 104, '2018-10', '90.33', 'Annual Evaluation', 32000.00, '', '2019-02-11'),
(390, 101, '2019-01', '85.96', 'Annual Evaluation', 25000.00, '', '2019-02-11'),
(391, 150, '2018-11', '87.19', 'Probationary Evaluation', 15000.00, '', '2019-02-11'),
(392, 123, '2019-01', '83.34', 'Annual Evaluation', 23000.00, '', '2019-02-11'),
(393, 171, '2019-02', '86.69', 'Probationary Evaluation', 0.00, '', ''),
(394, 184, '2019-02', '88.75', 'Probationary Evaluation', 0.00, '', ''),
(395, 68, '2019-02', '87.56', 'Probationary Evaluation', 0.00, '', ''),
(396, 185, '2019-02', '87.27', 'Probationary Evaluation', 15000.00, '', '2019-02-11'),
(397, 112, '2019-01', '94.01', 'Annual Evaluation', 38000.00, '', '2019-02-11'),
(398, 169, '2019-01', '81.70', 'Probationary Evaluation', 0.00, '', ''),
(399, 94, '2019-01', '85.84', 'Annual Evaluation', 28000.00, '', '2019-02-11'),
(400, 133, '2018-10', '88.35', 'Probationary Evaluation', 22000.00, '', '2019-02-11'),
(401, 95, '2019-01', '88.32', 'Annual Evaluation', 18000.00, '', '2019-02-11'),
(402, 181, '2015-02', '89.5', 'Probationary Evaluation', 0.00, '', ''),
(403, 181, '2015-04', '85.3', 'Probationary Evaluation', 0.00, '', ''),
(404, 169, '2019-04', '77.19', 'Probationary Evaluation', 0.00, '', ''),
(405, 150, '2019-04', '84.47', 'Probationary Evaluation', 0.00, '', ''),
(406, 177, '2019-04', '91.62', 'Probationary Evaluation', 0.00, '', ''),
(407, 182, '2018-06', '84.67', 'Probationary Evaluation', 16500.00, '', '2018-07-01'),
(408, 173, '-', '', '', 12000.00, '', '2019-02-11'),
(409, 179, '-', '', '', 20000.00, '', '2019-02-11'),
(410, 152, '-', '', '', 15000.00, '', '2019-02-11'),
(411, 139, '2019-02', '85.50', 'Probationary Evaluation', 0.00, '', ''),
(412, 76, '2019-01', '86.61', 'Annual Evaluation', 20500.00, '', '2019-02-11'),
(413, 175, '2019-07', '88.64', '3rd Month Evaluation', 15000.00, '', '2019-08-01'),
(414, 167, '2019-06', '86.13', '3rd Month Evaluation', 10500.00, '', '2019-06-26'),
(415, 168, '2019-06', '92.96', '3rd Month Evaluation', 0.00, '440', '2019-06-26'),
(416, 174, '2019-05', '86.70', '3rd Month Evaluation', 0.00, '400', '2019-06-26'),
(417, 169, '2019-07', '69.86', 'Probationary Evaluation', 0.00, '', ''),
(418, 139, '2019-04', '86.83', 'Pre-Regularization', 20000.00, '', '2019-07-01'),
(419, 173, '2019-08', '84.38', 'Pre-Regularization Evaluation', 14000.00, '', '2019-09-01'),
(420, 186, '2019-06', '89.15', '3rd Month Evaluation', 11000.00, '', '2019-06-26'),
(421, 180, '2019-07', '82.48', '3rd Month Probationary', 22000.00, '', '2019-09-01');

-- --------------------------------------------------------

--
-- Table structure for table `evaluation_history_tmp`
--

CREATE TABLE IF NOT EXISTS `evaluation_history_tmp` (
`evalhist_id` int(11) NOT NULL,
  `personal_id` int(11) NOT NULL,
  `eval_date` varchar(50) DEFAULT NULL,
  `score` varchar(50) DEFAULT NULL,
  `eval_type` varchar(50) DEFAULT NULL,
  `adjustment` double(10,2) NOT NULL DEFAULT '0.00',
  `per_day` varchar(50) DEFAULT NULL,
  `effective_date` varchar(100) DEFAULT NULL
) ENGINE=InnoDB DEFAULT CHARSET=latin1;

-- --------------------------------------------------------

--
-- Table structure for table `family_background`
--

CREATE TABLE IF NOT EXISTS `family_background` (
`family_id` int(11) NOT NULL,
  `personal_id` int(11) NOT NULL,
  `father_name` varchar(50) DEFAULT NULL,
  `fa_age` int(3) NOT NULL,
  `occupation` varchar(50) DEFAULT NULL,
  `mother_name` varchar(50) DEFAULT NULL,
  `m_age` int(3) NOT NULL,
  `m_occupation` varchar(50) NOT NULL,
  `name_spouse` varchar(50) DEFAULT NULL,
  `n_age` int(3) NOT NULL,
  `n_occupation` varchar(50) DEFAULT NULL,
  `employers_name_address` varchar(150) DEFAULT NULL
) ENGINE=InnoDB AUTO_INCREMENT=195 DEFAULT CHARSET=latin1;

--
-- Dumping data for table `family_background`
--

INSERT INTO `family_background` (`family_id`, `personal_id`, `father_name`, `fa_age`, `occupation`, `mother_name`, `m_age`, `m_occupation`, `name_spouse`, `n_age`, `n_occupation`, `employers_name_address`) VALUES
(1, 1, '', 0, '', '', 0, '', 'Elizabeth C. Adorio', 40, 'Secondary Teacher', 'Do?a Monserrat National High School - Silay City'),
(2, 2, 'Abdias Arsenio', 57, 'Driver', 'Rebecca Arsenio', 56, 'Housewife', '', 0, '', ''),
(3, 3, '', 0, '', '', 0, '', 'Marites T. Jabiniar', 0, '', ''),
(4, 4, 'Deceased', 0, '', 'Francisca Alevio', 49, 'House Keeper', 'Cristina C. Alevio', 32, 'Housewife', ''),
(5, 5, 'Romeo Jamelo Sr.', 60, 'Retired', 'Rowena Jamelo', 59, 'Housewife', 'Maricar S. Jamelo', 40, 'Housewife', 'None'),
(6, 6, 'Reynaldo Alova', 65, 'None', 'Elma Tibang', 67, 'Housewife', '', 0, '', ''),
(7, 7, 'Frawlene Jardinico', 48, 'Tricycle Driver', 'Arlene Jardinico', 38, 'Housewrife', 'Edelyn Mae Jarobel Jardinico', 21, '', ''),
(8, 8, 'Reynaldo Alova ', 65, 'Retired Police', 'Deceased', 0, '', '', 0, '', ''),
(9, 9, 'Noe Labanon', 56, 'Farmer', 'Herminia Labanon', 48, 'Housewife', '', 0, '', ''),
(10, 10, 'Efren Ledesma', 61, 'Electronic Technician', 'Blinda Diotay', 56, 'Job Order at Carlos Hilado Memorial State College', '', 0, '', ''),
(11, 11, 'Romeo V. Liao', 51, 'Maintenance', 'Ella M. Liao', 47, 'Desk Clerk', '', 0, '', ''),
(37, 37, 'Wilfredo Lovico', 56, 'Miner', 'Veteliana Lovico', 53, 'Housewife', 'Mecil T. Lovico', 29, 'Operator', ''),
(38, 38, 'Alfredo Madeja', 0, '', 'Rosita Madeja', 68, 'Government Employee', 'Susan Madeja', 46, 'Housewif', ''),
(40, 40, '', 0, '', '', 0, '', 'Ana May Ambos', 0, 'Nurse', ''),
(41, 41, 'Florencio Maglinte', 0, 'Deceased', 'Mamerta Maglinte', 53, 'Housewife', 'Agnes Maglinte', 33, 'Housewife', ''),
(42, 42, 'Alex J. Manilla Sr.', 65, 'Farmer', 'Luzviminda Manilla', 63, 'Housewife', '', 0, '', ''),
(43, 43, '', 0, '', '', 0, '', 'Nida C. Matuod', 0, '', ''),
(44, 44, 'Joel Malata', 57, 'Farmer', 'Lina Doctora', 58, 'Teacher', 'Ricky P. Ambong', 34, 'Police Officer 1', 'Philippine National Police/Bacolod City Police Headquarters Office'),
(45, 45, 'Ruben T. Viernes', 70, 'Retired Electrician', 'Genoveva A. viernes', 55, 'Retired Teacher', 'Rafael P. Mondejar', 40, 'Fisherman', ''),
(46, 46, '', 0, '', '', 0, '', '', 0, '', ''),
(47, 47, 'Juan Montero', 62, 'Farmers', 'Adela B. Montero', 60, 'Housewife', 'jazel B. Montero', 37, 'Housewife', ''),
(48, 48, 'Pablo Nuyad Jr', 0, 'Deceased', 'Lucy Nuyad', 50, 'Housewife', '', 0, '', ''),
(49, 49, 'Edgar S. Ortega', 0, 'Policeman', 'Esmerald B. Ortega', 59, 'Housewife', 'Glaiza Marie M. Ortega', 28, 'Housewife', 'None'),
(50, 50, 'Deceased', 0, '', 'Sotera F. Angulo', 91, 'None', 'Marichu Angulo', 51, 'Lab Cane Scaler', 'Central Azucarera De Bais, Inc. - Bais City Negros Oriental'),
(51, 51, 'Isaac T. Ba?acia', 0, '', 'Nena Saputalo', 0, '', 'Gerry U. Arana', 0, '', 'City Government of Bago'),
(52, 52, '', 0, '', '', 0, '', '', 0, '', ''),
(53, 53, 'Conrado Panes', 79, 'Retired', 'Hermenia Panes', 0, 'Deceased', 'Hylien J. Pneas', 43, 'Housekeeper', 'None'),
(54, 54, 'Norberto Arroyo                                   ', 60, 'Self-Employed', 'Josephine Arroyo', 62, 'Housewife', '', 0, '', ''),
(55, 55, '', 0, '', '', 0, '', '', 0, '', ''),
(56, 56, 'Ricardo Alit Abellar Jr', 57, 'Clerk', 'Ruby Ventor Abellar', 54, 'Accountant', 'Herbert Jarn Vacarro Parcon', 31, 'Seafarer', 'Cargosafeway Inc. - Sta. Mesa Metro Manila'),
(57, 57, 'Morlito Bating', 57, 'Jeepney Driver', 'Annie Bating', 51, 'Housewife', '', 0, '', ''),
(58, 58, 'Francisco R. Purisima', 0, '', 'Cecilia A. Purisima', 0, '', 'Cheryl E. Purisima', 43, 'Housewife', ''),
(59, 59, '', 0, '', '', 0, '', 'MELINDA BARDINA BAWAR', 41, '', ''),
(60, 60, '', 0, '', '', 0, '', '', 0, '', ''),
(61, 61, '', 0, '', 'Cecilia A. Purisima', 68, 'Housewife', 'Jocelyn A. Purisima', 33, 'Housewife', ''),
(62, 62, 'Romeo Beato', 52, 'Farmer', 'Auraline Beato', 52, 'Housewife', '. ', 0, '', ''),
(63, 63, 'Wilfredo J. Roiles', 0, 'Pipe Welder', 'Leah Jo Roiles', 0, 'Housekeeper', '', 0, '', ''),
(64, 64, '', 0, '', '', 0, '', '', 0, '', ''),
(65, 65, 'Servando Canama', 56, 'Farmer', 'Lolita Canama', 53, '', '', 0, '', ''),
(66, 66, 'Oscar G. Corino', 0, '', 'Eleonor L. Corino', 0, '', 'Gerlie May Corino', 0, '', ''),
(67, 67, 'Deceased', 0, '', 'Deceased', 0, '', 'Merlyn O. Dagupan', 53, 'None', ''),
(68, 68, 'Renato Depasupil', 0, '', 'Nedda Depasupil', 63, 'Retired', '', 0, '', ''),
(69, 69, 'Bonifacio Ngipen', 58, 'BUsinessman', 'Milma Servento', 52, 'Brgy Kagawad', 'Juanito Duis', 31, 'Salesman', 'Pachi Co. - Saudo Arabia'),
(70, 70, 'Armando Samano', 0, 'Deceased', 'Nilda Samano', 0, 'Housewife', 'None', 0, 'None', 'None'),
(71, 71, 'Jose Wilson Factolerin', 62, 'Deceased', 'Julita Factolerin', 59, 'Housewife', '', 0, '', ''),
(72, 72, 'Elvis M. Fajutagana', 48, 'Mechanical Engineer', 'Mary Jean F. Fajutagana', 48, 'Housewife', '', 0, '', ''),
(73, 73, 'Genaro Tagarda', 64, 'Farmer', 'Pilar Tagarda', 64, 'Housewife', 'Syrel Sarausus', 35, 'Housewife', ''),
(74, 74, 'Napoleon Tandoy', 0, 'Driver', 'Nelia Libo-on', 0, 'Deceased', 'Gina O. Tandoy', 0, 'Housewife', ''),
(75, 75, 'Ernesto Fernandez', 80, 'None', 'Lagrimas Fernandez', 74, 'None', 'Leilani S. Fernandez', 35, 'Quality Inspection', 'KADCO MAnufacturing Inc.,'),
(76, 76, 'Daniel Sixto', 63, 'Farmer', 'Melita Sixto', 65, 'Sales Representative', 'Marylou Sixto', 41, 'None', 'None'),
(77, 77, 'Rogelio J. Sabit', 55, 'None', 'Carmelita Sabit', 0, 'Deceased', 'Ma. Liezel A. Sabit', 33, 'Teacher', 'Alae Manolo Bukidnon National High School'),
(78, 78, 'Lorenzo Sarcauga', 46, 'Farmer', 'Cilirina Sarcauga', 45, 'Housewife', 'None', 0, 'None', 'None'),
(79, 79, 'Dericsis Eras', 0, 'Retired Police Officer', 'Beulah Eras', 0, 'Housewife', 'Juan Antonio Torres', 42, 'Production Supervisor', 'Mai, Dubai, UAE'),
(80, 80, 'Justiano Urnopia', 0, 'Farmer', 'Dicidiria Urnopia', 0, 'None', 'Meregen Urnopia', 45, 'Housewife', ''),
(81, 81, 'Deceased', 0, '', 'Consuelo Fortuno', 73, 'None', 'Flordeliza Fortuno', 42, 'Housekeeper', ''),
(82, 82, 'Rommel Tignero Sr. ', 60, 'None', 'Cecilia Tignero', 60, 'Catholic', 'None', 0, '', ''),
(83, 83, '', 0, '', '', 0, '', '', 0, '', ''),
(85, 85, 'Jeoffrey Narazo', 0, '', 'Josefina Villegas', 0, '', 'Jose Martin Benares', 0, 'Programmer', ''),
(86, 86, 'Juan A. Hilarbo', 71, 'Businessman', 'Ma. Luz Hilarbo', 69, 'Housewife', 'Arvin Cabaylo', 0, '', 'Central Negros Electric Cooperative, Bacolod City'),
(87, 87, 'Romeo B. Calibjo', 0, 'Pensioner', '', 0, 'Pensioner', 'Marianita C. Calibjo', 0, '', ''),
(88, 88, 'Romeo Carbaquil', 55, 'Driver', 'Nenita Carbaquil', 54, 'Houswife', 'Johna Mae Carbaquil', 31, 'Housewife', ''),
(89, 89, 'Januario Caballero', 60, '', 'Nelia Caballero', 58, 'Government Employee', '', 0, '', ''),
(90, 90, 'Rodolfo S. Oliva', 0, 'Deceased', 'Delia C. Oliva', 62, 'Farmer', 'Emerson M. Danoy', 29, 'CSR', 'Convergys Philippines'),
(91, 91, 'Alan R. Dioso', 41, 'Deceased', 'Edna M. Perez', 60, 'Housewife', 'Fernando E. Dato', 41, 'System Analyst / Bookeeper', 'CEMPCO - Bacolod City'),
(92, 92, '', 0, 'Deacesed', 'Susan De Los Santos', 66, 'None', 'Gladys P. De Los Santos', 32, 'Finance Associate', 'Robinhood Commercial, Tangub Bacolod City'),
(93, 93, 'Faustino Dujenio Jr', 57, 'Salesman', 'Nenita Dujenio', 60, 'Retired', '', 0, '', ''),
(94, 94, 'Franciso Puno-an', 0, 'Deceased', 'Julia Amaro', 0, 'Deceased', 'Remie A. Espera', 56, 'Project Officer', 'Simag Foundaton Inc - AHSSI Bldg, Silay City'),
(95, 95, 'Noel C. Trasmontero', 58, 'Pensioner', 'Louella F. Trasmontero', 56, 'Deceased', 'R-J Moguad Gabales', 30, 'Seafarer - 2nd mate', 'Marlou Navigation Inc. - 212 Leon Guinto St., Malate, Metro Manila'),
(96, 96, 'Reynaldo S. Alfaro, Sr', 60, 'None', 'Elsie R. Alfaro', 58, '', 'Noel T. Gallo', 39, 'Company Driver', 'EHD Logistics Inc. - Iloilo City'),
(97, 97, '', 0, '', 'Lennette Grabillo', 51, 'None', '', 0, '', ''),
(98, 98, 'Arturo Jamero', 74, 'Retired', 'Lourdes Jamero', 74, 'Housewife', 'Shery P. Jamero', 34, 'Housewife', ''),
(99, 99, 'Romeo D. Jo', 81, 'Retired Police', 'Luz Ubas Aguanta', 75, 'Housewife', '', 0, '', ''),
(100, 100, 'Nazario Shyde Iba?ez, Sr', 57, 'None', 'Celina Iba?ez', 56, 'Government Employee', 'Doreen Happy Q. Iba?ez', 32, 'Government Employee', 'Cadiz City Hall'),
(101, 101, 'Roberto Jalandoni', 57, 'Driver', 'Genita Jalandoni', 56, 'Business Woman', '', 0, '', ''),
(102, 102, 'Elison P. Flor', 56, 'City Employee', 'Ercelia B. Dido', 53, 'Housewife', '', 0, '', ''),
(103, 103, 'Zoilo Labiao', 59, 'Audit', 'Teresa Labiao', 57, 'Office Staff', '', 0, '', ''),
(104, 104, 'Antonio A. Mendoza', 0, 'Deceased', 'Aniceta R. Cabales', 0, 'Deceased', 'Raffy S. Lacambra', 42, 'Bank Employee', 'Marayo Bank Incorporated'),
(105, 105, 'Josefito Nillos', 0, 'Deceased', 'Remedios Y. Nillos', 71, 'Retired Teacher', '', 0, '', ''),
(106, 106, 'John Bugna', 56, 'Boiler - Assistant Engineer', 'Elisa Fortaleza', 58, 'Housewife', '', 0, '', ''),
(107, 107, 'Joaquin T. Oquiana', 60, 'Retired', 'Emeline Oquiana', 57, 'Housewife', '', 0, '', ''),
(108, 108, 'Reynaldo Plaza', 56, 'Retired Policeman', 'Miranda Rosa Plaza', 54, 'Teacher', '', 0, '', ''),
(109, 109, 'Romeo D. Quiocson', 54, 'Cook', 'Liza Del Rosario Montilla', 53, 'Housewife', '', 0, '', ''),
(110, 110, 'Jaime G. Ramirez', 57, 'Employee', 'Emily S. Ramirez', 49, 'Employee', '', 0, '', ''),
(111, 111, 'Joelito Canoy', 62, 'Farmer', 'Ma. Luz Canoy', 62, 'Housewife', 'Avelino D. Rocha', 40, 'Conductor - Jeep', ''),
(112, 112, 'Arnel Rosales', 52, 'Accounting Staff', 'Chuchi Rosales', 51, 'Housewife', '', 0, '', ''),
(113, 113, 'Wayne Saludo', 57, 'Laborer', 'Teresita Saludo', 61, 'Housewife', '', 0, '', ''),
(114, 114, 'Ramon S. Sanches', 54, 'Deceased', 'Maura F. Sanches', 56, '', '', 0, '', ''),
(115, 115, 'Noel Sellado', 53, 'Driver', 'Marivic Sellado', 56, 'Deceased', '', 0, '', ''),
(116, 116, 'Edmund C. Alvero Jr.', 40, 'Janitor', 'Catherine S. Alvero', 39, 'Housewife', '', 0, '', ''),
(117, 117, 'Jose O. Uy', 64, 'Government Employee', 'Emma S. Uy', 61, 'Housewife', 'Rey Francis E. Sinoro', 40, 'Employed', 'Metro Bacolod Chamber of Commerce & Ind, Bacolod City'),
(118, 118, 'Vernavie Tabilla', 0, 'Deceased', 'Welminita Carmona', 62, 'Retired Employee', '', 0, '', ''),
(119, 119, 'Pedro Tagalog', 0, 'Retired Seaman', 'Celita Tagalog', 0, 'Housewife', '', 0, '', ''),
(120, 120, 'Conrado Tajo', 62, 'None', 'Rosavilla', 63, 'Housewife', '', 0, '', ''),
(121, 121, 'Patrocincio T. Tan', 0, '', 'Francisca A. Pindang', 0, 'Deceased', '', 0, '', ''),
(122, 122, 'Richard Sarroza', 62, 'Househusband', 'Erlina R. Bausa', 55, 'Housewife', '', 0, '', ''),
(123, 123, 'Sedekias N. Gabutero', 64, 'Bicycle Mechanic', 'Amy S. Aldaya', 54, 'Housewife', 'Rodolfo C. Villas', 35, ' Transit man / Surveyor', 'Department of Agrarian Reform'),
(124, 124, 'John Rodillado', 0, '', 'Nelly Jover', 67, 'Retired Teacher', 'Dennis R. Villas', 42, 'Seaman', 'Nyk Fil Ship Management - Intramuros Manila'),
(125, 125, 'Danilo C. Salas', 56, 'Security Guard', 'Gene S. Bi?as', 51, 'Housewife', '', 0, '', ''),
(126, 126, 'Vaime Bandong Jr.', 65, 'Retired', 'Aceli F. Bandong', 69, 'Retired', '', 0, '', ''),
(127, 127, 'Marty Subarita', 38, 'Guitarist', 'Joan Jambongana', 38, 'Homemaker', '', 0, '', ''),
(128, 128, 'Edmund C. Alvero Jr.', 40, 'Janitor', 'Catherine S. Alvero', 39, 'Housewife', '', 0, '', ''),
(129, 129, 'Diosador D. DIvinagracia', 53, 'Laborer', 'Priscilla S. Rapado', 56, 'Office Clerk', '', 0, '', ''),
(130, 130, 'Ben C. Cosico', 64, 'None', 'Rosalinda Cosico', 50, 'Laundry Woman', '', 0, '', ''),
(131, 131, 'Eduardo Young', 57, 'Unemployed', 'Ma. Cristina Young', 55, 'Employee', '', 0, '', ''),
(132, 132, 'Arturo C. Bobiles', 47, 'Businessman', 'Rochelle B. Bobiles', 54, 'Businesswoman', '', 0, '', ''),
(133, 133, 'Rolando Rama Cesar', 78, 'Legal Researcher', 'Virginia Gomez Palanog', 54, 'Housewife', '', 0, '', ''),
(134, 134, 'Samuel E. De La Cruz', 51, 'Tricycle Driver', 'Melanie Bustamante', 50, 'Housewife', '', 0, '', ''),
(136, 136, 'Apolinario  Adla-on Febrio', 52, 'Family Driver', 'Zenaida Jison Anescol', 58, 'Secretary', 'N/A', 0, 'N/A', 'N/A'),
(139, 139, 'Manue Mahinay', 69, 'Retired', 'Haydee Gonzaga', 67, 'Dressmaker/Tailor', 'Mark Higino Gellada', 37, 'Salesman', 'Negros Long Life Corporation'),
(140, 140, '', 0, '', '', 0, '', '', 0, '', ''),
(141, 141, 'Felipe Globert ', 0, 'Deceased', 'Elisa Ba?ares', 0, 'Deceased', 'Analyn P. Globert', 35, 'Housewife', 'N/A'),
(142, 142, 'Ronilo Golvio', 54, 'Deceased', 'Edna Golvio', 48, 'Domestic Helper', '', 0, '', ''),
(143, 143, 'Zucitao Jardiniano', 63, '', 'Nenita Jardiniano', 61, '', 'Benilda Jardiniano', 45, 'Housewife', 'N/A'),
(144, 144, '', 0, '', '', 0, '', '', 0, '', ''),
(145, 145, '', 0, '', '', 0, '', 'Dolorosa Argawanon', 45, '', ''),
(146, 146, 'Ricardo Bolarde', 87, 'Retired', 'Vicenta Bolarde', 85, 'Retired Teacher', 'Narcisa Bolarde', 51, 'None', 'Housewife'),
(147, 147, 'Jose Porciuncula', 59, 'Retailer', 'Teresita Porciucula', 57, 'Deceased', 'N/A', 0, 'N/A', 'N/A'),
(148, 148, 'Hernan Tanan', 48, 'Liason Officer', 'Darlyn Olandria', 45, 'Party Staff/OFW', 'N/A', 0, '', ''),
(149, 149, 'Ahyam Sia', 0, 'Deceased', 'Dolores Sia', 0, 'Deceased', 'Joan O. Sia', 64, 'Retired', 'N/A'),
(150, 150, 'Joseph M. Aizpuro', 55, 'Sr. Warehouse Receiver', 'Rosario P. Aizpuro', 51, 'Staff Accountant', 'n/a', 0, 'n/a', 'n/a'),
(151, 151, 'Danilo C. Bi?as', 56, 'Security Guard', 'Gene S. Bi?as', 51, 'Housewife', 'n/a', 0, 'n/a', 'n/a'),
(152, 152, 'Raylie R. Bacong', 56, 'Retired Policeman', 'Ma Paz J. Ni?a', 50, 'Purchasing Officer', 'n/a', 0, 'n/a', 'n/a'),
(153, 153, '', 0, '', '', 0, '', '', 0, '', ''),
(154, 154, 'Severino Resonte Jocson', 0, 'Deceased', 'Juanita Valenzuela Jacinto', 0, 'Hosewife', 'Joepete Sia Gaudite', 35, 'Electronics Engineer', 'National Grid Corporation of the Phils. (NGCP) - Bacolod City'),
(155, 155, 'Andres R. Leonardia', 0, 'Deceased', 'Ma  Margarita Lacson', 0, 'Deceased', 'Maria Celeste Leonardia', 41, '', 'Philam Life - Galo St., Bacolod City'),
(156, 156, '', 0, '', '', 0, '', '', 0, '', ''),
(157, 167, 'Johnny Francisco', 57, 'Deceased', 'Ofelia Francisco', 58, 'Housewife', 'N/A', 0, 'N/A', 'N/A'),
(158, 168, 'Noel Toledo', 46, 'N/A', 'Ma. Liza Diosana', 41, 'Domestic Helper', 'N/A', 0, 'N/A', 'N/A'),
(159, 169, 'Geronimo Zamora', 74, 'Deceased', 'Anita Bagatela', 67, 'Deceased', 'Randy Ricarse', 33, 'Seaferer', 'IMS Philippines, INC (Ermita Manila)'),
(160, 170, 'Jaime Bandong', 65, 'Retires', 'Aceli Bandong', 69, 'Retired', 'N/A', 0, 'N/A', 'N/A'),
(161, 171, 'PORFERIO MATUCAN', 67, 'TRICYCLE DRIVER', 'GLAZAN', 53, 'HOUSEWIFE', '', 0, '', ''),
(162, 172, 'Francis Ampog', 51, 'Guard', 'Joenalyn Pura Malo', 50, 'SEMPC Staff', 'N/A', 0, 'N/A', 'N/A'),
(163, 173, 'Noli Tasic', 47, 'Businessman', 'Annaliza Calacat', 46, 'Housewife', 'N/A', 0, 'N/A', 'N/A'),
(164, 174, 'Deceased', 0, '', 'Letecia Isidro', 54, 'Housewife', 'Genesis Jomiller', 39, 'Encoder', 'Piso Net- Own Business'),
(165, 175, 'Renato miguel Castillo', 54, 'CSR', 'Maria Jesusa Reyes', 55, 'n/a', 'n/a', 0, 'n/a', 'n/a'),
(166, 176, '', 0, '', '', 0, '', '', 0, '', ''),
(167, 177, 'June Pangilinan', 59, 'Driver', 'Lita Angeles', 62, 'Housewife', '', 0, '', ''),
(168, 178, 'Jose Villarias', 0, 'Deceased', 'Lucyl Guadalupe', 57, 'Chemical Engineer', 'Joseph Arrogancia Villaruz', 34, 'Engineer', 'Victorias Milling Company'),
(169, 179, 'Ryan Javier', 47, 'Supervisor', 'Mary Ann Depon', 42, 'School Nurse', 'n/a', 0, 'n/a', 'n/a'),
(170, 180, 'Fernando N. Cordova', 61, 'N/a', 'Josefina Ortega Gergorio', 60, 'Business Woman', 'Nilrey Tamao', 36, 'Seafarer', 'Yialos Shipping'),
(171, 181, 'Arturo Bobiles Sr', 47, 'Businessman', 'Rochelle Bobiles', 54, 'Businesswoman', 'N/a', 0, 'n/a', 'n/a'),
(172, 182, 'Kengo Sasamoto', 0, 'Deceased', 'Fe Gutierrez', 61, 'Insurance Agent', '', 0, '', ''),
(173, 183, 'JUAN N. TORRIJOS', 74, 'DECEASED', 'CONSTANCIA TORRIJOS', 0, 'DECEASED', 'ARACELI L. TORRIJOS', 69, 'TEACHER', 'DEP.ED, TOLEDO CITY, CEBU'),
(174, 184, 'Eric Jabiniar', 46, 'Technical Director', 'Marites Tagarda', 43, 'Housewife', 'N/A', 0, '', ''),
(175, 185, 'FERANANDO J. AQUINO', 66, 'NONE', 'ESTINELY GEOGRAFO', 65, 'HOUSEWIFE', '', 0, '', ''),
(176, 186, 'Rey Albert Umadhay Diocson', 53, 'N/A', 'Eden Cezar Magdael', 56, 'Bookkeeper', '', 0, '', ''),
(177, 187, 'Lester Y. Lee', 42, 'Businessman', 'Judilyn Orense', 42, 'Housewife', 'N/A', 0, 'N/A', 'N/A'),
(178, 188, 'Audre Sucaldito', 49, 'Sea Farer', 'Sharline Parenias Candia', 48, 'Housewife', 'N/A', 0, 'N/A', 'N/A'),
(179, 189, 'Ricardo Arsaga', 0, 'Deceased', 'Ma. Fe Junco Nessia', 52, 'Farming Business', 'Michael Salavante', 32, 'OFW - Receptionist', 'Riyadh, Saudi Arabia'),
(180, 190, 'Miguel G. Abas', 0, '', 'Antonia Balaibo', 72, 'N/A', 'Janice G. Abas', 33, 'Housewife', 'N/A'),
(181, 191, 'Apolinario C. Sulig', 52, 'Construction Worker', 'Helena Desales', 48, 'Chaimbermaid', 'N/A', 0, 'N/A', 'N/A'),
(182, 192, 'Rizal A. Hilado', 42, 'Laborer', 'Creselda Alingasa', 41, 'Housewife', 'N/A', 0, 'N/A', 'N/A'),
(183, 193, 'Romulo Estoria', 65, 'Retired Mechanical Engineer', 'Josephine Estoria', 55, 'Housekeeper', 'N/A', 0, 'N/A', 'N/A'),
(184, 194, 'Denver Destacamento', 58, 'COMELEC Employee', 'Flocerfida Sandoval', 62, 'N/A', 'N/A', 0, 'N/A', 'N/A'),
(185, 195, 'Johnny Juan Mago Jr.', 50, 'Hog Raiser', 'Richelle Delogdog Lagnas', 46, 'Housewife', '', 0, '', ''),
(186, 196, 'Jesus Tolentino', 52, 'Vendor', 'Dolly E. Tolentino', 52, 'Vendor', 'N/A', 0, 'N/A', 'N/A'),
(187, 197, 'Albino I. Lucerna', 65, 'N/A', 'Celia M. Lucerna', 54, 'N/A', 'N/A', 0, 'N/A', 'N/A'),
(188, 198, 'Roberto Providencia Jr.', 60, 'Carpenter', 'Lydia Benadillo Canete', 62, 'Housewife', 'N/A', 0, 'N/A', 'N/A'),
(189, 199, 'Florendo B. Ilagan', 0, 'Deceased', 'Maricon Hernandez', 0, 'Housewife', 'Nelson J. Labang', 41, 'Accounting Officer', 'Manila Cockers, Inc.'),
(190, 200, 'Antonio Mag-Alasin', 48, 'Church Worker', 'Carlota Mag-Alasin', 50, 'Tailor', 'N/A', 0, 'N/A', 'N/A'),
(191, 201, 'Raul Bonda', 54, 'Tricycle Driver', 'Rucil Bonda', 57, 'Teacher', 'N/A', 0, 'N/A', 'N/A'),
(192, 202, 'Romeo Denila', 0, 'Deceased', 'Vivian Cartegera', 0, 'Deceased', 'N/A', 0, 'N/A', 'N/A'),
(193, 203, 'Mario B. Montaez', 74, 'Retires Painter', 'Susan Montaez', 64, 'Housewife', 'N/A', 0, 'N/A', 'N/A'),
(194, 204, 'Jesus Estorque', 74, 'Retired Contractor', 'Virgie C. Estorque', 71, 'Retired Teacher', 'N/A', 0, 'N/A', 'N/A');

-- --------------------------------------------------------

--
-- Table structure for table `hospital_exposure`
--

CREATE TABLE IF NOT EXISTS `hospital_exposure` (
`exposure_id` int(11) NOT NULL,
  `personal_id` int(11) NOT NULL,
  `date_encoded` varchar(20) NOT NULL,
  `hospital_exposure` int(11) NOT NULL COMMENT '1=yes, 0=no',
  `hospital_name` varchar(255) NOT NULL,
  `visit_purpose` text NOT NULL,
  `initial_visit` varchar(20) NOT NULL,
  `last_visit` varchar(20) NOT NULL,
  `measures_observed` text NOT NULL,
  `facemask` int(11) DEFAULT NULL,
  `hand_washing` int(11) DEFAULT NULL,
  `respiratory_triage` int(11) DEFAULT NULL,
  `social_distancing` int(11) DEFAULT NULL,
  `others` int(11) DEFAULT NULL,
  `others_specify` varchar(200) NOT NULL,
  `specific_area` text NOT NULL,
  `close_contact` text NOT NULL,
  `measures_decontamination` text NOT NULL,
  `hc_provider` int(11) NOT NULL COMMENT '1=yes, 0=no',
  `hc_workplace` varchar(255) NOT NULL,
  `hc_job` varchar(255) NOT NULL,
  `hc_assignment` varchar(255) NOT NULL,
  `hc_relationship` varchar(100) DEFAULT NULL,
  `hc_measures` text,
  `hc_specific_measures` text NOT NULL,
  `measures_at_home` text NOT NULL,
  `hh_illness` int(11) DEFAULT NULL,
  `hh_illness_specific` varchar(255) DEFAULT NULL,
  `hh_illness_date` varchar(100) NOT NULL,
  `hh_illness_duration` varchar(100) NOT NULL,
  `seek_med_attention` int(11) DEFAULT NULL COMMENT '1=yes, 0=no',
  `seek_facility` varchar(255) NOT NULL,
  `treatment_advice` text NOT NULL,
  `home_management` text NOT NULL,
  `authorize` int(11) NOT NULL
) ENGINE=InnoDB AUTO_INCREMENT=6 DEFAULT CHARSET=latin1;

--
-- Dumping data for table `hospital_exposure`
--

INSERT INTO `hospital_exposure` (`exposure_id`, `personal_id`, `date_encoded`, `hospital_exposure`, `hospital_name`, `visit_purpose`, `initial_visit`, `last_visit`, `measures_observed`, `facemask`, `hand_washing`, `respiratory_triage`, `social_distancing`, `others`, `others_specify`, `specific_area`, `close_contact`, `measures_decontamination`, `hc_provider`, `hc_workplace`, `hc_job`, `hc_assignment`, `hc_relationship`, `hc_measures`, `hc_specific_measures`, `measures_at_home`, `hh_illness`, `hh_illness_specific`, `hh_illness_date`, `hh_illness_duration`, `seek_med_attention`, `seek_facility`, `treatment_advice`, `home_management`, `authorize`) VALUES
(5, 1, '2020-08-10', 1, 'RMC', 'Visit', '2020-08-01', '2020-08-10', '', 1, 1, NULL, 1, NULL, '', 'Private room', 'Patient', 'Handwash', 1, 'BAMC', 'Pharmacist', 'Pharmacy', 'Sister in Law', '1', 'handwash', 'handwash', 0, '', '', '', 0, '', '', '', 1);

-- --------------------------------------------------------

--
-- Table structure for table `job_history`
--

CREATE TABLE IF NOT EXISTS `job_history` (
`history_id` int(11) NOT NULL,
  `personal_id` int(11) NOT NULL,
  `effective_date` varchar(50) DEFAULT NULL,
  `emp_status` varchar(100) DEFAULT NULL,
  `j_position` varchar(50) DEFAULT NULL,
  `department_id` int(11) NOT NULL,
  `bu_id` int(11) NOT NULL,
  `location_id` int(11) NOT NULL,
  `salary` double(10,2) NOT NULL DEFAULT '0.00',
  `per_day` varchar(50) DEFAULT NULL,
  `supervisor` int(11) NOT NULL,
  `end_date` varchar(20) DEFAULT NULL
) ENGINE=InnoDB AUTO_INCREMENT=336 DEFAULT CHARSET=latin1;

--
-- Dumping data for table `job_history`
--

INSERT INTO `job_history` (`history_id`, `personal_id`, `effective_date`, `emp_status`, `j_position`, `department_id`, `bu_id`, `location_id`, `salary`, `per_day`, `supervisor`, `end_date`) VALUES
(1, 51, '2016-08-10', 'Regular', 'Contracts and Compliance Manager', 6, 2, 2, 50000.00, '0.00', 140, ''),
(2, 85, '2018-03-01', 'Regular', 'Software Development Supervisor', 3, 1, 2, 37500.00, '0.00', 140, ''),
(3, 85, '2017-12-07', 'Probationary', 'Software Development Supervisor', 3, 1, 2, 32000.00, '0.00', 91, ''),
(4, 85, '2018-08-01', 'Regular', 'Software Development Supervisor', 3, 1, 2, 37500.00, '0.00', 0, ''),
(5, 151, '2015-06-22', 'Probationary', 'Field Market Researcher Assistant', 0, 4, 2, 8450.00, '0.00', 0, ''),
(6, 151, '2015-12-22', 'Regular', 'Marketing Associate', 0, 4, 2, 10400.00, '0.00', 0, ''),
(7, 151, '2018-03-01', 'Regular', 'Purchasing Assistant', 4, 1, 2, 0.00, '0.00', 0, ''),
(8, 151, '2018-03-01', 'Regular', 'Purchasing Assistant', 4, 1, 2, 0.00, '0.00', 0, ''),
(9, 151, '2019-05-01', 'Regular', 'Purchasing Assistant', 4, 1, 2, 14000.00, '0.00', 0, ''),
(10, 132, '2014-11-03', 'Probationary', 'Finance Assistant', 8, 2, 0, 18000.00, '0.00', 140, ''),
(11, 132, '2015-05-03', 'Regular', 'Budget Officer', 8, 1, 3, 20000.00, '0.00', 140, ''),
(12, 105, '2017-11-13', 'Trainee', 'Content Writer Trainee', 0, 4, 2, 12000.00, '', 140, ''),
(13, 105, '2018-01-13', 'Probationary', 'Content Writer', 0, 4, 2, 12000.00, '', 140, ''),
(14, 105, '2018-07-12', 'Regular', 'Content Writer', 0, 4, 2, 16000.00, '', 140, ''),
(15, 122, '2018-01-17', 'Probationary', 'Trader', 5, 1, 2, 15000.00, '', 114, ''),
(16, 122, '2018-07-16', 'Regular', 'Trader', 16, 1, 2, 16500.00, '', 114, ''),
(17, 110, '2017-11-20', 'Probationary', 'Assistant Accountant', 2, 1, 2, 21500.00, '', 90, ''),
(18, 118, '2017-07-11', 'Trainee', 'Finance Assistant Trainee', 8, 1, 2, 16000.00, '', 112, ''),
(19, 118, '2016-10-11', 'Probationary', 'Finance Assistant', 8, 1, 2, 16000.00, '', 112, ''),
(20, 118, '2018-04-11', 'Regular', 'Finance Assistant', 8, 1, 2, 18000.00, '', 112, ''),
(21, 148, '2018-08-25', 'Probationary', 'Systems Encoder', 3, 1, 2, 10000.00, '', 85, ''),
(22, 148, '2018-05-25', 'Trainee', 'Encoder', 3, 1, 2, 10000.00, '', 85, ''),
(23, 155, '2018-04-16', 'Regular', 'Senior Project Engineer', 7, 1, 2, 20000.00, '', 0, ''),
(24, 154, '2018-08-13', 'Probationary', 'Executive Assistant', 16, 1, 2, 15000.00, '', 140, ''),
(25, 153, '2014-09-01', 'Consultant', 'Corporate Communications Consultant', 0, 1, 2, 20000.00, '', 140, ''),
(26, 117, '2016-06-16', 'Probationary', 'HR Assistant', 6, 1, 2, 12000.00, '', 0, ''),
(27, 117, '2016-08-16', 'Regular', 'HR Officer', 6, 1, 2, 14000.00, '', 0, ''),
(28, 117, '2017-08-01', 'Regular', 'HR Supervisor', 6, 1, 2, 20000.00, '', 51, ''),
(29, 149, '2013-01-01', 'Consultant', 'Project Manager', 0, 1, 2, 40000.00, '', 140, ''),
(30, 149, '2019-01-27', 'Consultant', 'EMG Manager', 5, 1, 2, 51000.00, '', 140, ''),
(31, 150, '2018-08-01', 'Trainee', 'Finance Administration Assistant', 8, 1, 2, 12000.00, '', 112, ''),
(32, 150, '2018-11-01', 'Probationary', 'Finance Administration Assistant', 8, 1, 2, 12000.00, '', 112, ''),
(33, 152, '2018-07-18', 'Trainee', 'Marketing Assistant', 0, 4, 2, 13500.00, '', 0, ''),
(34, 152, '2019-10-18', 'Probationary', 'Marketing Assistant', 0, 4, 2, 13500.00, '', 0, ''),
(35, 152, '2019-01-18', 'Regular', 'Marketing Assistant', 0, 4, 2, 13500.00, '', 140, ''),
(36, 152, '2019-02-11', 'Regular', 'Social Media Marketing Assistant', 0, 4, 2, 15000.00, '', 0, ''),
(37, 148, '2019-02-11', 'Regular', 'Systems Implementer', 3, 1, 2, 12000.00, '', 85, ''),
(38, 156, '2019-04-15', 'Regular', 'Executive Director', 6, 1, 2, 0.00, '', 140, ''),
(39, 154, '', 'Regular', 'Executive Assistant', 16, 1, 2, 0.00, '', 156, ''),
(40, 87, '2014-11-05', 'Project Based', 'Driver', 6, 1, 2, 0.00, '298', 0, ''),
(41, 87, '2015-01-01', 'Probationary', 'Driver', 6, 1, 2, 0.00, '298', 0, ''),
(42, 87, '2015-07-01', 'Regular', 'Driver', 6, 1, 2, 0.00, '350', 0, ''),
(43, 87, '2019-02-11', 'Regular', 'Driver II', 6, 1, 2, 15000.00, '', 117, ''),
(44, 88, '2013-11-04', 'Probationary', 'Driver', 6, 1, 2, 0.00, '275', 0, ''),
(45, 88, '2014-05-04', 'Regular', 'Driver', 6, 1, 2, 0.00, '350', 0, ''),
(46, 88, '2019-02-11', 'Regular', 'Driver I', 6, 1, 2, 14500.00, '', 0, ''),
(47, 136, '2018-04-23', 'Trainee', 'HR Assistant', 6, 1, 2, 12000.00, '', 117, ''),
(48, 136, '2018-07-23', 'Probationary', 'HR Assistant', 6, 1, 2, 13500.00, '', 117, ''),
(49, 136, '2019-02-11', 'Regular', 'HR Assistant', 6, 1, 2, 13500.00, '', 117, ''),
(50, 111, '2018-02-05', 'Probationary', 'Utility', 6, 1, 2, 0.00, '323.50', 117, ''),
(51, 111, '2018-11-05', 'Regular', 'Utility', 6, 1, 2, 10000.00, '', 117, ''),
(52, 113, '2017-09-11', 'Trainee', 'HR Assistant', 6, 1, 2, 12000.00, '', 117, ''),
(53, 113, '2017-12-11', 'Probationary', 'HR Assistant', 6, 1, 2, 0.00, '', 117, ''),
(54, 113, '2018-06-10', 'Regular', 'HR Assistant', 6, 1, 2, 13000.00, '', 117, ''),
(55, 113, '2019-03-25', 'Regular', 'Marketing Assistant', 0, 4, 2, 14250.00, '', 0, ''),
(56, 119, '2017-09-04', 'Trainee', 'Operations Assistant', 6, 1, 2, 12000.00, '', 0, ''),
(57, 119, '2017-12-04', 'Probationary', 'Payroll Assistant', 6, 1, 2, 12000.00, '', 117, ''),
(58, 119, '2018-06-03', 'Regular', 'Payroll Assistant', 6, 1, 2, 13000.00, '', 117, ''),
(59, 121, '2014-11-03', 'Probationary', 'Admin Assistant', 9, 1, 2, 0.00, '350', 0, ''),
(60, 121, '2015-05-03', 'Regular', 'Admin Assistant', 9, 1, 2, 12000.00, '', 0, ''),
(61, 121, '2016-08-10', 'Regular', 'Contracts & Compliance Assistant', 9, 1, 2, 14000.00, '', 0, ''),
(62, 51, '2013-05-02', 'Probationary', 'Admin & Permitting Supervisor', 6, 1, 2, 18000.00, '', 0, ''),
(63, 51, '2017-06-01', 'Regular', 'General Manager', 1, 1, 2, 50000.00, '', 0, ''),
(64, 51, '2013-11-02', 'Regular', 'Admin & Permitting Supervisor', 6, 1, 2, 35000.00, '', 0, ''),
(65, 3, '2013-10-01', 'Regular', 'Plant Director', 1, 1, 1, 0.00, '', 0, ''),
(66, 112, '2019-02-11', 'Regular', 'Senior Finance Officer', 8, 1, 2, 38000.00, '', 0, ''),
(67, 128, '2018-12-19', 'Regular', 'Software Development Assistant', 3, 1, 2, 11500.00, '', 85, ''),
(68, 102, '2018-12-19', 'Regular', 'Software Development Assistant', 3, 1, 2, 12000.00, '', 85, ''),
(69, 99, '2018-02-01', 'Trainee', 'Trader Trainee', 5, 1, 2, 15000.00, '', 0, ''),
(70, 108, '2016-06-01', 'Regular', 'Energy Market Analyst', 5, 1, 2, 10000.00, '', 114, ''),
(71, 122, '2017-10-17', 'Trainee', 'Trader Trainee', 5, 1, 2, 15000.00, '', 0, ''),
(72, 68, '2018-08-07', 'Probationary', 'Auxiliary Operator', 14, 1, 1, 18000.00, '', 70, ''),
(73, 68, '2019-02-11', 'Regular', 'Auxiliary Operator', 14, 1, 1, 21000.00, '', 70, ''),
(74, 37, '2019-02-11', 'Regular', 'Maintenance Foreman', 11, 1, 1, 30000.00, '', 59, ''),
(75, 107, '2016-03-12', 'Regular', 'Trader', 5, 1, 2, 13000.00, '', 0, ''),
(76, 107, '2015-08-25', 'Regular', 'Purchasing Assistant', 4, 1, 2, 11000.00, '', 131, ''),
(77, 107, '2015-02-25', 'Probationary', 'Purchasing Assistant', 4, 1, 2, 0.00, '300', 131, ''),
(78, 110, '2018-05-19', 'Regular', 'Assistant Accountant', 2, 1, 2, 21500.00, '', 104, ''),
(79, 110, '2018-07-22', 'Regular', 'Internal Auditor', 2, 1, 2, 24000.00, '', 104, ''),
(80, 108, '2015-08-30', 'Probationary', 'Field Market Research Assistant', 0, 4, 2, 0.00, '325', 0, ''),
(81, 114, '2016-11-16', 'Regular', 'WESM Compliance Officer', 5, 1, 2, 37000.00, '', 0, ''),
(82, 114, '2016-05-16', 'Probationary', 'WESM Compliance Officer', 5, 1, 2, 35000.00, '', 0, ''),
(83, 128, '2018-06-19', 'Probationary', 'Software Development Assistant', 3, 1, 2, 0.00, '375', 85, ''),
(84, 128, '2018-03-19', 'Trainee', 'IT Trainee', 3, 1, 2, 0.00, '375', 85, ''),
(85, 112, '2014-12-02', 'Regular', 'Accountant', 2, 1, 2, 18500.00, '', 0, ''),
(86, 112, '2014-06-02', 'Probationary', 'Accountant', 2, 1, 2, 17000.00, '', 0, ''),
(87, 112, '2016-08-01', 'Regular', 'Finance Supervisor', 8, 1, 2, 25000.00, '', 0, ''),
(88, 123, '2015-12-16', 'Probationary', 'Energy Market Statistician', 5, 1, 2, 0.00, '475', 149, ''),
(89, 123, '2016-06-17', 'Regular', 'Trader', 5, 1, 2, 14000.00, '', 0, ''),
(90, 95, '2017-07-07', 'Trainee', 'Billing Assistant Trainee', 5, 1, 2, 11000.00, '', 97, ''),
(91, 95, '2017-10-07', 'Probationary', 'Billing Assistant', 5, 1, 2, 11000.00, '', 97, ''),
(92, 95, '2018-04-07', 'Regular', 'Billing Assistant', 5, 1, 2, 12500.00, '', 97, ''),
(93, 102, '2018-03-19', 'Trainee', 'IT Trainee', 3, 1, 2, 0.00, '375', 85, ''),
(94, 102, '2018-06-19', 'Probationary', 'Software Development Assistant', 3, 1, 2, 0.00, '375', 85, ''),
(95, 94, '2014-07-16', 'Regular', 'Accounting Assistant', 2, 1, 2, 17000.00, '', 0, ''),
(96, 94, '2014-06-16', 'Probationary', 'Accounting and Finance Assistant', 2, 1, 2, 16000.00, '', 0, ''),
(97, 94, '2016-08-01', 'Regular', 'A/P & Credit Supervisor', 2, 1, 2, 21000.00, '', 90, ''),
(98, 90, '2015-02-02', 'Probationary', 'Accounting Supervisor', 2, 1, 2, 18000.00, '', 0, ''),
(99, 90, '2015-08-02', 'Regular', 'Accounting Supervisor', 2, 1, 2, 21000.00, '', 0, ''),
(100, 92, '2016-04-01', 'Probationary', 'Trader', 5, 1, 2, 20000.00, '', 149, ''),
(101, 92, '2016-10-01', 'Regular', 'Trader', 5, 1, 2, 21000.00, '', 0, ''),
(102, 92, '2018-05-01', 'Regular', 'Lead Trader', 5, 1, 2, 30000.00, '', 114, ''),
(103, 91, '2017-10-16', 'Regular', 'Projects Management Assistant', 16, 2, 2, 35000.00, '', 0, ''),
(104, 91, '2017-04-17', 'Probationary', 'Projects Management Assistant', 16, 2, 2, 35000.00, '', 0, ''),
(105, 91, '2018-07-01', 'Regular', 'Projects & Assets Management Assistant', 16, 2, 1, 42750.00, '', 0, ''),
(106, 130, '2014-12-18', 'Regular', 'Purchasing Assistant', 4, 6, 3, 15500.00, '', 131, ''),
(107, 130, '2016-05-01', 'Regular', 'Purchasing Assistant', 4, 1, 3, 0.00, '', 131, ''),
(108, 130, '2014-06-18', 'Probationary', 'Purchasing Assistant', 4, 6, 3, 0.00, '', 131, ''),
(109, 133, '2018-04-16', 'Probationary', 'Budget Analyst', 2, 1, 2, 18000.00, '', 0, ''),
(110, 133, '2018-10-16', 'Regular', 'Accounting Associate', 2, 1, 2, 18000.00, '', 90, ''),
(111, 89, '2017-04-27', 'Regular', 'Editorial Research Associate', 0, 4, 2, 0.00, '550', 0, ''),
(112, 89, '2016-10-25', 'Probationary', 'Editorial Research Assistant', 0, 4, 2, 0.00, '500', 0, ''),
(113, 86, '2015-05-06', 'Regular', 'Finance Assistant', 8, 1, 2, 12000.00, '', 112, ''),
(114, 86, '2016-08-01', 'Regular', 'Purchasing Officer', 4, 1, 2, 14000.00, '', 0, ''),
(115, 2, '2016-04-01', 'Probationary', 'Market Analyst/Trader', 5, 1, 2, 16000.00, '', 149, ''),
(116, 2, '2016-10-01', 'Regular', 'Trader', 5, 1, 2, 20000.00, '', 0, ''),
(117, 168, '2019-03-18', 'Trainee', 'IT Encoder', 3, 1, 2, 0.00, '400', 85, ''),
(118, 167, '2019-03-13', 'Trainee', 'Admin Assistant Trainee', 6, 1, 2, 0.00, '365', 117, ''),
(119, 169, '2018-10-16', 'Probationary', 'WESM Market Coordinator', 5, 1, 2, 25000.00, '', 114, ''),
(120, 172, '2018-02-26', 'Project Based', 'Encoder', 3, 1, 1, 10000.00, '', 85, ''),
(121, 172, '2018-05-26', 'Probationary', 'Operations Analyst', 5, 1, 1, 12000.00, '', 8, ''),
(122, 172, '2018-11-26', 'Regular', 'Operations Analyst', 5, 1, 1, 14000.00, '', 8, ''),
(123, 173, '2018-08-13', 'Trainee', 'Marketing Counsellor', 0, 4, 2, 11000.00, '', 140, ''),
(124, 174, '2019-02-13', 'Project Based', 'Clerical Assistant', 6, 1, 2, 0.00, '365', 117, ''),
(125, 174, '2019-03-13', 'Trainee', 'Field Research Assistant', 0, 4, 2, 0.00, '365', 0, ''),
(126, 175, '2019-04-22', 'Trainee', 'Content Writer', 0, 4, 2, 13000.00, '', 0, ''),
(127, 100, '2016-04-01', 'Probationary', 'Trader', 5, 1, 2, 18000.00, '', 149, ''),
(128, 100, '2016-10-01', 'Regular', 'Trader', 5, 1, 2, 20000.00, '', 0, ''),
(129, 177, '2019-01-03', 'Probationary', 'Senior Test Engineer', 10, 1, 2, 75000.00, '', 3, ''),
(130, 73, '2014-01-13', 'Probationary', 'Electrician / Piping Foreman', 10, 7, 0, 20000.00, '', 140, ''),
(131, 73, '2014-07-12', 'Regular', 'Electrician / Piping Foreman', 10, 1, 1, 20000.00, '', 0, ''),
(132, 73, '2016-08-01', 'Regular', 'Control Room Operator', 14, 1, 1, 23000.00, '', 70, ''),
(133, 42, '2015-10-08', 'Regular', 'Warehouse Assistant', 15, 1, 1, 0.00, '375', 140, ''),
(134, 42, '2015-04-08', 'Probationary', 'Warehouse Assistant', 15, 1, 1, 0.00, '300', 140, ''),
(135, 42, '2016-08-01', 'Regular', 'Fuel Tender', 13, 1, 1, 12000.00, '', 145, ''),
(136, 171, '2018-07-16', 'Probationary', 'Tool Keeper', 15, 1, 1, 10500.00, '', 140, ''),
(137, 171, '2019-02-11', 'Regular', 'Tool Keeper', 15, 1, 1, 11800.00, '', 91, ''),
(138, 45, '2015-10-01', 'Regular', 'PCO / Safety Officer', 6, 1, 1, 16000.00, '', 0, ''),
(139, 45, '2015-04-01', 'Probationary', 'PCO / Safety Officer', 6, 1, 1, 14000.00, '', 0, ''),
(140, 45, '2016-09-16', 'Regular', 'Pollution Control Officer', 6, 1, 1, 16000.00, '', 0, ''),
(141, 41, '2015-09-02', 'Regular', 'Senior Mechanic / Operator', 14, 1, 1, 23500.00, '', 145, ''),
(142, 41, '2016-08-01', 'Regular', 'Engine Room Operator', 14, 1, 1, 25000.00, '', 70, ''),
(143, 41, '2015-03-02', 'Probationary', 'Mechanic / Operator', 14, 1, 1, 22500.00, '', 3, ''),
(144, 47, '2014-10-23', 'Regular', 'Plant Mechanic / Welder', 12, 1, 1, 17000.00, '', 0, ''),
(145, 47, '2016-08-01', 'Regular', 'Plant Mechanic', 12, 1, 1, 20000.00, '', 0, ''),
(146, 47, '2014-04-23', 'Probationary', 'Plant Mechanic / Welder', 12, 1, 1, 17000.00, '', 0, ''),
(147, 58, '2017-04-12', 'Regular', 'Mechanical Supervisor/QA/QC', 12, 1, 1, 25000.00, '', 0, ''),
(148, 58, '2016-10-11', 'Probationary', 'Mechanical Supervisor/QA/QC', 12, 1, 1, 17000.00, '', 0, ''),
(149, 76, '2017-07-24', 'Probationary', 'Site Facilities Supervisor', 16, 1, 1, 0.00, '650', 0, ''),
(150, 76, '2018-01-24', 'Regular', 'Site Facility Supervisor', 16, 1, 1, 18000.00, '', 0, ''),
(151, 11, '2018-01-30', 'Probationary', 'Engineering Assistant', 15, 1, 1, 0.00, '500', 140, ''),
(152, 11, '2018-07-29', 'Regular', 'Parts Engineer', 15, 1, 1, 15750.00, '', 83, ''),
(153, 11, '2017-10-30', 'Trainee', 'Engineering Trainee', 15, 1, 1, 0.00, '500', 140, ''),
(154, 11, '2018-03-01', 'Probationary', 'Parts Engineer', 15, 1, 1, 0.00, '550', 83, ''),
(155, 53, '2016-08-15', 'Regular', 'Plant Mechanic', 12, 1, 1, 13000.00, '', 0, ''),
(156, 53, '2016-02-15', 'Probationary', 'Mechanic', 12, 1, 1, 0.00, '500', 0, ''),
(157, 38, '2014-11-05', 'Regular', 'Electrical / Instrumentation Control (E/IC) Techni', 10, 1, 1, 17000.00, '', 145, ''),
(158, 38, '2014-05-05', 'Project Based', 'Electrical / Instrumentation Control (E/IC) Techni', 10, 7, 0, 0.00, '', 140, ''),
(159, 38, '2017-03-03', 'Regular', 'Safety Officer', 6, 1, 1, 20000.00, '', 3, ''),
(160, 80, '2016-05-14', 'Regular', 'Mechanic', 12, 1, 1, 10000.00, '', 0, ''),
(161, 80, '2015-11-13', 'Probationary', 'Mechanic Helper', 12, 1, 1, 0.00, '325', 0, ''),
(162, 80, '2016-10-01', 'Regular', 'Plant Mechanic', 12, 1, 1, 14000.00, '', 0, ''),
(163, 179, '2018-08-01', 'Trainee', 'Social Media Assistant Trainee', 0, 4, 2, 15000.00, '', 140, ''),
(164, 179, '2018-11-01', 'Probationary', 'Social Media Assistant', 0, 4, 2, 15000.00, '', 140, ''),
(165, 101, '2016-05-16', 'Probationary', 'Accounting Assistant', 2, 1, 2, 15000.00, '', 90, ''),
(166, 101, '2016-11-16', 'Regular', 'Accounting Assistant', 2, 1, 2, 16500.00, '', 90, ''),
(167, 180, '2019-04-22', 'Probationary', 'Accounting Staff', 2, 3, 1, 20000.00, '', 104, ''),
(168, 97, '2015-11-19', 'Probationary', 'Energy Billing & Collection Staff', 5, 1, 2, 10000.00, '', 0, ''),
(169, 97, '2016-05-20', 'Regular', 'WESM Billing and Collection Officer', 5, 1, 2, 15000.00, '', 0, ''),
(170, 178, '2018-04-23', 'Probationary', 'Company Nurse', 6, 1, 1, 20000.00, '', 117, ''),
(171, 99, '2018-05-01', 'Probationary', 'Trader', 5, 1, 2, 15000.00, '', 92, ''),
(172, 99, '2018-11-01', 'Regular', 'Trader', 5, 1, 2, 17000.00, '', 92, ''),
(173, 104, '2018-04-20', 'Regular', 'Corporate Services Supervisor', 2, 1, 2, 28000.00, '', 0, ''),
(174, 104, '2017-12-11', 'Probationary', 'Corporate Services Supervisor', 2, 1, 2, 25000.00, '', 0, ''),
(175, 104, '2018-05-11', 'Regular', 'Corporate Accountant & Compliance Officer', 2, 1, 2, 28000.00, '', 0, ''),
(176, 106, '2018-03-19', 'Trainee', 'IT Trainee', 15, 1, 1, 0.00, '375', 140, ''),
(177, 106, '2018-12-19', 'Regular', 'Asset Management Assistant', 2, 1, 1, 12500.00, '', 104, ''),
(178, 106, '2018-06-19', 'Probationary', 'Asset Management Assistant', 2, 1, 1, 0.00, '375', 90, ''),
(179, 178, '2018-10-21', 'Regular', 'Company Nurse', 6, 1, 1, 22000.00, '', 117, ''),
(180, 109, '2018-11-26', 'Regular', 'Technical Assistant', 16, 1, 1, 12000.00, '', 91, ''),
(181, 69, '2018-10-24', 'Regular', 'Purchasing Assistant', 4, 1, 1, 14000.00, '', 86, ''),
(182, 37, '2019-02-11', 'Regular', 'Mechanical Foreman', 11, 1, 1, 30000.00, '', 59, ''),
(183, 129, '2018-12-19', 'Regular', 'General Office Assistant', 6, 1, 1, 12000.00, '', 79, ''),
(184, 143, '2019-01-16', 'Regular', 'Driver', 6, 1, 1, 0.00, '450', 79, ''),
(185, 143, '2019-02-11', 'Regular', 'Driver Mechanic', 6, 1, 1, 13200.00, '', 79, ''),
(186, 127, '2018-12-19', 'Regular', 'IT Assistant', 3, 1, 1, 12000.00, '', 85, ''),
(187, 54, '2019-02-11', 'Regular', 'Operations & Maintenance Planner', 14, 1, 1, 34000.00, '', 3, ''),
(188, 1, '2019-02-11', 'Regular', 'Senior E&IC Technician', 10, 1, 1, 27600.00, '', 145, ''),
(189, 139, '2018-08-21', 'Probationary', 'Parts Inventory Assistant', 15, 1, 1, 16800.00, '', 91, ''),
(190, 183, '2014-04-01', 'Consultant', 'Mechanical Consultant', 12, 1, 1, 32000.00, '', 140, ''),
(191, 182, '2018-11-01', 'Regular', 'Test Engineer', 10, 1, 1, 16500.00, '', 177, ''),
(192, 184, '2019-02-11', 'Regular', 'E&IC Technician', 10, 1, 1, 17000.00, '', 145, ''),
(193, 185, '2019-02-11', 'Regular', 'Asset Accounting Assistant', 0, 3, 1, 15000.00, '', 91, ''),
(194, 185, '2018-11-01', 'Probationary', 'Asset Accounting Assistant', 0, 3, 1, 13000.00, '', 91, ''),
(195, 185, '2018-07-31', 'Trainee', 'Asset Accounting Trainee', 0, 3, 1, 13000.00, '', 91, ''),
(196, 181, '2015-05-03', 'Regular', 'Budget Officer', 8, 1, 3, 20000.00, '', 0, ''),
(197, 181, '2014-11-03', 'Probationary', 'Finance Assistant', 8, 2, 3, 18000.00, '', 0, ''),
(198, 181, '2018-09-01', 'Regular', 'Finance Supervisor', 8, 1, 3, 0.00, '', 0, ''),
(199, 77, '2015-08-28', 'Regular', 'Operator / Mechanic', 14, 1, 1, 23000.00, '', 145, ''),
(200, 77, '2015-02-28', 'Probationary', 'Mechanic / Operator', 14, 1, 1, 22000.00, '', 145, ''),
(201, 77, '2016-08-01', 'Regular', 'Control Room Operator', 14, 1, 1, 25000.00, '', 145, ''),
(202, 63, '2017-04-12', 'Regular', 'EIC Maintenance ', 10, 1, 1, 19000.00, '', 145, ''),
(203, 63, '2016-10-11', 'Probationary', 'EIC Maintenance ', 10, 1, 1, 17000.00, '', 145, ''),
(204, 63, '2017-03-01', 'Probationary', 'E&IC Technician', 10, 1, 1, 19000.00, '', 145, ''),
(205, 98, '2017-07-24', 'Trainee', 'IT Specialist', 3, 1, 2, 16000.00, '', 91, ''),
(206, 98, '2017-10-24', 'Probationary', 'IT Specialist', 3, 1, 2, 16000.00, '', 91, ''),
(207, 98, '2018-03-16', 'Regular', 'IT Specialist', 3, 1, 1, 21000.00, '', 85, ''),
(208, 70, '2016-07-14', 'Probationary', 'O&M Operations Manager', 14, 1, 1, 55000.00, '', 3, ''),
(209, 70, '2016-08-01', 'Probationary', 'O&M Superintendent', 14, 1, 1, 55000.00, '', 3, ''),
(210, 70, '2017-01-14', 'Regular', 'O&M Superintendent', 14, 1, 1, 59000.00, '', 3, ''),
(211, 109, '2018-05-26', 'Probationary', 'Technical Assistant', 16, 1, 2, 10000.00, '', 91, ''),
(212, 109, '2018-02-26', 'Trainee', 'Trainee in Mechanical Engineering', 16, 1, 2, 10000.00, '', 91, ''),
(213, 79, '2016-08-10', 'Probationary', 'Accounting Assistant', 2, 1, 2, 11000.00, '', 90, ''),
(214, 79, '2017-01-26', 'Probationary', 'Site Admin Officer', 6, 1, 1, 12000.00, '', 0, ''),
(215, 79, '2017-02-10', 'Regular', 'Site Admin Officer', 6, 1, 1, 12000.00, '', 117, ''),
(216, 82, '2014-11-13', 'Regular', 'Auxiliary Operator', 14, 1, 1, 20000.00, '', 145, ''),
(217, 82, '2016-10-11', 'Regular', 'Operation Shift Supervisor Trainee', 14, 1, 1, 24000.00, '', 3, ''),
(218, 74, '2015-04-01', 'Regular', 'Driver', 6, 1, 1, 0.00, '325', 140, ''),
(219, 74, '2014-10-01', 'Probationary', 'Service Vehicle Driver', 6, 1, 1, 0.00, '325', 140, ''),
(220, 144, '2015-01-01', 'Regular', 'Maintenance Helper', 12, 1, 1, 12116.00, '', 183, ''),
(221, 144, '2014-01-26', 'Project Based', 'Maintenance Helper', 12, 1, 1, 12116.00, '', 183, ''),
(222, 144, '2016-08-01', 'Regular', 'Auxiliary Operator', 14, 1, 1, 15000.00, '', 145, ''),
(223, 1, '2015-09-16', 'Regular', 'Electrician', 10, 1, 1, 12000.00, '', 145, ''),
(224, 1, '2016-08-01', 'Regular', 'E&IC Technician', 10, 1, 1, 18000.00, '', 145, ''),
(225, 1, '2015-03-16', 'Probationary', 'E&IC Technician', 10, 1, 1, 8500.00, '', 145, ''),
(226, 4, '2015-01-01', 'Regular', 'Maintenance', 12, 1, 1, 17000.00, '', 183, ''),
(227, 4, '2016-08-01', 'Regular', 'Plant Mechanic', 12, 1, 1, 20000.00, '', 183, ''),
(228, 4, '2014-04-23', 'Probationary', 'Maintenance Mechanic', 12, 1, 1, 17000.00, '', 183, ''),
(229, 6, '2017-10-21', 'Regular', 'Operations Analyst', 14, 1, 1, 12000.00, '', 8, ''),
(230, 6, '2017-01-23', 'Trainee', 'Operations Analyst Trainee', 14, 1, 1, 10000.00, '', 8, ''),
(231, 6, '2017-04-24', 'Probationary', 'Operations Analyst', 14, 1, 1, 10000.00, '', 8, ''),
(232, 37, '2016-08-01', 'Regular', 'Foreman (Machine Shop & Reconditioning)', 11, 1, 1, 20000.00, '', 59, ''),
(233, 37, '2014-11-21', 'Regular', 'Plant Equipment Mechanic', 12, 1, 1, 16000.00, '', 183, ''),
(234, 37, '2014-09-09', 'Probationary', 'Plant Maintenance Mechanic', 12, 1, 1, 16000.00, '', 183, ''),
(235, 182, '2018-03-05', 'Probationary', 'Test Engineer', 10, 1, 1, 15000.00, '', 145, ''),
(236, 49, '2014-11-13', 'Regular', 'Auxiliary Operator / Junior Mechanic', 14, 1, 1, 15000.00, '', 145, ''),
(237, 49, '2016-08-01', 'Regular', 'Mechanical Foreman', 12, 1, 1, 20000.00, '', 183, ''),
(238, 49, '2017-12-11', 'Regular', 'O&M Supervisor of Auxiliary Systems', 14, 1, 1, 24000.00, '', 70, ''),
(239, 49, '2014-05-13', 'Probationary', '', 0, 1, 1, 15000.00, '', 140, ''),
(240, 78, '2016-08-01', 'Regular', 'Auxiliary Operator', 14, 1, 1, 15000.00, '', 145, ''),
(241, 78, '2015-01-01', 'Regular', 'Maintenance Helper', 12, 1, 1, 12000.00, '', 183, ''),
(242, 78, '2014-05-09', 'Probationary', 'Maintenance Helper', 12, 1, 1, 12000.00, '', 183, ''),
(243, 142, '2015-10-10', 'Regular', 'EIC / Instrumentation Technician', 10, 1, 1, 15750.00, '', 145, ''),
(244, 142, '2015-04-10', 'Probationary', 'EIC / Instrumentation Technician', 10, 1, 1, 15000.00, '', 145, ''),
(245, 141, '2018-08-01', 'Regular', 'Warehouse Assistant', 15, 1, 1, 12000.00, '', 91, ''),
(246, 141, '2017-01-03', 'Probationary', 'Warehouse Assistant', 15, 1, 1, 10000.00, '', 140, ''),
(247, 139, '2018-05-21', 'Trainee', 'Parts Inventory Assistant', 15, 1, 1, 15000.00, '', 91, ''),
(248, 81, '2014-04-23', 'Project Based', 'Mechanic', 12, 1, 1, 12116.00, '', 183, ''),
(249, 81, '2014-10-23', 'Regular', 'Junior Plant Mechanic', 12, 1, 1, 12116.00, '', 183, ''),
(250, 81, '2016-08-01', 'Regular', 'Auxiliary Operator', 14, 1, 1, 18000.00, '', 145, ''),
(251, 75, '2014-11-08', 'Regular', 'Junior Plant Mechanic / Forklift Operator', 12, 1, 1, 14000.00, '', 183, ''),
(252, 75, '2016-08-01', 'Regular', 'Auxiliary Operator', 14, 1, 1, 17000.00, '', 145, ''),
(253, 75, '2014-05-08', 'Project Based', 'Mechanic', 0, 7, 0, 12000.00, '', 140, ''),
(254, 71, '2017-01-27', 'Regular', 'Janitor / Helper', 6, 1, 1, 0.00, '330', 140, ''),
(255, 71, '2016-07-26', 'Probationary', 'Janitor / Helper', 6, 1, 1, 0.00, '300', 140, ''),
(256, 69, '2018-04-24', 'Probationary', 'Purchasing Assistant', 4, 1, 1, 12000.00, '', 86, ''),
(257, 69, '2018-01-24', 'Trainee', 'Site Purchasing Trainee', 4, 1, 1, 12000.00, '', 0, ''),
(258, 129, '2018-06-19', 'Probationary', 'Admin Assistant', 6, 1, 1, 0.00, '375', 79, ''),
(259, 129, '2018-03-19', 'Trainee', 'IT Trainee', 6, 1, 1, 0.00, '375', 79, ''),
(260, 67, '2016-10-24', 'Regular', 'Operation Shift Supervisor', 14, 1, 1, 30000.00, '', 145, ''),
(261, 67, '2015-09-02', 'Regular', 'Senior Plant Mechanic', 12, 1, 1, 26500.00, '', 140, ''),
(262, 67, '2015-03-02', 'Probationary', 'Senior Mechanic', 12, 1, 1, 25000.00, '', 140, ''),
(263, 44, '2015-04-20', 'Regular', 'Purchasing Assistant', 4, 1, 2, 11000.00, '', 140, ''),
(264, 44, '2016-08-01', 'Regular', 'Fuel Management Asst.', 14, 1, 1, 13000.00, '', 145, ''),
(265, 44, '2014-10-20', 'Probationary', 'Purchasing Assistant', 4, 1, 2, 0.00, '287', 140, ''),
(266, 54, '2015-07-26', 'Regular', 'Cadet Engineer', 14, 1, 1, 17500.00, '', 3, ''),
(267, 54, '2016-08-01', 'Regular', 'O&M Planner/Assistant', 14, 1, 1, 20000.00, '', 3, ''),
(268, 54, '2015-01-26', 'Probationary', 'Cadet Engineer', 14, 1, 1, 15000.00, '', 3, ''),
(269, 55, '2014-07-12', 'Regular', 'Pipe Fitter/Mechanic', 12, 1, 1, 20000.00, '', 183, ''),
(270, 55, '2016-08-01', 'Regular', 'Auxiliary Operator', 14, 1, 1, 23000.00, '', 145, ''),
(271, 55, '2014-01-13', 'Probationary', 'Pipe Fitter/Mechanic', 12, 1, 1, 20000.00, '', 183, ''),
(272, 57, '2018-01-12', 'Probationary', 'Projects Coordinator Assistant', 16, 1, 1, 14000.00, '', 91, ''),
(273, 57, '2018-07-16', 'Regular', 'Projects Coordinator Assistant', 16, 1, 1, 15500.00, '', 91, ''),
(274, 57, '2017-10-12', 'Trainee', 'Trainee', 16, 1, 1, 14000.00, '', 91, ''),
(275, 59, '2016-03-29', 'Probationary', 'Machine Shop & Reconditioning Supervisor', 11, 1, 1, 23500.00, '', 183, ''),
(276, 59, '2016-09-29', 'Regular', 'Machine Shop & Reconditioning Supervisor', 11, 1, 1, 26000.00, '', 183, ''),
(277, 62, '2015-01-01', 'Regular', 'Maintenance', 12, 1, 1, 16000.00, '', 183, ''),
(278, 62, '2016-08-01', 'Regular', 'Plant Mechanic', 12, 1, 1, 20000.00, '', 183, ''),
(279, 62, '2014-04-23', 'Probationary', 'Maintenance Mechanic', 12, 1, 1, 16000.00, '', 140, ''),
(280, 65, '2015-10-23', 'Regular', 'Welder/Plant Mechanic', 12, 1, 1, 18000.00, '', 183, ''),
(281, 65, '2014-04-23', 'Probationary', 'Welder/Plant Mechanic', 12, 1, 1, 17000.00, '', 183, ''),
(282, 65, '2016-08-01', 'Regular', 'Plant Mechanic', 12, 1, 1, 20000.00, '', 183, ''),
(283, 66, '2015-09-02', 'Regular', 'Mechanic', 12, 1, 1, 22500.00, '', 183, ''),
(284, 66, '2016-08-01', 'Regular', 'Engine Room Operator', 14, 1, 1, 25000.00, '', 145, ''),
(285, 66, '2015-03-02', 'Probationary', 'Mechanic', 12, 1, 1, 20000.00, '', 145, ''),
(286, 8, '2016-08-01', 'Regular', 'Performance Monitoring Supervisor', 14, 1, 1, 20000.00, '', 145, ''),
(287, 8, '2015-10-26', 'Probationary', 'Operations Analyst', 14, 1, 1, 15000.00, '', 145, ''),
(288, 8, '2016-04-27', 'Regular', 'Operations Analyst', 14, 1, 1, 17500.00, '', 145, ''),
(289, 50, '2015-01-03', 'Probationary', 'Electrical Engineer', 10, 1, 1, 30000.00, '', 145, ''),
(290, 50, '2015-07-03', 'Regular', 'Electrical Engineer', 10, 1, 1, 32000.00, '', 145, ''),
(291, 50, '2016-08-01', 'Regular', 'Electrical Supervisor', 10, 1, 1, 35000.00, '', 145, ''),
(292, 64, '2015-01-01', 'Regular', 'E&IC Technician', 10, 1, 1, 20000.00, '', 145, ''),
(293, 64, '2014-02-26', 'Project Based', 'Electrician', 0, 7, 0, 20000.00, '', 140, ''),
(294, 184, '2018-07-30', 'Probationary', 'E&IC Technician', 10, 1, 1, 15000.00, '', 145, ''),
(295, 127, '2018-06-19', 'Probationary', 'IT Assistant', 3, 1, 1, 0.00, '375', 98, ''),
(296, 127, '2018-03-19', 'Trainee', 'IT Trainee', 3, 1, 1, 0.00, '375', 98, ''),
(297, 7, '2017-10-30', 'Regular', 'Warehouse Assistant', 15, 1, 1, 0.00, '325', 140, ''),
(298, 7, '2016-12-30', 'Probationary', 'Warehouse Helper', 15, 1, 1, 0.00, '300', 140, ''),
(299, 143, '2018-07-16', 'Probationary', 'Driver', 6, 1, 1, 0.00, '450', 79, ''),
(300, 143, '2018-04-16', 'Project Based', 'Service Vehicle Driver', 6, 1, 1, 0.00, '350', 79, ''),
(301, 9, '2014-11-19', 'Regular', 'Materials Receiving & Issuing Clerk', 15, 1, 1, 0.00, '320', 140, ''),
(302, 9, '2016-08-01', 'Regular', 'Plant Mechanic', 12, 1, 1, 15000.00, '', 183, ''),
(303, 9, '2014-05-19', 'Probationary', 'Site Checker', 15, 1, 1, 0.00, '320', 140, ''),
(304, 86, '2017-03-27', 'Regular', 'Finance Assistant', 8, 1, 2, 14000.00, '', 112, ''),
(305, 86, '2014-11-06', 'Trainee', 'Finance Assistant', 8, 1, 2, 9500.00, '', 140, ''),
(306, 150, '2019-05-01', 'Regular', 'Finance Administration Assistant', 8, 1, 2, 15000.00, '', 112, ''),
(307, 177, '2019-04-03', 'Regular', 'Senior Test Engineer', 10, 1, 1, 75000.00, '', 3, ''),
(308, 173, '2018-11-13', 'Probationary', 'Marketing Counselor', 0, 4, 2, 11000.00, '', 140, ''),
(309, 179, '2019-02-01', 'Regular', 'Social Media Assistant', 0, 4, 2, 15000.00, '', 140, ''),
(310, 179, '2019-02-11', 'Regular', 'Search Engine Marketing Supervisor', 0, 4, 2, 20000.00, '', 140, ''),
(311, 150, '2019-07-01', 'Regular', 'Finance Administration Assistant', 8, 1, 3, 0.00, '', 140, ''),
(312, 175, '2019-07-22', 'Probationary', 'Content Writer', 0, 4, 2, 13000.00, '', 140, ''),
(313, 76, '2019-07-26', 'Project Based', 'Site Facility Supervisor', 6, 1, 1, 20500.00, '', 140, ''),
(314, 167, '2019-06-13', 'Probationary', 'Admin Assistant', 6, 1, 2, 0.00, '365', 117, ''),
(315, 168, '2019-06-18', 'Probationary', 'IT Encoder', 3, 1, 2, 0.00, '400', 85, ''),
(316, 174, '2019-06-13', 'Probationary', 'Field Research Assistant', 0, 4, 2, 0.00, '365', 140, ''),
(317, 186, '2019-03-04', 'Trainee', 'Search Engine Marketing Assistant Trainee', 0, 4, 2, 10000.00, '', 179, ''),
(318, 187, '2019-07-01', 'Trainee', 'Search Engine Marketing Assistant Trainee', 0, 4, 2, 0.00, '365.00', 179, ''),
(319, 188, '2019-08-07', 'Probationary', 'Video Editor', 0, 4, 2, 15000.00, '', 179, ''),
(320, 189, '2019-08-13', 'Trainee', 'Finance Assistant Trainee', 8, 1, 2, 15000.00, '', 112, ''),
(321, 191, '2019-08-19', 'Trainee', 'Safety and Security Assistant Trainee', 6, 1, 1, 0.00, '365.00', 38, ''),
(322, 193, '2019-08-16', 'Trainee', 'Trader Trainee', 5, 1, 2, 12000.00, '', 92, ''),
(323, 192, '2019-08-27', 'Trainee', 'Renewable Energy Project Assistant Trainee', 7, 1, 2, 16000.00, '', 155, ''),
(324, 139, '2019-07-01', 'Regular', 'Parts Inventory Assistant', 15, 1, 1, 20000.00, '', 91, ''),
(325, 173, '2019-09-01', 'Regular', 'Marketing Counselor', 0, 4, 2, 14000.00, '', 140, ''),
(326, 195, '2019-09-02', 'Trainee', 'Bookkeeping Assistant Trainee', 2, 1, 2, 15000.00, '', 104, ''),
(327, 194, '2019-09-02', 'Trainee', 'Internal Auditor and System Analyst Trainee', 2, 1, 2, 18000.00, '', 104, ''),
(328, 186, '2019-06-04', 'Probationary', 'Social Media Assistant', 0, 4, 2, 10000.00, '', 179, ''),
(329, 198, '2019-09-16', 'Trainee', 'Human Resource Assistant Trainee', 6, 1, 2, 14000.00, '', 117, ''),
(330, 196, '2019-09-26', 'Trainee', 'Trader Trainee', 5, 1, 2, 15000.00, '', 92, ''),
(331, 197, '2019-08-21', 'Trainee', 'Regulatory Assistant ', 7, 2, 2, 16000.00, '', 0, ''),
(332, 190, '2019-06-04', 'Probationary', 'Generator Testing and Repair Specialist', 10, 1, 1, 31100.00, '', 177, ''),
(333, 145, '2018-02-16', 'Regular', 'Power Delivery and Technical Manager', 10, 1, 1, 75000.00, '', 140, ''),
(334, 145, '2019-02-11', 'Regular', 'Power Delivery and Technical Manager', 10, 1, 1, 82500.00, '', 140, ''),
(335, 108, '2019-10-18', 'Regular', 'trader', 5, 1, 2, 20000.00, '', 140, '2019-10-25');

-- --------------------------------------------------------

--
-- Table structure for table `job_history_tmp`
--

CREATE TABLE IF NOT EXISTS `job_history_tmp` (
`history_id` int(11) NOT NULL,
  `personal_id` int(11) NOT NULL,
  `effective_date` varchar(50) DEFAULT NULL,
  `emp_status` varchar(100) DEFAULT NULL,
  `j_position` varchar(50) DEFAULT NULL,
  `department_id` int(11) NOT NULL,
  `bu_id` int(11) NOT NULL,
  `location_id` int(11) NOT NULL,
  `salary` double(10,2) NOT NULL DEFAULT '0.00',
  `per_day` varchar(50) DEFAULT NULL,
  `supervisor` int(11) NOT NULL,
  `end_date` varchar(20) DEFAULT NULL
) ENGINE=InnoDB DEFAULT CHARSET=latin1;

-- --------------------------------------------------------

--
-- Table structure for table `location`
--

CREATE TABLE IF NOT EXISTS `location` (
`location_id` int(11) NOT NULL,
  `location_name` varchar(50) DEFAULT NULL
) ENGINE=InnoDB AUTO_INCREMENT=4 DEFAULT CHARSET=latin1;

--
-- Dumping data for table `location`
--

INSERT INTO `location` (`location_id`, `location_name`) VALUES
(1, 'Bago (Plant Site)'),
(2, 'Bacolod Office'),
(3, 'Head Office (Manila)');

-- --------------------------------------------------------

--
-- Table structure for table `other_files`
--

CREATE TABLE IF NOT EXISTS `other_files` (
`other_id` int(11) NOT NULL,
  `personal_id` int(11) NOT NULL,
  `other_file` varchar(255) DEFAULT NULL,
  `other_name` varchar(100) DEFAULT NULL
) ENGINE=InnoDB AUTO_INCREMENT=1689 DEFAULT CHARSET=latin1;

--
-- Dumping data for table `other_files`
--

INSERT INTO `other_files` (`other_id`, `personal_id`, `other_file`, `other_name`) VALUES
(1, 121, 'Tan_Teresa_Application for Employment1.pdf', 'Application for Employment'),
(2, 121, 'Tan_Teresa_Certificate of Employment-GC&C2.pdf', 'Certificate of Employment-GC&C'),
(3, 121, 'Tan_Teresa_Confirmation of Regularization3.pdf', 'Confirmation of Regularization'),
(29, 136, 'Febrio_Elaisa Jane_Application for Employment1.pdf', 'Application for Employment'),
(35, 136, 'Febrio_Elaisa Jane_BIR 23162.pdf', 'BIR 2316'),
(36, 136, 'Febrio_Elaisa Jane_Birth Certificate3.pdf', 'Birth Certificate'),
(37, 136, 'Febrio_Elaisa Jane_Brgy Clearance4.pdf', 'Brgy Clearance'),
(44, 136, 'Febrio_Elaisa Jane_Cedula5.pdf', 'Cedula'),
(45, 136, 'Febrio_Elaisa Jane_Certificate of Employment-Steel Art6.pdf', 'Certificate of Employment-Steel Art'),
(46, 139, 'Gellada_Donna_BIR 23161.pdf', 'BIR 2316'),
(47, 139, 'Gellada_Donna_Application for Employment2.pdf', 'Application for Employment'),
(48, 139, 'Gellada_Donna_Aptitude Test3.pdf', 'Aptitude Test'),
(49, 139, 'Gellada_Donna_Basic IQ Test4.pdf', 'Basic IQ Test'),
(50, 139, 'Gellada_Donna_Certificate of Employment5.pdf', 'Certificate of Employment-Tractorco Company'),
(51, 139, 'Gellada_Donna_Diploma6.pdf', 'Diploma'),
(52, 139, 'Gellada_Donna_Employment Amendment Form 20187.pdf', 'Employment Amendment Form 2018'),
(53, 139, 'Gellada_Donna_HDMF MDF8.pdf', 'HDMF MDF'),
(54, 139, 'Gellada_Donna_ID''s9.pdf', 'ID''s'),
(56, 139, 'Gellada_Donna_Medical Certificate10.pdf', 'Medical Certificate'),
(57, 139, 'Gellada_Donna_NSO Birth Certificate11.pdf', 'NSO Birth Certificate'),
(58, 139, 'Gellada_Donna_NSO Birth Dependents12.pdf', 'NSO Birth Dependents'),
(59, 139, 'Gellada_Donna_NSO Marriage Certificate13.pdf', 'NSO Marriage Certificate'),
(60, 139, 'Gellada_Donna_PHIC MDR14.pdf', 'PHIC MDR'),
(61, 139, 'Gellada_Donna_Transcript of Records15.pdf', 'Transcript of Records'),
(62, 139, 'Gellada_Donna_Training Contract16.pdf', 'Training Contract'),
(74, 141, 'Globert _Felipe III_Probationary Contract1.pdf', 'Probationary Contract'),
(75, 141, 'Globert _Felipe III_Regularization Contract 2.pdf', 'Regularization Contract '),
(76, 141, 'Globert _Felipe III_BIR 23163.pdf', 'BIR 2316'),
(77, 141, 'Globert _Felipe III_Employment Amendment Form 20184.pdf', 'Employment Amendment Form 2018'),
(78, 141, 'Globert _Felipe III_Application for Employment5.pdf', 'Application for Employment'),
(79, 141, 'Globert _Felipe III_Barangay Clearance6.pdf', 'Barangay Clearance'),
(80, 141, 'Globert _Felipe III_Certificate of Employment 17.pdf', 'Certificate of Employment 1'),
(81, 141, 'Globert _Felipe III_Certificate of Employment 28.pdf', 'Certificate of Employment 2'),
(82, 141, 'Globert _Felipe III_Certificate of Employment 39.pdf', 'Certificate of Employment 3'),
(83, 141, 'Globert _Felipe III_Diploma10.pdf', 'Diploma'),
(84, 141, 'Globert _Felipe III_IDs11.pdf', 'IDs'),
(85, 141, 'Globert _Felipe III_NBI Clearance12.pdf', 'NBI Clearance'),
(86, 141, 'Globert _Felipe III_NSO Birth Certificate 13.pdf', 'NSO Birth Certificate '),
(87, 141, 'Globert _Felipe III_NSO Birth Dependents14.pdf', 'NSO Birth Dependents'),
(88, 75, 'Fernandez_Julius_Application for Employment1.pdf', 'Application for Employment'),
(89, 75, 'Fernandez_Julius_BIR 23162.pdf', 'BIR 2316'),
(90, 75, 'Fernandez_Julius_Certificate of Employment3.pdf', 'Certificate of Employment'),
(91, 75, 'Fernandez_Julius_Employment Amendment Form 20164.pdf', 'Employment Amendment Form 2016'),
(92, 81, 'Fortuno_Luisito_Application for Employment1.pdf', 'Application for Employment'),
(93, 81, 'Fortuno_Luisito_PHIC CF12.pdf', 'PHIC CF1'),
(94, 81, 'Fortuno_Luisito_Certificate of Employment3.pdf', 'Certificate of Employment'),
(95, 81, 'Fortuno_Luisito_Employment Amendment Form 20184.pdf', 'Employment Amendment Form 2018'),
(96, 81, 'Fortuno_Luisito_PHIC Certification5.pdf', 'PHIC Certification'),
(97, 3, 'Jabiniar_Eric_Asset Equipment Turnover Agreement1.net_2019-06-19_11-54-01', 'Asset Equipment Turnover Agreement'),
(98, 3, 'Jabiniar_Eric_IDs Photocopy2.pdf', 'IDs Photocopy'),
(99, 3, 'Jabiniar_Eric_BIR -  23163.pdf', 'BIR -  2316'),
(100, 142, 'Golvio_Mikko_Application for Employment1.pdf', 'Application for Employment'),
(101, 142, 'Golvio_Mikko_Asset Accountability2.pdf', 'Asset Accountability'),
(102, 142, 'Golvio_Mikko_Diploma3.pdf', 'Diploma'),
(103, 142, 'Golvio_Mikko_Basic IQ Test4.pdf', 'Basic IQ Test'),
(104, 142, 'Golvio_Mikko_Barangay Clearance5.pdf', 'Barangay Clearance'),
(105, 142, 'Golvio_Mikko_SSS E16.pdf', 'SSS E1'),
(106, 142, 'Golvio_Mikko_IDs7.pdf', 'IDs'),
(107, 142, 'Golvio_Mikko_Incident Report8.pdf', 'Incident Report'),
(108, 142, 'Golvio_Mikko_NSO Birth Certificate9.pdf', 'NSO Birth Certificate'),
(109, 142, 'Golvio_Mikko_Employment Amendment Form 201810.pdf', 'Employment Amendment Form 2018'),
(110, 142, 'Golvio_Mikko_HDMF MDF11.pdf', 'HDMF MDF'),
(111, 7, 'Jardinico_Stephen_Application for Employment1.pdf', 'Application for Employment'),
(112, 7, 'Jardinico_Stephen_Exam Result2.pdf', 'Exam Result'),
(113, 7, 'Jardinico_Stephen_Employment Amendment Form 070120183.pdf', 'Employment Amendment Form 07012018'),
(114, 7, 'Jardinico_Stephen_Probationary Contract4.pdf', 'Probationary Contract'),
(115, 7, 'Jardinico_Stephen_Regularization Contract5.pdf', 'Regularization Contract'),
(116, 7, 'Jardinico_Stephen_Salary Adjustment6.pdf', 'Salary Adjustment'),
(117, 7, 'Jardinico_Stephen_BIR7.pdf', 'BIR'),
(118, 7, 'Jardinico_Stephen_Barangay Certificate8.Cert', 'Barangay Clearance'),
(119, 7, 'Jardinico_Stephen_Medical Certificate and Results9.pdf', 'Medical Certificate and Results'),
(120, 0, '__IQ Test Result1.docx', 'IQ Test Result'),
(121, 143, 'Jardiniano_Bobby_Application for Employment1.pdf', 'Application for Employment'),
(122, 143, 'Jardiniano_Bobby_Exam Result2.pdf', 'Exam Result'),
(123, 143, 'Jardiniano_Bobby_ID (Driver''s and Umid)3.pdf', 'ID (Driver''s and Umid)'),
(124, 143, 'Jardiniano_Bobby_ID (PHIC and TIN)4.pdf', 'ID (PHIC and TIN)'),
(125, 9, 'LABANON_JOEY_Application for Employment1.pdf', 'Application for Employment'),
(126, 9, 'LABANON_JOEY_Regularization Contract2.pdf', 'Regularization Contract'),
(127, 9, 'LABANON_JOEY_Barangay Certificate3.Cert', 'Barangay Certificate'),
(128, 9, 'LABANON_JOEY_Cedula4.pdf', 'Cedula'),
(129, 9, 'LABANON_JOEY_Employee Amendment Form 20185.pdf', 'Employee Amendment Form 2018'),
(130, 1, 'Adorio_Marlon_Application for Employment1.pdf', 'Application for Employment'),
(131, 1, 'Adorio_Marlon_Confirmation of Regularization2.pdf', 'Confirmation of Regularization'),
(132, 1, 'Adorio_Marlon_Employment Amendment for Aug 20163.pdf', 'Employment Amendment for Aug 2016'),
(133, 144, 'Alejandro_John Ezequiel_Birth Certificate1.pdf', 'Birth Certificate'),
(134, 144, 'Alejandro_John Ezequiel_Confirmation of Regularization2.pdf', 'Confirmation of Regularization'),
(135, 144, 'Alejandro_John Ezequiel_Employment Amendment Form July 20183.pdf', 'Employment Amendment Form July 2018'),
(136, 144, 'Alejandro_John Ezequiel_Employee''s Profile4.pdf', 'Employee''s Profile'),
(137, 4, 'Alevio_Carlito_Application for Employment1.pdf', 'Application for Employment'),
(138, 4, 'Alevio_Carlito_Asset Accountability Form2.pdf', 'Asset Accountability Form'),
(139, 4, 'Alevio_Carlito_Confirmation of Regularization3.pdf', 'Confirmation of Regularization'),
(140, 6, 'Alova_Regina_Application for Employment1.pdf', 'Application for Employment'),
(141, 6, 'Alova_Regina_Brgy Clearance2.pdf', 'Brgy Clearance'),
(142, 6, 'Alova_Regina_Cedula3.pdf', 'Cedula'),
(143, 6, 'Alova_Regina_Confirmation of Regularization4.pdf', 'Confirmation of Regularization'),
(144, 6, 'Alova_Regina_Employment Contract5.pdf', 'Employment Contract'),
(145, 6, 'Alova_Regina_Exam Results6.pdf', 'Exam Results'),
(146, 6, 'Alova_Regina_PRC- Board of Ratings7.pdf', 'PRC- Board of Ratings'),
(147, 6, 'Alova_Regina_Probationary Employment Contract8.pdf', 'Probationary Employment Contract'),
(148, 8, 'Alunan _Rebecca_Application for Employment1.pdf', 'Application for Employment'),
(149, 8, 'Alunan _Rebecca_Asset/Equipment Agreement2.pdf', 'Asset/Equipment Agreement'),
(150, 8, 'Alunan _Rebecca_BIR 19053.pdf', 'BIR 1905'),
(151, 8, 'Alunan _Rebecca_Birth Certificate4.pdf', 'Birth Certificate'),
(152, 8, 'Alunan _Rebecca_Brgy Clearance5.pdf', 'Brgy Clearance'),
(153, 8, 'Alunan _Rebecca_Cedula6.pdf', 'Cedula'),
(154, 8, 'Alunan _Rebecca_Confirmation of Regularization7.pdf', 'Confirmation of Regularization'),
(155, 8, 'Alunan _Rebecca_Diploma8.pdf', 'Diploma'),
(156, 8, 'Alunan _Rebecca_Employment Amendment Form 20169.pdf', 'Employment Amendment Form 2016'),
(157, 8, 'Alunan _Rebecca_Employment Amendment Form July 201810.pdf', 'Employment Amendment Form July 2018'),
(158, 8, 'Alunan _Rebecca_Employment Contract11.pdf', 'Employment Contract'),
(159, 8, 'Alunan _Rebecca_Exam Results12.pdf', 'Exam Results'),
(160, 8, 'Alunan _Rebecca_Ids13.pdf', 'Ids'),
(161, 8, 'Alunan _Rebecca_Medical Results14.pdf', 'Medical Results'),
(162, 44, 'Ambong_Fleur De Liz_Employment Application1.pdf', 'Employment Application'),
(163, 44, 'Ambong_Fleur De Liz_Certificate of Employment2.pdf', 'Certificate of Employment'),
(164, 44, 'Ambong_Fleur De Liz_Employment Amendment form 20163.pdf', 'Employment Amendment form 2016'),
(165, 44, 'Ambong_Fleur De Liz_Employment Amendment Form 20184.pdf', 'Employment Amendment Form 2018'),
(166, 44, 'Ambong_Fleur De Liz_Regularization Contract5.pdf', 'Regularization Contract'),
(167, 44, 'Ambong_Fleur De Liz_Salary Adjustments6.pdf', 'Salary Adjustments'),
(168, 44, 'Ambong_Fleur De Liz_Transcript of Records7.pdf', 'Transcript of Records'),
(169, 0, '__Employment Amendment Form1.jpg', 'Employment Amendment Form'),
(170, 145, 'Argawanon_Rey_Employment Amendment Form1.pdf', 'Employment Amendment Form'),
(171, 145, 'Argawanon_Rey_PHIC MDR2.pdf', 'PHIC MDR'),
(172, 50, 'Angulo_Genaro _Application for Employment1.pdf', 'Application for Employment'),
(173, 50, 'Angulo_Genaro _Confirmation of Regularization2.pdf', 'Confirmation of Regularization'),
(174, 50, 'Angulo_Genaro _Employment Amendment for Aug 20163.pdf', 'Employment Amendment for Aug 2016'),
(175, 54, 'Arroyo_Alona_Application for Employment1.pdf', 'Application for Employment'),
(176, 54, 'Arroyo_Alona_BIR 23162.pdf', 'BIR 2316'),
(177, 54, 'Arroyo_Alona_Confirmation of Regularization3.pdf', 'Confirmation of Regularization'),
(178, 54, 'Arroyo_Alona_Employees Profile4.pdf', 'Employees Profile'),
(179, 54, 'Arroyo_Alona_Employee Amendment Form Aug 20165.pdf', 'Employee Amendment Form Aug 2016'),
(180, 54, 'Arroyo_Alona_Employee Amendment Form July 20186.pdf', 'Employee Amendment Form July 2018'),
(181, 57, 'Bating_Rashelle Joy_Application for Employment1.pdf', 'Application for Employment'),
(182, 57, 'Bating_Rashelle Joy_BIR 23162.pdf', 'BIR 2316'),
(183, 57, 'Bating_Rashelle Joy_Birth Certificate3.pdf', 'Birth Certificate'),
(184, 57, 'Bating_Rashelle Joy_Birth Certificate-dependents4.pdf', 'Birth Certificate-dependents'),
(185, 57, 'Bating_Rashelle Joy_Confirmation of Regularization5.pdf', 'Confirmation of Regularization'),
(186, 57, 'Bating_Rashelle Joy_Diploma6.pdf', 'Diploma'),
(187, 57, 'Bating_Rashelle Joy_E1 SSS7.pdf', 'E1 SSS'),
(188, 57, 'Bating_Rashelle Joy_Employment Amendment Form July 20188.pdf', 'Employment Amendment Form July 2018'),
(189, 57, 'Bating_Rashelle Joy_Exam Results9.pdf', 'Exam Results'),
(190, 57, 'Bating_Rashelle Joy_IDs10.pdf', 'IDs'),
(191, 57, 'Bating_Rashelle Joy_MDF Pag-ibig11.pdf', 'MDF Pag-ibig'),
(192, 55, 'Baculio_Joemillan_Confirmation of Regularization1.pdf', 'Confirmation of Regularization'),
(193, 55, 'Baculio_Joemillan_Salary Adjustment June 20172.pdf', 'Salary Adjustment June 2017'),
(194, 59, 'Bawar_Gener_Confirmation of Regularization1.pdf', 'Confirmation of Regularization'),
(195, 59, 'Bawar_Gener_Employment Amendment Form 20182.pdf', 'Employment Amendment Form 2018'),
(196, 59, 'Bawar_Gener_ID3.pdf', 'ID'),
(197, 59, 'Bawar_Gener_Probationary Employment Contract4.pdf', 'Probationary Employment Contract'),
(198, 62, 'Beato_Ruel_Application for Employment1.pdf', 'Application for Employment'),
(199, 62, 'Beato_Ruel_Confirmation of Regularization2.pdf', 'Confirmation of Regularization'),
(200, 62, 'Beato_Ruel_Employees Profile3.pdf', 'Employees Profile'),
(201, 62, 'Beato_Ruel_Employee Amendment Form Aug 20164.pdf', 'Employee Amendment Form Aug 2016'),
(202, 62, 'Beato_Ruel_Employee Amendment Form July 20185.pdf', 'Employee Amendment Form July 2018'),
(203, 146, 'Bolarde_Gerardo_Project Employment Contract1.docx', 'Project Employment Contract'),
(204, 146, 'Bolarde_Gerardo_Deed of Quitclaim, ClearanceForm & Asset TurnOver Form2.docx', 'Deed of Quitclaim, ClearanceForm & Asset TurnOver Form'),
(205, 146, 'Bolarde_Gerardo_Resignation Letter3.jpg', 'Resignation Letter'),
(206, 146, 'Bolarde_Gerardo_Employees Profile4.jpg', 'Employees Profile'),
(207, 146, 'Bolarde_Gerardo_Medical Results5.docx', 'Medical Results'),
(208, 146, 'Bolarde_Gerardo_Police Clearance, NBI and Brgy Clearance6.docx', 'Police Clearance, NBI and Brgy Clearance'),
(209, 146, 'Bolarde_Gerardo_Affidavit of Discrepancy7.jpg', 'Affidavit of Discrepancy'),
(210, 64, 'Cababat_Vency_Confirmation of Regularization1.pdf', 'Confirmation of Regularization'),
(211, 64, 'Cababat_Vency_Salary Adjustment2.pdf', 'Salary Adjustment June 2017'),
(212, 64, 'Cababat_Vency_BIR - Withholding Tax3.pdf', 'BIR - Withholding Tax'),
(213, 64, 'Cababat_Vency_Philhealth - MDR4.pdf', 'Philhealth - MDR'),
(214, 64, 'Cababat_Vency_BIR - 23165.pdf', 'BIR - 2316'),
(215, 64, 'Cababat_Vency_IDs Photocopy6.pdf', 'IDs Photocopy'),
(216, 65, 'Canama_Rusty_Application for Employment1.pdf', 'Application for Employment'),
(217, 65, 'Canama_Rusty_Confirmation of Regularization2.pdf', 'Confirmation of Regularization'),
(218, 66, 'Corino_Exequil_Employees Profile1.pdf', 'Employees Profile'),
(219, 66, 'Corino_Exequil_Employment Amendment Form Aug 20162.pdf', 'Employment Amendment Form Aug 2016'),
(220, 66, 'Corino_Exequil_Employment Amendment Form July 20183.pdf', 'Employment Amendment Form July 2018'),
(221, 67, 'Dagupan_Juanito_Application for Employment1.pdf', 'Application for Employment'),
(222, 67, 'Dagupan_Juanito_Certificate of Employment2.pdf', 'Certificate of Employment'),
(223, 67, 'Dagupan_Juanito_Employment Amendment form 20163.pdf', 'Employment Amendment form 2016'),
(224, 41, 'maglinte_Danilo_Application for Employment1.pdf', 'Application for Employment'),
(225, 41, 'maglinte_Danilo_Asset/Equipment Agreement2.pdf', 'Asset/Equipment Agreement'),
(226, 41, 'maglinte_Danilo_Birth Certificate-Dependents3.pdf', 'Birth Certificate-Dependents'),
(227, 41, 'maglinte_Danilo_Birth Certificate4.pdf', 'Birth Certificate'),
(228, 41, 'maglinte_Danilo_Confirmation of Regularization5.pdf', 'Confirmation of Regularization'),
(229, 41, 'maglinte_Danilo_Employment Amendment Form Aug 20166.pdf', 'Employment Amendment Form Aug 2016'),
(230, 67, 'Dagupan_Juanito_Employment Amendment Form 20184.pdf', 'Employment Amendment Form 2018'),
(231, 67, 'Dagupan_Juanito_HDMF Request for Transfer5.pdf', 'HDMF Request for Transfer'),
(232, 69, 'Duis_Melfa_Training Agreement Contract1.pdf', 'Training Agreement Contract'),
(233, 69, 'Duis_Melfa_Application for Employment2.pdf', 'Application for Employment'),
(234, 69, 'Duis_Melfa_Certificate of Employment3.pdf', 'Certificate of Employment'),
(235, 69, 'Duis_Melfa_Diploma4.pdf', 'Diploma'),
(236, 69, 'Duis_Melfa_Employment Amendment Form 20185.pdf', 'Employment Amendment Form 2018'),
(237, 69, 'Duis_Melfa_HDMF MDF6.pdf', 'HDMF MDF'),
(238, 69, 'Duis_Melfa_MCR7.pdf', 'MCR'),
(239, 69, 'Duis_Melfa_NSO Birth Certificate8.pdf', 'NSO Birth Certificate'),
(240, 69, 'Duis_Melfa_PHIC MDR9.pdf', 'PHIC MDR'),
(241, 69, 'Duis_Melfa_Pregnancy Medical Report10.pdf', 'Pregnancy Medical Report'),
(242, 71, 'Factolerin_Jerson_Application for Employment1.pdf', 'Application for Employment'),
(243, 71, 'Factolerin_Jerson_BIR 23162.pdf', 'BIR 2316'),
(244, 71, 'Factolerin_Jerson_SSS E13.pdf', 'SSS E1'),
(245, 71, 'Factolerin_Jerson_HDMF MDF4.pdf', 'HDMF MDF'),
(246, 71, 'Factolerin_Jerson_Medical5.pdf', 'Medical'),
(247, 71, 'Factolerin_Jerson_NBI Clearance6.pdf', 'NBI Clearance'),
(248, 71, 'Factolerin_Jerson_NSO Birth Certificate7.pdf', 'NSO Birth Certificate'),
(249, 71, 'Factolerin_Jerson_Probationary Contract8.pdf', 'Probationary Contract'),
(250, 71, 'Factolerin_Jerson_Regularization Contract9.pdf', 'Regularization Contract'),
(251, 107, 'Oquiana_Ma. Erika_Application for Employment1.pdf', 'Application for Employment'),
(252, 107, 'Oquiana_Ma. Erika_Birth Certificate2.pdf', 'Birth Certificate'),
(253, 107, 'Oquiana_Ma. Erika_Confirmation of Regularization3.pdf', 'Confirmation of Regularization'),
(254, 107, 'Oquiana_Ma. Erika_Diploma4.pdf', 'Diploma'),
(255, 107, 'Oquiana_Ma. Erika_E1 SSS5.pdf', 'E1 SSS'),
(256, 107, 'Oquiana_Ma. Erika_Employees Profile6.pdf', 'Employees Profile'),
(257, 107, 'Oquiana_Ma. Erika_Exam Results7.pdf', 'Exam Results'),
(258, 107, 'Oquiana_Ma. Erika_IDs8.pdf', 'IDs'),
(259, 107, 'Oquiana_Ma. Erika_Lateral Transfer9.pdf', 'Lateral Transfer'),
(260, 107, 'Oquiana_Ma. Erika_MDF Pag-ibig10.pdf', 'MDF Pag-ibig'),
(261, 107, 'Oquiana_Ma. Erika_Medical Results11.pdf', 'Medical Results'),
(262, 107, 'Oquiana_Ma. Erika_Request for Transfer of Pag-ibig Loan12.pdf', 'Request for Transfer of Pag-ibig Loan'),
(263, 108, 'Plaza_Charmaine Rei_Application for Employment1.pdf', 'Application for Employment'),
(264, 108, 'Plaza_Charmaine Rei_Birth Certificate2.pdf', 'Birth Certificate'),
(265, 108, 'Plaza_Charmaine Rei_Confirmation of Regularization3.pdf', 'Confirmation of Regularization'),
(266, 108, 'Plaza_Charmaine Rei_Diploma4.pdf', 'Diploma'),
(267, 108, 'Plaza_Charmaine Rei_E1 SSS5.pdf', 'E1 SSS'),
(268, 108, 'Plaza_Charmaine Rei_Exam Results6.pdf', 'Exam Results'),
(269, 108, 'Plaza_Charmaine Rei_ID-Passport7.pdf', 'ID-Passport'),
(270, 108, 'Plaza_Charmaine Rei_Lateral Transfer8.pdf', 'Lateral Transfer'),
(271, 108, 'Plaza_Charmaine Rei_MDF Pag-ibig9.pdf', 'MDF Pag-ibig'),
(272, 108, 'Plaza_Charmaine Rei_Probationary Employment Contract10.pdf', 'Probationary Employment Contract'),
(273, 108, 'Plaza_Charmaine Rei_Transfer of membership Record Pag-ibig11.pdf', 'Transfer of membership Record Pag-ibig'),
(274, 109, 'Quiocson_Romeo_Probationary Employment Contract1.pdf', 'Probationary Employment Contract'),
(275, 109, 'Quiocson_Romeo_Application  for Employment2.pdf', 'Application  for Employment'),
(276, 109, 'Quiocson_Romeo_Diploma3.pdf', 'Diploma'),
(277, 109, 'Quiocson_Romeo_Employment Amendment Form July 20184.pdf', 'Employment Amendment Form July 2018'),
(278, 109, 'Quiocson_Romeo_Medical Result5.pdf', 'Medical Result'),
(279, 109, 'Quiocson_Romeo_Birth Certificate6.pdf', 'Birth Certificate'),
(280, 109, 'Quiocson_Romeo_Exam Result7.pdf', 'Exam Result'),
(281, 109, 'Quiocson_Romeo_Transcript of Record8.pdf', 'Transcript of Record'),
(282, 109, 'Quiocson_Romeo_Training Agreement9.pdf', 'Training Agreement'),
(283, 109, 'Quiocson_Romeo_Pag ibig - Members Data Form10.net_2019-06-29_10-00-16 (1)', 'Pag ibig - Members Data Form'),
(284, 147, 'Porciuncula_Eleonor_Probationary Employment Contract1.docx', 'Probationary Employment Contract'),
(285, 147, 'Porciuncula_Eleonor_Interview Appraisal Form2.docx', 'Interview Appraisal Form'),
(286, 147, 'Porciuncula_Eleonor_Exam Results3.docx', 'Exam Results'),
(287, 147, 'Porciuncula_Eleonor_Transcript of Records4.docx', 'Transcript of Records'),
(288, 147, 'Porciuncula_Eleonor_Diploma5.jpg', 'Diploma'),
(289, 147, 'Porciuncula_Eleonor_Brgy Clearance, Cedula  and NBI 6.docx', 'Brgy Clearance, Cedula  and NBI '),
(290, 147, 'Porciuncula_Eleonor_IDs Photocopy7.docx', 'IDs Photocopy'),
(291, 147, 'Porciuncula_Eleonor_SSS - E18.jpg', 'SSS - E1'),
(292, 147, 'Porciuncula_Eleonor_BIR - 23169.jpg', 'BIR - 2316'),
(293, 147, 'Porciuncula_Eleonor_Medical Results10.docx', 'Medical Results'),
(294, 147, 'Porciuncula_Eleonor_Seperation Clearance and Release11.jpg', 'Seperation Clearance and Release'),
(295, 110, 'Ramirez_Cresilda_Application for Employment1.pdf', 'Application for Employment'),
(296, 110, 'Ramirez_Cresilda_Birth Certificate2.pdf', 'Birth Certificate'),
(297, 110, 'Ramirez_Cresilda_Brgy Clearance3.pdf', 'Brgy Clearance'),
(298, 110, 'Ramirez_Cresilda_Cedula4.pdf', 'Cedula'),
(299, 110, 'Ramirez_Cresilda_Certificate of Employment5.pdf', 'Certificate of Employment'),
(300, 110, 'Ramirez_Cresilda_Confirmation of Regularization6.pdf', 'Confirmation of Regularization'),
(301, 110, 'Ramirez_Cresilda_Diploma7.pdf', 'Diploma'),
(302, 110, 'Ramirez_Cresilda_E1-SSS8.pdf', 'E1-SSS'),
(303, 110, 'Ramirez_Cresilda_Employment Amendment Form April 20189.pdf', 'Employment Amendment Form April 2018'),
(304, 110, 'Ramirez_Cresilda_Exam Result10.pdf', 'Exam Result'),
(305, 111, 'Rocha_Melanie_Application for Employment1.pdf', 'Application for Employment'),
(306, 111, 'Rocha_Melanie_Birth Certificate-Dependents2.pdf', 'Birth Certificate-Dependents'),
(307, 111, 'Rocha_Melanie_Birth Certificate3.pdf', 'Birth Certificate'),
(308, 111, 'Rocha_Melanie_Cedula4.pdf', 'Cedula'),
(309, 111, 'Rocha_Melanie_Diploma5.pdf', 'Diploma'),
(310, 111, 'Rocha_Melanie_E1-SSS6.pdf', 'E1-SSS'),
(311, 112, 'Rosales_Zyndyryn_Application for Employment1.pdf', 'Application for Employment'),
(312, 112, 'Rosales_Zyndyryn_Asset/Equipment Agreement2.pdf', 'Asset/Equipment Agreement'),
(313, 112, 'Rosales_Zyndyryn_Confirmation of Regularization3.pdf', 'Confirmation of Regularization'),
(314, 112, 'Rosales_Zyndyryn_Asset Accountability Form4.pdf', 'Asset Accountability Form'),
(315, 112, 'Rosales_Zyndyryn_Employee Amendment Form 20185.pdf', 'Employee Amendment Form 2018'),
(316, 112, 'Rosales_Zyndyryn_Employees Profile6.pdf', 'Employees Profile'),
(317, 112, 'Rosales_Zyndyryn_Medical Result7.pdf', 'Medical Result'),
(318, 112, 'Rosales_Zyndyryn_PRC Board of Ratings8.pdf', 'PRC Board of Ratings'),
(319, 112, 'Rosales_Zyndyryn_Probationary Employment Contract9.pdf', 'Probationary Employment Contract'),
(320, 113, 'Saludo_Genie_Application for Employment1.pdf', 'Application for Employment'),
(321, 113, 'Saludo_Genie_Birth Certificate2.pdf', 'Birth Certificate'),
(322, 113, 'Saludo_Genie_Confirmation of Regularization3.pdf', 'Confirmation of Regularization'),
(323, 113, 'Saludo_Genie_Diploma4.pdf', 'Diploma'),
(324, 113, 'Saludo_Genie_E1 SSS5.pdf', 'E1 SSS'),
(325, 113, 'Saludo_Genie_Employment Amendment Form April 20186.pdf', 'Employment Amendment Form April 2018'),
(326, 113, 'Saludo_Genie_Exam Results7.pdf', 'Exam Results'),
(327, 113, 'Saludo_Genie_IDs8.pdf', 'IDs'),
(328, 113, 'Saludo_Genie_Medical Results9.pdf', 'Medical Results'),
(329, 113, 'Saludo_Genie_NBI Clearance10.pdf', 'NBI Clearance'),
(330, 114, 'Sanchez_Daisy Jane_Application for Employment1.pdf', 'Application for Employment'),
(331, 114, 'Sanchez_Daisy Jane_BIR 23162.pdf', 'BIR 2316'),
(332, 114, 'Sanchez_Daisy Jane_Certificate of Employment-CENPRI3.pdf', 'Certificate of Employment-CENPRI'),
(333, 114, 'Sanchez_Daisy Jane_Confirmation of Regularization4.pdf', 'Confirmation of Regularization'),
(334, 113, 'Saludo_Genie_Police Clearance11.pdf', 'Police Clearance'),
(335, 114, 'Sanchez_Daisy Jane_Employee Amendment Contract Sept 20165.pdf', 'Employee Amendment Contract Sept 2016'),
(336, 114, 'Sanchez_Daisy Jane_Employee Amendment Contract Nov 20166.pdf', 'Employee Amendment Contract Nov 2016'),
(337, 114, 'Sanchez_Daisy Jane_Employee Amendment Contract April 20187.pdf', 'Employee Amendment Contract April 2018'),
(338, 114, 'Sanchez_Daisy Jane_Exam Results8.pdf', 'Exam Results'),
(339, 122, 'Sarroza_Rosemarie_Application for Employment1.pdf', 'Application for Employment'),
(340, 122, 'Sarroza_Rosemarie_Birth Certificate2.pdf', 'Birth Certificate'),
(341, 122, 'Sarroza_Rosemarie_Certificate of Employment3.pdf', 'Certificate of Employment'),
(342, 122, 'Sarroza_Rosemarie_Confirmation of Regularization4.pdf', 'Confirmation of Regularization'),
(343, 122, 'Sarroza_Rosemarie_Diploma5.pdf', 'Diploma'),
(344, 122, 'Sarroza_Rosemarie_Employee Amendment Form Feb 20196.pdf', 'Employee Amendment Form Feb 2019'),
(345, 122, 'Sarroza_Rosemarie_Employee Amendment Form July 20187.pdf', 'Employee Amendment Form July 2018'),
(346, 122, 'Sarroza_Rosemarie_Exam Results8.pdf', 'Exam Results'),
(347, 122, 'Sarroza_Rosemarie_ID9.pdf', 'IDs'),
(348, 128, 'Severino_Stephine David_Application for Employment1.pdf', 'Application for Employment'),
(349, 128, 'Severino_Stephine David_Employment Amendment Form 20182.pdf', 'Employment Amendment Form 2018'),
(350, 128, 'Severino_Stephine David_Exam Results3.pdf', 'Exam Results'),
(351, 128, 'Severino_Stephine David_MDF Pag-ibig4.pdf', 'MDF Pag-ibig'),
(352, 128, 'Severino_Stephine David_Probationary Employment Contract5.pdf', 'Probationary Employment Contract'),
(353, 128, 'Severino_Stephine David_SSS6.pdf', 'SSS'),
(354, 128, 'Severino_Stephine David_Training Agreement7.pdf', 'Training Agreement'),
(355, 117, 'Sinoro_Syndey_Application for Employment1.pdf', 'Application for Employment'),
(356, 117, 'Sinoro_Syndey_BIR 23162.pdf', 'BIR 2316'),
(357, 117, 'Sinoro_Syndey_Birth Certificate3.pdf', 'Birth Certificate'),
(358, 117, 'Sinoro_Syndey_Cedula4.pdf', 'Cedula'),
(359, 117, 'Sinoro_Syndey_CENPRI Certificate of Employment5.pdf', 'CENPRI Certificate of Employment'),
(360, 117, 'Sinoro_Syndey_Confirmation of Regularization6.pdf', 'Confirmation of Regularization'),
(361, 117, 'Sinoro_Syndey_Employee Amendment Form April 21, 20187.pdf', 'Employee Amendment Form April 21, 2018'),
(362, 117, 'Sinoro_Syndey_Employee Amendment Form Feb 21, 20198.pdf', 'Employee Amendment Form Feb 21, 2019'),
(363, 117, 'Sinoro_Syndey_Employee Amendment Form Aug 20169.pdf', 'Employee Amendment Form Aug 2016'),
(364, 117, 'Sinoro_Syndey_Exam Result10.pdf', 'Exam Result'),
(365, 117, 'Sinoro_Syndey_HMO-Transmittal Letter11.pdf', 'HMO-Transmittal Letter'),
(366, 117, 'Sinoro_Syndey_IDs12.pdf', 'IDs'),
(367, 117, 'Sinoro_Syndey_Marriage Certificate13.pdf', 'Marriage Certificate'),
(368, 117, 'Sinoro_Syndey_MDR Philhealth14.pdf', 'MDR Philhealth'),
(369, 117, 'Sinoro_Syndey_Medical Result15.pdf', 'Medical Result'),
(370, 117, 'Sinoro_Syndey_NBI Clearance16.pdf', 'NBI Clearance'),
(371, 148, 'Tanan_Hennelen_Application for Employment1.pdf', 'Application for Employment'),
(372, 148, 'Tanan_Hennelen_Birth Certificate2.pdf', 'Birth Certificate'),
(373, 148, 'Tanan_Hennelen_Cedula3.pdf', 'Cedula'),
(374, 148, 'Tanan_Hennelen_Exam Results4.pdf', 'Exam Results'),
(375, 148, 'Tanan_Hennelen_IDs5.pdf', 'IDs'),
(376, 148, 'Tanan_Hennelen_MDF Pag-ibig6.pdf', 'MDF Pag-ibig'),
(377, 148, 'Tanan_Hennelen_MDR Philhealth7.pdf', 'MDR Philhealth'),
(378, 148, 'Tanan_Hennelen_NBI Clearance8.pdf', 'NBI Clearance'),
(379, 148, 'Tanan_Hennelen_E1-SSS9.pdf', 'E1-SSS'),
(380, 148, 'Tanan_Hennelen_Transcript of Record10.pdf', 'Transcript of Record'),
(381, 118, 'Tabilla_Marianita_Acknowledgement Employees Handbook1.pdf', 'Acknowledgement Employees Handbook'),
(382, 118, 'Tabilla_Marianita_Application  for Employment2.pdf', 'Application  for Employment'),
(383, 118, 'Tabilla_Marianita_ATM Application-UCPB3.pdf', 'ATM Application-UCPB'),
(384, 118, 'Tabilla_Marianita_BIR 23164.pdf', 'BIR 2316'),
(385, 118, 'Tabilla_Marianita_Birth Certificate5.pdf', 'Birth Certificate'),
(386, 118, 'Tabilla_Marianita_Confirmation of Regularization6.pdf', 'Confirmation of Regularization'),
(387, 118, 'Tabilla_Marianita_Diploma7.pdf', 'Diploma'),
(388, 118, 'Tabilla_Marianita_Employment Amendment Form April 20188.pdf', 'Employment Amendment Form April 2018'),
(389, 118, 'Tabilla_Marianita_Employment Contract9.pdf', 'Employment Contract'),
(390, 118, 'Tabilla_Marianita_Exam Results10.pdf', 'Exam Results'),
(391, 118, 'Tabilla_Marianita_Marriage Certificate11.pdf', 'Marriage Certificate'),
(392, 118, 'Tabilla_Marianita_NBI Clearance12.pdf', 'NBI Clearance'),
(393, 121, 'Tan_Teresa_Disclosure SSS Statement Loan4.pdf', 'Disclosure SSS Statement Loan'),
(394, 121, 'Tan_Teresa_Employee Amendment Form April 20185.pdf', 'Employee Amendment Form April 2018'),
(395, 121, 'Tan_Teresa_Employees Profile6.pdf', 'Employees Profile'),
(396, 121, 'Tan_Teresa_IDs7.pdf', 'IDs'),
(397, 121, 'Tan_Teresa_MDR Philhealth8.pdf', 'MDR Philhealth'),
(398, 121, 'Tan_Teresa_Medical Result9.pdf', 'Medical Result'),
(399, 121, 'Tan_Teresa_Notice to explain- No record in biometric10.pdf', 'Notice to explain- No record in biometric'),
(400, 121, 'Tan_Teresa_Notice to explain-Tardiness Jan 201711.pdf', 'Notice to explain-Tardiness Jan 2017'),
(401, 121, 'Tan_Teresa_Notice to explain-- Failed to Notify Immediate Supervisor on absent12.pdf', 'Notice to explain-- Failed to Notify Immediate Supervisor on absent'),
(402, 121, 'Tan_Teresa_Moreta Shipping Lines-Notice to explain-Missing  pressure regulating valve13.pdf', 'Notice to explain-Missing  pressure regulating valve'),
(403, 121, 'Tan_Teresa_Pag-ibig Contribution Verification14.pdf', 'Pag-ibig Contribution Verification'),
(404, 121, 'Tan_Teresa_Employee Amendment Form Aug 201615.pdf', 'Employee Amendment Form Aug 2016'),
(405, 121, 'Tan_Teresa_Salary Adjustment June 201716.pdf', 'Salary Adjustment June 2017'),
(406, 121, 'Tan_Teresa_Salary Adjustment March 201617.pdf', 'Salary Adjustment March 2016'),
(407, 121, 'Tan_Teresa_Salary Adjustment Nov 201518.pdf', 'Salary Adjustment Nov 2015'),
(408, 119, 'Tagalog_Krystal Gayle_Application for Employment1.pdf', 'Application for Employment'),
(409, 119, 'Tagalog_Krystal Gayle_Birth Certificate2.pdf', 'Birth Certificate'),
(410, 119, 'Tagalog_Krystal Gayle_Birth Certificate of Dependents3.pdf', 'Birth Certificate of Dependents'),
(411, 119, 'Tagalog_Krystal Gayle_Confirmation of Regularization4.pdf', 'Confirmation of Regularization'),
(412, 119, 'Tagalog_Krystal Gayle_Diploma5.pdf', 'Diploma'),
(413, 119, 'Tagalog_Krystal Gayle_E1-SSS6.pdf', 'E1-SSS'),
(414, 119, 'Tagalog_Krystal Gayle_Exam Results7.docx', 'Employment Amendment Form June 2018'),
(415, 119, 'Tagalog_Krystal Gayle_Exam Results8.pdf', 'Exam Results'),
(416, 119, 'Tagalog_Krystal Gayle_IDs9.pdf', 'IDs'),
(417, 119, 'Tagalog_Krystal Gayle_MDR Philhealth10.pdf', 'MDR Philhealth'),
(418, 49, 'Ortega_Andro_Application for Employment1.pdf', 'Application for Employment'),
(420, 119, 'Tagalog_Krystal Gayle_Medical Results12.pdf', 'Medical Results'),
(421, 119, 'Tagalog_Krystal Gayle_NBI Clearance13.pdf', 'NBI Clearance'),
(422, 149, 'Sia_Henry_Application for Employment1.pdf', 'Application for Employment'),
(423, 149, 'Sia_Henry_bir income payees sworn declation of gross receipt2.pdf', 'bir income payees sworn declation of gross receipt'),
(424, 149, 'Sia_Henry_Cedula3.pdf', 'Cedula'),
(425, 123, 'Villas_Dary Mae_Application for Employment1.pdf', 'Application for Employment'),
(426, 123, 'Villas_Dary Mae_Birth Certificate2.pdf', 'Birth Certificate'),
(427, 123, 'Villas_Dary Mae_Marriage Certificate3.pdf', 'Marriage Certificate'),
(428, 123, 'Villas_Dary Mae_Confirmation of Regularization4.pdf', 'Confirmation of Regularization'),
(429, 123, 'Villas_Dary Mae_Diploma5.pdf', 'Diploma'),
(430, 123, 'Villas_Dary Mae_E1 SSS6.pdf', 'E1 SSS'),
(431, 123, 'Villas_Dary Mae_Employment Contract7.pdf', 'Employment Contract'),
(432, 123, 'Villas_Dary Mae_Exam Result8.pdf', 'Exam Result'),
(433, 123, 'Villas_Dary Mae_SSS - E19.pdf', 'SSS - E1'),
(434, 123, 'Villas_Dary Mae_IDs10.pdf', 'IDs'),
(435, 123, 'Villas_Dary Mae_Transcript of Records11.pdf', 'Transcript of Records'),
(436, 51, 'Arana_Ma. Milagros_Confirmation of Regularization1.pdf', 'Confirmation of Regularization'),
(437, 51, 'Arana_Ma. Milagros_Diploma2.pdf', 'Diploma'),
(438, 51, 'Arana_Ma. Milagros_Employment Amendment for Aug 20163.pdf', 'Employment Amendment for Aug 2016'),
(439, 51, 'Arana_Ma. Milagros_IDs4.pdf', 'IDs'),
(440, 51, 'Arana_Ma. Milagros_MDR Philhealth5.pdf', 'MDR Philhealth'),
(441, 51, 'Arana_Ma. Milagros_Medical Result6.pdf', 'Medical Result'),
(442, 51, 'Arana_Ma. Milagros_Promotion with Salary Adjustment7.pdf', 'Promotion with Salary Adjustment'),
(443, 51, 'Arana_Ma. Milagros_PRC-Board of Rating8.pdf', 'PRC-Board of Rating'),
(444, 51, 'Arana_Ma. Milagros_Probationary Employment Contract9.pdf', 'Probationary Employment Contract'),
(446, 51, 'Arana_Ma. Milagros_Recommendation letter-Bago City Office of the Mayor10.pdf', 'Recommendation letter-Bago City Office of the Mayor'),
(447, 51, 'Arana_Ma. Milagros_Transcript of Record11.pdf', 'Transcript of Record'),
(448, 51, 'Arana_Ma. Milagros_Training Report Form12.pdf', 'Training Report Form'),
(449, 150, 'Aizpuro_Ivy Mae_Application for Employment1.pdf', 'Application for Employment'),
(450, 150, 'Aizpuro_Ivy Mae_BIR 23162.pdf', 'BIR 2316'),
(451, 150, 'Aizpuro_Ivy Mae_Cedula3.pdf', 'Cedula'),
(452, 150, 'Aizpuro_Ivy Mae_Certificate of Employment-Convergys4.pdf', 'Certificate of Employment-Convergys'),
(453, 150, 'Aizpuro_Ivy Mae_Diploma5.pdf', 'Diploma'),
(454, 150, 'Aizpuro_Ivy Mae_Exam Results6.pdf', 'Exam Results'),
(455, 150, 'Aizpuro_Ivy Mae_ID''s7.pdf', 'ID''s'),
(456, 150, 'Aizpuro_Ivy Mae_MDR Philhealth8.pdf', 'MDR Philhealth'),
(457, 150, 'Aizpuro_Ivy Mae_NBI Clearance9.pdf', 'NBI Clearance'),
(458, 150, 'Aizpuro_Ivy Mae_SSS Number10.pdf', 'SSS Number'),
(459, 2, 'Arsenio_Rhea_Application for Employment1.pdf', 'Application for Employment'),
(460, 2, 'Arsenio_Rhea_Birth Certificate2.pdf', 'Birth Certificate'),
(461, 2, 'Arsenio_Rhea_Certificate of Employment-DAR3.pdf', 'Certificate of Employment-DAR'),
(462, 2, 'Arsenio_Rhea_Confirmation of Regularization4.pdf', 'Confirmation of Regularization'),
(463, 2, 'Arsenio_Rhea_Employment Contract5.pdf', 'Employment Contract'),
(464, 2, 'Arsenio_Rhea_Exam Results6.pdf', 'Exam Results'),
(465, 2, 'Arsenio_Rhea_Medical Reults7.pdf', 'Medical Reults'),
(466, 2, 'Arsenio_Rhea_NBI Clearance8.pdf', 'NBI Clearance'),
(467, 2, 'Arsenio_Rhea_Police Clerance9.pdf', 'Police Clerance'),
(468, 85, 'Benares_Jonah Faye_Application for Employment1.pdf', 'Application for Employment'),
(469, 85, 'Benares_Jonah Faye_Birth Certificate-Dependents2.pdf', 'Birth Certificate-Dependents'),
(470, 85, 'Benares_Jonah Faye_Birth Certificate3.pdf', 'Birth Certificate'),
(471, 85, 'Benares_Jonah Faye_Brgy Clearance4.pdf', 'Brgy Clearance'),
(472, 85, 'Benares_Jonah Faye_Cedula5.pdf', 'Cedula'),
(473, 85, 'Benares_Jonah Faye_Certificate of Employment-Teletech6.pdf', 'Certificate of Employment-Teletech'),
(474, 85, 'Benares_Jonah Faye_Employment Amendment Form July 20187.pdf', 'Employment Amendment Form July 2018'),
(475, 85, 'Benares_Jonah Faye_Exam Results8.pdf', 'Exam Results'),
(476, 85, 'Benares_Jonah Faye_IDs9.pdf', 'IDs'),
(478, 85, 'Benares_Jonah Faye_Marriage Certificate10.pdf', 'Marriage Certificate'),
(481, 151, 'Bias_Kervic_Application for Employment1.pdf', 'Application for Employment'),
(482, 151, 'Bias_Kervic_Apology Letter2.pdf', 'Apology Letter'),
(483, 151, 'Bias_Kervic_Birth Certificate3.pdf', 'Birth Certificate'),
(484, 151, 'Bias_Kervic_Confirmation of Regularization-SG4.pdf', 'Confirmation of Regularization-SG'),
(485, 151, 'Bias_Kervic_Diploma5.pdf', 'Diploma'),
(486, 151, 'Bias_Kervic_E1-SSS6.pdf', 'E1-SSS'),
(487, 151, 'Bias_Kervic_Employment Amendment Form April 20187.pdf', 'Employment Amendment Form April 2018'),
(488, 151, 'Bias_Kervic_Employment Amendment Form Feb 20188.pdf', 'Employment Amendment Form Feb 2018'),
(489, 151, 'Bias_Kervic_Exam Results9.pdf', 'Exam Results'),
(490, 151, 'Bias_Kervic_IDs10.pdf', 'IDs'),
(491, 151, 'Bias_Kervic_MDF Pag-ibig11.pdf', 'MDF Pag-ibig'),
(492, 151, 'Bias_Kervic_MDR Philhealth12.pdf', 'MDR Philhealth'),
(493, 151, 'Bias_Kervic_MPL Pag-ibig13.pdf', 'MPL Pag-ibig'),
(494, 151, 'Bias_Kervic_Probationary Employment Contract14.pdf', 'Probationary Employment Contract'),
(495, 151, 'Bias_Kervic_TIN Confirmation15.pdf', 'TIN Confirmation'),
(496, 151, 'Bias_Kervic_Transcript of Record16.pdf', 'Transcript of Record'),
(497, 87, 'Calibjo_Joemarie_Birth Certificate1.pdf', 'Birth Certificate'),
(498, 87, 'Calibjo_Joemarie_Birth Certificate-Dependents2.pdf', 'Birth Certificate-Dependents'),
(499, 87, 'Calibjo_Joemarie_Confirmation of Regularization3.pdf', 'Confirmation of Regularization'),
(500, 87, 'Calibjo_Joemarie_Employee Amendment Form April 20184.pdf', 'Employee Amendment Form April 2018'),
(501, 87, 'Calibjo_Joemarie_IDs5.pdf', 'IDs'),
(502, 87, 'Calibjo_Joemarie_Marriage Certificate6.pdf', 'Marriage Certificate'),
(503, 2, 'Arsenio_Rhea_Training Application Form10.pdf', 'Training Application Form'),
(504, 152, 'Bacong_Ladi Joy_Application for Employment1.pdf', 'Application for Employment'),
(505, 152, 'Bacong_Ladi Joy_Birth Certificate2.pdf', 'Birth Certificate'),
(506, 152, 'Bacong_Ladi Joy_Confirmation of Regularization-SG3.pdf', 'Confirmation of Regularization-SG'),
(507, 152, 'Bacong_Ladi Joy_Diploma4.pdf', 'Diploma'),
(508, 152, 'Bacong_Ladi Joy_Employment Amendment Form March 20195.pdf', 'Employment Amendment Form March 2019'),
(509, 152, 'Bacong_Ladi Joy_Exam Results6.pdf', 'Exam Results'),
(510, 152, 'Bacong_Ladi Joy_ID''s7.pdf', 'ID''s'),
(511, 152, 'Bacong_Ladi Joy_Pag-ibig No.8.pdf', 'Pag-ibig No.'),
(514, 86, 'Cabaylo_Maylen_Application for Employment1.pdf', 'Application for Employment'),
(515, 86, 'Cabaylo_Maylen_Birth Certificate-Dependents2.pdf', 'Birth Certificate-Dependents'),
(517, 86, 'Cabaylo_Maylen_Birth Certificate3.pdf', 'Birth Certificate'),
(518, 86, 'Cabaylo_Maylen_Confirmation of Regularization4.pdf', 'Confirmation of Regularization'),
(519, 86, 'Cabaylo_Maylen_Death Certificate-Husband5.pdf', 'Death Certificate-Husband'),
(520, 86, 'Cabaylo_Maylen_Employment Amendment Form April 20186.pdf', 'Employment Amendment Form April 2018'),
(521, 86, 'Cabaylo_Maylen_Employment Amendment Form Aug 20167.pdf', 'Employment Amendment Form Aug 2016'),
(522, 89, 'Caballero_Angelika_Application for Employment1.pdf', 'Application for Employment'),
(523, 85, 'Benares_Jonah Faye_MDF Pag-ibig11.pdf', 'MDF Pag-ibig'),
(524, 89, 'Caballero_Angelika_BIR 19022.pdf', 'BIR 1902'),
(525, 89, 'Caballero_Angelika_Birth Certificate3.pdf', 'Birth Certificate'),
(526, 89, 'Caballero_Angelika_Brgy Clearance4.pdf', 'Brgy Clearance'),
(527, 89, 'Caballero_Angelika_Cedula5.pdf', 'Cedula'),
(528, 89, 'Caballero_Angelika_Confirmation of Regularization6.pdf', 'Confirmation of Regularization'),
(529, 89, 'Caballero_Angelika_E1 SSS7.pdf', 'E1 SSS'),
(530, 89, 'Caballero_Angelika_Employment Amendment Form July 20188.pdf', 'Employment Amendment Form July 2018'),
(531, 89, 'Caballero_Angelika_Employment Amendment Form 20179.pdf', 'Employment Amendment Form 2017'),
(532, 89, 'Caballero_Angelika_Exam Results10.pdf', 'Exam Results'),
(533, 89, 'Caballero_Angelika_ID11.pdf', 'ID'),
(534, 88, 'Carbaquil_Rey_Application for Employment1.pdf', 'Application for Employment'),
(535, 88, 'Carbaquil_Rey_Birth Certificate2.pdf', 'Birth Certificate'),
(536, 88, 'Carbaquil_Rey_Confirmation of Regularization3.pdf', 'Confirmation of Regularization'),
(537, 88, 'Carbaquil_Rey_Employment Amendment Form April 20184.pdf', 'Employment Amendment Form April 2018'),
(538, 88, 'Carbaquil_Rey_Ids5.pdf', 'Ids'),
(539, 88, 'Carbaquil_Rey_Letter (Pag-ibig Fund)6.pdf', 'Letter (Pag-ibig Fund)'),
(540, 88, 'Carbaquil_Rey_MDR Philhealth7.pdf', 'MDR Philhealth'),
(541, 88, 'Carbaquil_Rey_Medical Results8.pdf', 'Medical Results'),
(542, 88, 'Carbaquil_Rey_Probationary Employment Contract9.pdf', 'Probationary Employment Contract'),
(543, 133, 'Cesar_Cristy_Application for Employment1.pdf', 'Application for Employment'),
(544, 133, 'Cesar_Cristy_Birth Certificate2.pdf', 'Birth Certificate'),
(545, 133, 'Cesar_Cristy_Cedula3.pdf', 'Cedula'),
(546, 133, 'Cesar_Cristy_Contract Record-Philrice4.pdf', 'Contract Record-Philrice'),
(547, 133, 'Cesar_Cristy_Diploma5.pdf', 'Diploma'),
(548, 133, 'Cesar_Cristy_Exam Results6.pdf', 'Exam Results'),
(549, 133, 'Cesar_Cristy_IDs7.pdf', 'IDs'),
(550, 133, 'Cesar_Cristy_MDR Philhealth8.pdf', 'MDR Philhealth'),
(551, 133, 'Cesar_Cristy_Medical Certificate and Results9.pdf', 'Medical Certificate and Results'),
(552, 130, 'Cosico_Joana Marie_Confirmation of Regularization1.docx', 'Application for Employment'),
(553, 130, 'Cosico_Joana Marie_BIR 19022.pdf', 'BIR 1902'),
(554, 130, 'Cosico_Joana Marie_Birth Certificate3.pdf', 'Birth Certificate'),
(555, 130, 'Cosico_Joana Marie_Certificate of Employment-Calapan4.pdf', 'Certificate of Employment-Calapan'),
(556, 130, 'Cosico_Joana Marie_Confirmation of Regularization5.pdf', 'Confirmation of Regularization'),
(557, 92, 'De Los Santos_Joemar_Application for Employment1.pdf', 'Application for Employment'),
(558, 92, 'De Los Santos_Joemar_Confirmation of Regularization2.pdf', 'Confirmation of Regularization'),
(559, 92, 'De Los Santos_Joemar_Diploma3.pdf', 'Diploma'),
(560, 92, 'De Los Santos_Joemar_Employee Amendment Form April 20194.pdf', 'Employee Amendment Form April 2019'),
(561, 92, 'De Los Santos_Joemar_Exam Results5.pdf', 'Exam Results'),
(562, 92, 'De Los Santos_Joemar_IDs6.pdf', 'IDs'),
(563, 92, 'De Los Santos_Joemar_Probationary Employment Contract7.pdf', 'Probationary Employment Contract'),
(564, 92, 'De Los Santos_Joemar_Salary Adjustment June 20178.pdf', 'Salary Adjustment June 2017'),
(565, 92, 'De Los Santos_Joemar_Transcript of Record9.pdf', 'Transcript of Record'),
(566, 90, 'Danoy_Gretchen_Application for Employment1.pdf', 'Application for Employment'),
(567, 90, 'Danoy_Gretchen_BIR 23162.pdf', 'BIR 2316'),
(568, 90, 'Danoy_Gretchen_Confirmation of Regularization3.pdf', 'Confirmation of Regularization'),
(569, 90, 'Danoy_Gretchen_Employee Amendment Form April 20184.pdf', 'Employee Amendment Form April 2018'),
(570, 90, 'Danoy_Gretchen_Exam Results5.pdf', 'Exam Results'),
(571, 86, 'Cabaylo_Maylen_Employment Amendment Form March 20178.pdf', 'Employment Amendment Form March 2017'),
(572, 90, 'Danoy_Gretchen_IDs6.pdf', 'IDs'),
(573, 90, 'Danoy_Gretchen_Letter Pag-ibig7.pdf', 'Letter Pag-ibig'),
(574, 90, 'Danoy_Gretchen_Medical Results8.pdf', 'Medical Results'),
(575, 90, 'Danoy_Gretchen_Request for transfer of member''s records and loan details9.pdf', 'Request for transfer of member''s records and loan details'),
(576, 90, 'Danoy_Gretchen_Salary Adjustment Jan 201610.pdf', 'Salary Adjustment Jan 2016'),
(577, 90, 'Danoy_Gretchen_Salary Adjustment June 201511.pdf', 'Salary Adjustment June 2015'),
(578, 90, 'Danoy_Gretchen_Salary Adjustment June 201712.pdf', 'Salary Adjustment June 2017'),
(579, 90, 'Danoy_Gretchen_Transcript of Record13.pdf', 'Transcript of Record'),
(580, 91, 'Dato_Merry Michelle_Application for Employment1.pdf', 'Application for Employment'),
(581, 91, 'Dato_Merry Michelle_Asset Accountability Form2.pdf', 'Asset Accountability Form'),
(582, 91, 'Dato_Merry Michelle_MDF-Authorization Letter3.pdf', 'MDF-Authorization Letter'),
(583, 91, 'Dato_Merry Michelle_Confirmation of Regularization4.pdf', 'Confirmation of Regularization'),
(584, 91, 'Dato_Merry Michelle_Employee Amendment Form 20185.pdf', 'Employee Amendment Form 2018'),
(585, 91, 'Dato_Merry Michelle_IDs6.pdf', 'IDs'),
(586, 91, 'Dato_Merry Michelle_Probationary Employment Contract7.pdf', 'Probationary Employment Contract'),
(587, 91, 'Dato_Merry Michelle_Salary Adjustment Nov 20178.pdf', 'Salary Adjustment Nov 2017'),
(588, 93, 'Dujenio_Butch_Employment Amendment Form 20181.jpg', 'Employment Amendment Form 2018'),
(589, 93, 'Dujenio_Butch_Confirmation of Regularization2.docx', 'Confirmation of Regularization'),
(590, 93, 'Dujenio_Butch_Probationary Employment Contract3.docx', 'Probationary Employment Contract'),
(591, 93, 'Dujenio_Butch_Interview Assessment4.jpg', 'Interview Assessment'),
(592, 93, 'Dujenio_Butch_Exam Result5.docx', 'Exam Result'),
(593, 93, 'Dujenio_Butch_Pag ibig Fund - Ortigas MSB6.jpg', 'Pag ibig Fund - Ortigas MSB'),
(594, 93, 'Dujenio_Butch_SSS E1, TIN No. and Philhealth7.jpg', 'SSS E1, TIN No. and Philhealth'),
(595, 93, 'Dujenio_Butch_Cedula8.jpg', 'Cedula'),
(596, 93, 'Dujenio_Butch_NBI9.jpg', 'NBI'),
(597, 93, 'Dujenio_Butch_Barangay Clearance10.jpg', 'Barangay Clearance'),
(598, 93, 'Dujenio_Butch_Diploma11.jpg', 'Diploma'),
(599, 93, 'Dujenio_Butch_Transcript of Records12.docx', 'Transcript of Records'),
(600, 93, 'Dujenio_Butch_Thesis Writing Course  - LCC13.jpg', 'Thesis Writing Course  - LCC'),
(601, 94, 'Espera_Imelda_Application for Employment1.pdf', 'Application for Employment'),
(602, 94, 'Espera_Imelda_Confirmation of Regularization2.pdf', 'Confirmation of Regularization'),
(603, 94, 'Espera_Imelda_Employee Amendment Form Aug 20163.pdf', 'Employee Amendment Form Aug 2016'),
(604, 94, 'Espera_Imelda_Employee Amendment Form April 20184.pdf', 'Employee Amendment Form April 2018'),
(605, 94, 'Espera_Imelda_Medical Result5.pdf', 'Medical Result'),
(606, 94, 'Espera_Imelda_Probationary Contract6.pdf', 'Probationary Contract'),
(607, 94, 'Espera_Imelda_Salary Adjustment Feb 20167.pdf', 'Salary Adjustment Feb 2016'),
(608, 94, 'Espera_Imelda_Salary Adjustment June  20178.pdf', 'Salary Adjustment June  2017'),
(609, 94, 'Espera_Imelda_Salary Adjustment Nov 20159.pdf', 'Salary Adjustment Nov 2015'),
(610, 136, 'Febrio_Elaisa Jane_Diploma7.pdf', 'Diploma'),
(611, 136, 'Febrio_Elaisa Jane_E1 SSS8.pdf', 'E1 SSS'),
(612, 136, 'Febrio_Elaisa Jane_Employment Amendment Form July 20189.pdf', 'Employment Amendment Form July 2018'),
(613, 136, 'Febrio_Elaisa Jane_Exam Results10.pdf', 'Exam Results'),
(614, 136, 'Febrio_Elaisa Jane_IDs11.pdf', 'IDs'),
(615, 136, 'Febrio_Elaisa Jane_MDR Philhealth12.pdf', 'MDR Philhealth'),
(616, 136, 'Febrio_Elaisa Jane_Medical Results13.pdf', 'Medical Results'),
(617, 154, 'Gaudite_Rose Brenette_Application for Employment1.pdf', 'Application for Employment'),
(618, 154, 'Gaudite_Rose Brenette_BIR 06052.pdf', 'BIR 0605'),
(619, 154, 'Gaudite_Rose Brenette_Birth Certificate of Dependents3.pdf', 'Birth Certificate of Dependents'),
(620, 154, 'Gaudite_Rose Brenette_Birth Certificate4.pdf', 'Birth Certificate'),
(621, 154, 'Gaudite_Rose Brenette_Cedula5.pdf', 'Cedula'),
(622, 154, 'Gaudite_Rose Brenette_Diploma6.pdf', 'Diploma'),
(623, 154, 'Gaudite_Rose Brenette_Exam Results7.pdf', 'Exam Results'),
(624, 154, 'Gaudite_Rose Brenette_Marriage Certificate8.pdf', 'Marriage Certificate'),
(625, 154, 'Gaudite_Rose Brenette_Medical Result9.pdf', 'Medical Result'),
(626, 102, 'Flor_Jason_Application for Employment1.pdf', 'Application for Employment'),
(627, 102, 'Flor_Jason_Birth Certificate2.pdf', 'Birth Certificate'),
(628, 102, 'Flor_Jason_Carlos Hilado Memorial School letter for OJT3.pdf', 'Carlos Hilado Memorial School letter for OJT'),
(629, 102, 'Flor_Jason_Employment Amendment form July 20184.pdf', 'Employment Amendment form July 2018'),
(630, 102, 'Flor_Jason_Exam Results5.pdf', 'Exam Results'),
(631, 102, 'Flor_Jason_IDs6.pdf', 'IDs'),
(632, 102, 'Flor_Jason_MDF Pag-ibig7.pdf', 'MDF Pag-ibig'),
(633, 102, 'Flor_Jason_MDR Philhealth8.pdf', 'MDR Philhealth'),
(634, 102, 'Flor_Jason_Medical Results9.pdf', 'Medical Results'),
(635, 102, 'Flor_Jason_NBI Clearance10.pdf', 'NBI Clearance'),
(636, 102, 'Flor_Jason_Probationary Employment Contract11.pdf', 'Probationary Employment Contract'),
(637, 95, 'Gabales_Zara Joy_Acknowledgement-Handbook1.pdf', 'Acknowledgement-Handbook'),
(638, 95, 'Gabales_Zara Joy_Application  for Employment2.pdf', 'Application  for Employment'),
(639, 95, 'Gabales_Zara Joy_Birth Certificate3.pdf', 'Birth Certificate'),
(641, 95, 'Gabales_Zara Joy_Birth Certificate-Dependents4.pdf', 'Birth Certificate-Dependents'),
(642, 95, 'Gabales_Zara Joy_certificate of employment Philippine Diversified Developers Corp5.pdf', 'certificate of employment Philippine Diversified Developers Corp'),
(643, 95, 'Gabales_Zara Joy_Civil Service Eligibilty6.pdf', 'Civil Service Eligibilty'),
(644, 97, 'Grabillo_Celina Marie_Application for Employment1.pdf', 'Application for Employment'),
(645, 97, 'Grabillo_Celina Marie_Birth Certificate2.pdf', 'Birth Certificate'),
(646, 97, 'Grabillo_Celina Marie_Cedula3.pdf', 'Cedula'),
(647, 97, 'Grabillo_Celina Marie_Salary Adjustment 20174.pdf', 'Salary Adjustment 2017'),
(648, 97, 'Grabillo_Celina Marie_Salary Adjustment 20165.docx', 'Confirmation of Regularization'),
(649, 97, 'Grabillo_Celina Marie_Diploma6.pdf', 'Diploma'),
(650, 97, 'Grabillo_Celina Marie_E1-SSS7.pdf', 'E1-SSS'),
(651, 97, 'Grabillo_Celina Marie_Employment Ammendment Form 20188.pdf', 'Employment Ammendment Form 2018'),
(652, 97, 'Grabillo_Celina Marie_Employment Contract9.pdf', 'Employment Contract'),
(653, 97, 'Grabillo_Celina Marie_IDs10.pdf', 'IDs'),
(654, 97, 'Grabillo_Celina Marie_MDR-Philhealth11.pdf', 'MDR-Philhealth'),
(655, 97, 'Grabillo_Celina Marie_Police Clearance12.pdf', 'Police Clearance'),
(656, 97, 'Grabillo_Celina Marie_Salary Adjustment Jan & March & July 201613.pdf', 'Salary Adjustment Jan & March & July 2016'),
(657, 97, 'Grabillo_Celina Marie_Salary Adjustment 201714.pdf', 'Salary Adjustment 2017'),
(658, 97, 'Grabillo_Celina Marie_Exam Result15.pdf', 'Exam Result'),
(659, 99, 'Jo_Caesariane_Application for Employment1.pdf', 'Application for Employment'),
(660, 99, 'Jo_Caesariane_Brgy Clearance2.pdf', 'Brgy Clearance'),
(661, 99, 'Jo_Caesariane_Certificate of Employment3.pdf', 'Certificate of Employment'),
(662, 99, 'Jo_Caesariane_Cedula4.pdf', 'Cedula'),
(663, 99, 'Jo_Caesariane_Transcript of Records - TUP5.pdf', 'Transcript of Records - TUP'),
(664, 99, 'Jo_Caesariane_Diploma6.pdf', 'Diploma'),
(665, 99, 'Jo_Caesariane_IDs7.pdf', 'IDs'),
(666, 99, 'Jo_Caesariane_MDR-Philhealth8.pdf', 'MDR-Philhealth'),
(667, 99, 'Jo_Caesariane_Medical Certificate9.pdf', 'Medical Certificate'),
(668, 99, 'Jo_Caesariane_Birth Certificate10.pdf', 'Birth Certificate'),
(669, 99, 'Jo_Caesariane_Birth Certificate Dependent11.pdf', 'Birth Certificate Dependent'),
(670, 99, 'Jo_Caesariane_Probationary Contract12.pdf', 'Probationary Contract'),
(671, 99, 'Jo_Caesariane_Exam result13.pdf', 'Exam result'),
(672, 104, 'Lacambra_Annavi_Application for Employment1.pdf', 'Application for Employment'),
(673, 104, 'Lacambra_Annavi_Changed of Designation2.pdf', 'Changed of Designation'),
(674, 104, 'Lacambra_Annavi_IDs3.pdf', 'IDs'),
(675, 104, 'Lacambra_Annavi_MDF (Pag-ibig)4.pdf', 'MDF (Pag-ibig)'),
(676, 104, 'Lacambra_Annavi_MDR (Philhealth)5.pdf', 'MDR (Philhealth)'),
(677, 104, 'Lacambra_Annavi_Probationary Contract6.pdf', 'Probationary Contract'),
(678, 104, 'Lacambra_Annavi_Confirmation of Regularization7.pdf', 'Confirmation of Regularization'),
(679, 104, 'Lacambra_Annavi_Exam Result8.pdf', 'Exam Result'),
(680, 104, 'Lacambra_Annavi_Transcript of Record9.pdf', 'Transcript of Record'),
(681, 155, 'Leonardia_Carlos Antonio_Marriage Certificate1.pdf', 'Marriage Certificate'),
(682, 155, 'Leonardia_Carlos Antonio_Application letter2.pdf', 'Application  for Employment'),
(683, 132, 'Medina_Fara Jean_Confirmation of Regularization1.docx', 'Confirmation of Regularization'),
(684, 132, 'Medina_Fara Jean_Employment Contract2.docx', 'Employment Contract'),
(685, 132, 'Medina_Fara Jean_Philhealth - MDR3.jpg', 'Philhealth - MDR');
INSERT INTO `other_files` (`other_id`, `personal_id`, `other_file`, `other_name`) VALUES
(686, 132, 'Medina_Fara Jean_BIR - 23164.jpg', 'BIR - 2316'),
(687, 132, 'Medina_Fara Jean_IDs Photocopy5.jpg', 'IDs Photocopy'),
(688, 132, 'Medina_Fara Jean_Medical Result6.docx', 'Medical Result'),
(690, 132, 'Medina_Fara Jean_Pag ibig Loyalty Card Application7.jpg', 'Pag ibig Loyalty Card Application'),
(691, 132, 'Medina_Fara Jean_SSS Actual Contribution8.docx', 'SSS Actual Contribution'),
(692, 132, 'Medina_Fara Jean_BIR - 19059.jpg', 'BIR - 1905'),
(693, 132, 'Medina_Fara Jean_NBI10.jpg', 'NBI'),
(694, 105, 'Nillos_Lester_Employment Amendment Form1.jpg', 'Employment Amendment Form 2018'),
(695, 105, 'Nillos_Lester_Regularization Contract - Shoppersguide2.docx', 'Regularization Contract - Shoppersguide'),
(696, 105, 'Nillos_Lester_Training Agreement3.docx', 'Training Agreement'),
(697, 105, 'Nillos_Lester_Probationary Contract4.docx', 'Probationary Contract'),
(698, 105, 'Nillos_Lester_Exam Result5.docx', 'Exam Result'),
(699, 107, 'Oquiana_Ma. Erika_Salary Adjustment July 201513.pdf', 'Salary Adjustment July 2015'),
(700, 107, 'Oquiana_Ma. Erika_Salary Adjustment July 201614.pdf', 'Salary Adjustment July 2016'),
(701, 107, 'Oquiana_Ma. Erika_Salary Adjustment June 201715.pdf', 'Salary Adjustment June 2017'),
(702, 107, 'Oquiana_Ma. Erika_Salary Adjustment March 201616.pdf', 'Salary Adjustment March 2016'),
(703, 122, 'Sarroza_Rosemarie_MDR Philhealth10.pdf', 'MDR Philhealth'),
(704, 122, 'Sarroza_Rosemarie_Medical Results11.pdf', 'Medical Results'),
(705, 110, 'Ramirez_Cresilda_IDs11.pdf', 'IDs'),
(706, 110, 'Ramirez_Cresilda_MDF Pag-ibig12.pdf', 'MDF Pag-ibig'),
(707, 118, 'Tabilla_Marianita_Philhealth13.pdf', 'Philhealth'),
(708, 168, 'Toledo_Glenn Paul_Test Result1.pdf', 'Test Result'),
(709, 168, 'Toledo_Glenn Paul_Training Agreement2.pdf', 'Training Agreement'),
(710, 168, 'Toledo_Glenn Paul_Test 3.pdf', 'Test '),
(711, 168, 'Toledo_Glenn Paul_Application Letter4.pdf', 'Application Letter'),
(712, 168, 'Toledo_Glenn Paul_Application for Employment5.pdf', 'Application for Employment'),
(713, 167, 'Francisco_Prency_Application for employment1.pdf', 'Application for Employment'),
(714, 167, 'Francisco_Prency_Test result2.pdf', 'Test Result'),
(715, 167, 'Francisco_Prency_training agreement3.pdf', 'Training Agreement'),
(716, 167, 'Francisco_Prency_test4.pdf', 'test'),
(717, 169, 'Ricarse_Rowena_23161.pdf', '2316'),
(718, 169, 'Ricarse_Rowena_certificate of marriage2.pdf', 'certificate of marriage'),
(719, 169, 'Ricarse_Rowena_diploma3.pdf', 'diploma'),
(720, 169, 'Ricarse_Rowena_ID4.pdf', 'ID'),
(721, 169, 'Ricarse_Rowena_Live Birth5.pdf', 'Live Birth'),
(722, 169, 'Ricarse_Rowena_NBI6.pdf', 'NBI'),
(723, 169, 'Ricarse_Rowena_test result7.pdf', 'Exam Result'),
(724, 169, 'Ricarse_Rowena_Test8.pdf', 'Exam Paper'),
(726, 152, 'Bacong_Ladi Joy_SSS No.9.pdf', 'SSS No.'),
(727, 152, 'Bacong_Ladi Joy_Training Agreement-SG10.pdf', 'Training Agreement-SG'),
(728, 152, 'Bacong_Ladi Joy_Transcript of Record11.pdf', 'Transcript of Record'),
(729, 87, 'Calibjo_Joemarie_Medical Results7.pdf', 'Medical Results'),
(730, 87, 'Calibjo_Joemarie_Salary Adjustment Feb 20168.pdf', 'Salary Adjustment Feb 2016'),
(731, 88, 'Carbaquil_Rey_Salary Adjustment Feb 201610.pdf', 'Salary Adjustment Feb 2016'),
(732, 85, 'Benares_Jonah Faye_MDR Philhealth12.pdf', 'MDR Philhealth'),
(733, 85, 'Benares_Jonah Faye_Probationary Employment Contract13.pdf', 'Probationary Employment Contract'),
(734, 0, '__Asset/Equipment Agreement1.pdf', 'Asset/Equipment Agreement'),
(735, 0, '__Application for Employment2.pdf', 'Application for Employment'),
(736, 0, '__Confirmation of Regularization3.pdf', 'Confirmation of Regularization'),
(737, 0, '__Philhealth4.pdf', 'Philhealth'),
(738, 126, 'Bandong_Maria Farah Adela_Application for Employment1.pdf', 'Application for Employment'),
(739, 126, 'Bandong_Maria Farah Adela_Asset Agreement2.pdf', 'Asset/Equipment Agreement'),
(740, 126, 'Bandong_Maria Farah Adela_Confirmation of Regularization3.pdf', 'Confirmation of Regularization'),
(741, 126, 'Bandong_Maria Farah Adela_Lab test Results4.pdf', 'Lab test Results'),
(742, 126, 'Bandong_Maria Farah Adela_IDs5.pdf', 'IDs'),
(743, 126, 'Bandong_Maria Farah Adela_Pag-ibig Loyalty card6.pdf', 'Pag-ibig Loyalty card'),
(744, 126, 'Bandong_Maria Farah Adela_Philhealth-MDR7.pdf', 'Philhealth-MDR'),
(745, 126, 'Bandong_Maria Farah Adela_Transcript of Record8.pdf', 'Transcript of Record'),
(746, 53, 'Panes_Joselito_Employment Amendment Form 20161.pdf', 'Employment Amendment Form 2016'),
(747, 53, 'Panes_Joselito_Salary Adjustment 20172.pdf', 'Salary Adjustment 2017'),
(748, 53, 'Panes_Joselito_Certificate of Employment3.pdf', 'Certificate of Employment'),
(749, 53, 'Panes_Joselito_Birth Certificate4.pdf', 'Birth Certificate'),
(750, 53, 'Panes_Joselito_Regularization Contract5.pdf', 'Regularization Contract'),
(751, 37, 'Lovico_Gino_Employment Amendment Form 0720181.pdf', 'Employment Amendment Form 072018'),
(752, 37, 'Lovico_Gino_Probationary Contract 2.pdf', 'Probationary Contract '),
(753, 37, 'Lovico_Gino_Regularization Contract3.pdf', 'Regularization Contract'),
(754, 37, 'Lovico_Gino_Salary Adjustments4.pdf', 'Salary Adjustments'),
(755, 37, 'Lovico_Gino_SSS5.pdf', 'SSS'),
(756, 11, 'Liao_Roan Renz_Application for Employment Form1.pdf', 'Application for Employment Form'),
(757, 11, 'Liao_Roan Renz_NSO Birth Certificate2.pdf', 'NSO Birth Certificate'),
(758, 11, 'Liao_Roan Renz_CTC 20173.pdf', 'CTC 2017'),
(759, 11, 'Liao_Roan Renz_Diploma4.pdf', 'Diploma'),
(760, 11, 'Liao_Roan Renz_Employment Amendment Form (Probationary)5.pdf', 'Employment Amendment Form (Probationary)'),
(761, 11, 'Liao_Roan Renz_Employment Amendment Form (Regular)6.pdf', 'Employment Amendment Form (Regular)'),
(762, 11, 'Liao_Roan Renz_Pag-Ibig MDF 7.pdf', 'Pag-Ibig MDF '),
(763, 11, 'Liao_Roan Renz_Medical Record8.pdf', 'Medical Record'),
(764, 11, 'Liao_Roan Renz_NBI9.pdf', 'NBI'),
(765, 11, 'Liao_Roan Renz_PhilHealth MDR10.pdf', 'PhilHealth MDR'),
(766, 11, 'Liao_Roan Renz_Probationary Contract11.pdf', 'Probationary Contract'),
(767, 11, 'Liao_Roan Renz_Regularization Contract12.pdf', 'Regularization Contract'),
(768, 11, 'Liao_Roan Renz_Transcript of Record13.pdf', 'Transcript of Record'),
(769, 76, 'Sixto_Iris_Accountability Form1.pdf', 'Accountability Form'),
(770, 76, 'Sixto_Iris_Medical Record2.pdf', 'Medical Record'),
(771, 76, 'Sixto_Iris_NSO Birth Dependents3.pdf', 'NSO Birth Dependents'),
(772, 76, 'Sixto_Iris_PhilHealth ID4.pdf', 'PhilHealth ID'),
(773, 76, 'Sixto_Iris_PhilHealth MDR5.pdf', 'PhilHealth MDR'),
(774, 76, 'Sixto_Iris_Police Clearance6.pdf', 'Police Clearance'),
(775, 76, 'Sixto_Iris_Probationary Contract7.pdf', 'Probationary Contract'),
(776, 76, 'Sixto_Iris_Regularization Contract8.pdf', 'Regularization Contract'),
(777, 76, 'Sixto_Iris_SSS E19.pdf', 'SSS E1'),
(778, 76, 'Sixto_Iris_Voters ID10.pdf', 'Voter''s ID'),
(779, 86, 'Cabaylo_Maylen_Exam Results9.pdf', 'Exam Results'),
(780, 86, 'Cabaylo_Maylen_HDMF Letter10.pdf', 'HDMF Letter'),
(781, 86, 'Cabaylo_Maylen_IDs11.pdf', 'IDs'),
(782, 86, 'Cabaylo_Maylen_Marriage Certificate12.pdf', 'Marriage Certificate'),
(783, 86, 'Cabaylo_Maylen_MDR Philhealth13.pdf', 'MDR Philhealth'),
(784, 86, 'Cabaylo_Maylen_Medical Results14.pdf', 'Medical Results'),
(785, 86, 'Cabaylo_Maylen_Salary Adjustment June 201815.pdf', 'Salary Adjustment June 2018'),
(786, 86, 'Cabaylo_Maylen_Salary Adjustment March 201616.pdf', 'Salary Adjustment March 2016'),
(787, 89, 'Caballero_Angelika_MDR Philhealth12.pdf', 'MDR Philhealth'),
(788, 89, 'Caballero_Angelika_Pre-Regularization Interview13.pdf', 'Pre-Regularization Interview'),
(789, 89, 'Caballero_Angelika_Probationary Employment Contract14.pdf', 'Probationary Employment Contract'),
(790, 89, 'Caballero_Angelika_Request to changed Sched15.pdf', 'Request to changed Sched'),
(791, 89, 'Caballero_Angelika_Transcript of Record16.pdf', 'Transcript of Record'),
(792, 89, 'Caballero_Angelika_Transmittal Cocolife17.pdf', 'Transmittal Cocolife'),
(794, 133, 'Cesar_Cristy_NBI10.pdf', 'NBI'),
(795, 133, 'Cesar_Cristy_Probationary Employment Contract11.pdf', 'Probationary Employment Contract'),
(796, 130, 'Cosico_Joana Marie_MDF Pag-ibig6.pdf', 'MDF Pag-ibig'),
(797, 130, 'Cosico_Joana Marie_MDR Philhealth7.pdf', 'MDR Philhealth'),
(798, 130, 'Cosico_Joana Marie_Medical Results8.pdf', 'Medical Results'),
(801, 92, 'De Los Santos_Joemar_Training Application Form10.pdf', 'Training Application Form'),
(803, 136, 'Febrio_Elaisa Jane_Police Clearance14.pdf', 'Police Clearance'),
(804, 136, 'Febrio_Elaisa Jane_Transcript of Record15.pdf', 'Transcript of Record'),
(805, 102, 'Flor_Jason_SSS slip12.pdf', 'SSS slip'),
(806, 95, 'Gabales_Zara Joy_Confirmation of Regularization7.pdf', 'Confirmation of Regularization'),
(807, 95, 'Gabales_Zara Joy_Employee Amendment Form 20188.pdf', 'Employee Amendment Form 2018'),
(808, 95, 'Gabales_Zara Joy_Employment Contract9.pdf', 'Employment Contract'),
(809, 95, 'Gabales_Zara Joy_Exam Result10.pdf', 'Exam Result'),
(810, 95, 'Gabales_Zara Joy_IDs11.pdf', 'IDs'),
(811, 144, 'Alejandro_John Ezequiel_MDR Philhealth5.pdf', 'MDR Philhealth'),
(812, 58, 'Purisima_Mario Dante_Application for Employment1.pdf', 'Application for Employment'),
(813, 58, 'Purisima_Mario Dante_Diploma2.pdf', 'Diploma'),
(814, 58, 'Purisima_Mario Dante_Medical Record3.pdf', 'Medical Record'),
(815, 58, 'Purisima_Mario Dante_NSO Birth Certificate4.pdf', 'NSO Birth Certificate'),
(816, 58, 'Purisima_Mario Dante_NSO Birth Certificate Dependents5.pdf', 'NSO Birth Certificate Dependents'),
(817, 58, 'Purisima_Mario Dante_PhilHealth ID6.pdf', 'PhilHealth ID'),
(818, 58, 'Purisima_Mario Dante_Probationary Contract7.pdf', 'Probationary Contract'),
(819, 58, 'Purisima_Mario Dante_Regularization Contract8.pdf', 'Regularization Contract'),
(820, 58, 'Purisima_Mario Dante_Salary Adjustment 9.pdf', 'Salary Adjustment '),
(821, 58, 'Purisima_Mario Dante_SSS ID10.pdf', 'SSS ID'),
(822, 58, 'Purisima_Mario Dante_Transcript of Records11.pdf', 'Transcript of Records'),
(823, 58, 'Purisima_Mario Dante_Employment Amendment Form 201712.pdf', 'Employment Amendment Form 2017'),
(824, 58, 'Purisima_Mario Dante_Employment Amendment Form 201813.pdf', 'Employment Amendment Form 2018'),
(825, 38, 'Madeja _Ricky _Employment Amendment Form 2017 1.pdf', 'Employment Amendment Form 2017 '),
(826, 38, 'Madeja _Ricky _Regularization Contract2.pdf', 'Regularization Contract'),
(827, 38, 'Madeja _Ricky _Salary Adjustment3.pdf', 'Salary Adjustment'),
(828, 38, 'Madeja _Ricky _Training Application4.pdf', 'Training Application'),
(829, 38, 'Madeja _Ricky _Application for Employment5.pdf', 'Application for Employment'),
(830, 38, 'Madeja _Ricky _Employment Amendment Form 20186.pdf', 'Employment Amendment Form 2018'),
(831, 47, 'Montero_Francis_Application For Employment1.pdf', 'Application For Employment'),
(832, 47, 'Montero_Francis_Employment Amendment Form 20162.pdf', 'Employment Amendment Form 2016'),
(833, 47, 'Montero_Francis_Employment Amendment Form 20173.pdf', 'Employment Amendment Form 2018'),
(834, 47, 'Montero_Francis_Regularization Contract4.pdf', 'Regularization Contract'),
(835, 47, 'Montero_Francis_Salary Adjustment5.pdf', 'Salary Adjustment'),
(836, 47, 'Montero_Francis_SSS ID6.pdf', 'SSS ID'),
(837, 171, 'MATUCAN_JERRY_Acknowledgment Receipt Employee Handbook 1.pdf', 'Acknowledgment Receipt Employee Handbook '),
(838, 171, 'MATUCAN_JERRY_BIR ID and SSS Number2.pdf', 'BIR ID and SSS Number'),
(839, 171, 'MATUCAN_JERRY_NSO Birth Certificate3.pdf', 'NSO Birth Certificate'),
(840, 171, 'MATUCAN_JERRY_Police Clearance 4.pdf', 'Police Clearance '),
(841, 171, 'MATUCAN_JERRY_Probationary Contract5.pdf', 'Probationary Contract'),
(842, 171, 'MATUCAN_JERRY_Recommendation For Employment6.pdf', 'Recommendation For Employment'),
(843, 171, 'MATUCAN_JERRY_Regularization Contract7.pdf', 'Regularization Contract'),
(844, 171, 'MATUCAN_JERRY_Test Result8.pdf', 'Test Result'),
(845, 172, 'Ampog_Beverly _Application for Employment1.pdf', 'Application for Employment'),
(846, 172, 'Ampog_Beverly _Certificate of Completion OJT2.pdf', 'Certificate of Completion OJT'),
(847, 172, 'Ampog_Beverly _Diploma3.pdf', 'Diploma'),
(848, 172, 'Ampog_Beverly _ID''s4.pdf', 'ID''s'),
(849, 172, 'Ampog_Beverly _Birth Certificate5.pdf', 'Birth Certificate'),
(850, 172, 'Ampog_Beverly _MDF Pag-ibig6.pdf', 'MDF Pag-ibig'),
(851, 172, 'Ampog_Beverly _Medical Certificate7.pdf', 'Medical Certificate'),
(852, 172, 'Ampog_Beverly _Police Clerance8.pdf', 'Police Clerance'),
(853, 172, 'Ampog_Beverly _MDR Philhealth9.pdf', 'MDR Philhealth'),
(854, 172, 'Ampog_Beverly _Test Result10.pdf', 'Test Result'),
(855, 172, 'Ampog_Beverly _Transcript of Record11.pdf', 'Transcript of Record'),
(856, 172, 'Ampog_Beverly _Probationary Contract12.pdf', 'Probationary Contract'),
(857, 172, 'Ampog_Beverly _Project Employment Contract13.pdf', 'Project Employment Contract'),
(858, 95, 'Gabales_Zara Joy_Marriage Certificate12.pdf', 'Marriage Certificate'),
(859, 0, '__Application for Employment1.pdf', 'Application for Employment'),
(860, 0, '__Birth Certificate2.pdf', 'Birth Certificate'),
(861, 173, 'Tasic_Liza_Application for Employment1.pdf', 'Application for Employment'),
(862, 173, 'Tasic_Liza_Cedula2.pdf', 'Cedula'),
(863, 173, 'Tasic_Liza_Certificate of Cempletion-OJT3.pdf', 'Certificate of Cempletion-OJT'),
(864, 173, 'Tasic_Liza_Dean''s List Certificate4.pdf', 'Dean''s List Certificate'),
(865, 173, 'Tasic_Liza_Diploma5.pdf', 'Diploma'),
(866, 173, 'Tasic_Liza_Test Result6.pdf', 'Test Result'),
(867, 173, 'Tasic_Liza_ID''s7.pdf', 'ID''s'),
(868, 173, 'Tasic_Liza_NBI Clearance8.pdf', 'NBI Clearance'),
(869, 173, 'Tasic_Liza_Pag-ibig MDF9.pdf', 'Pag-ibig MDF'),
(870, 173, 'Tasic_Liza_SSS Member Slip10.pdf', 'SSS Member Slip'),
(871, 174, 'Jomiller _Silena_Application for Employment1.pdf', 'Application for Employment'),
(872, 174, 'Jomiller _Silena_Cedula2.pdf', 'Cedula'),
(873, 174, 'Jomiller _Silena_Certificate of Completion3.pdf', 'Certificate of Completion'),
(874, 174, 'Jomiller _Silena_Medical Result4.pdf', 'Medical Result'),
(875, 174, 'Jomiller _Silena_Marriage Certificate5.pdf', 'Marriage Certificate'),
(876, 174, 'Jomiller _Silena_ID''s6.pdf', 'ID''s'),
(877, 174, 'Jomiller _Silena_MDF-Pag ibig7.pdf', 'MDF-Pag ibig'),
(878, 174, 'Jomiller _Silena_NBI Clearance8.pdf', 'NBI Clearance'),
(879, 174, 'Jomiller _Silena_Project Employment Contract9.pdf', 'Project Employment Contract'),
(880, 174, 'Jomiller _Silena_Test Result10.pdf', 'Test Result'),
(881, 174, 'Jomiller _Silena_Certificate of Employment11.pdf', 'Certificate of Employment'),
(882, 0, '__Application for Employment1.pdf', 'Application for Employment'),
(883, 0, '__Birth Certificate2.pdf', 'Birth Certificate'),
(884, 0, '__Cedula3.pdf', 'Cedula'),
(885, 0, '__Certificate of Employment4.pdf', 'Certificate of Employment'),
(886, 0, '__Diploma5.pdf', 'Diploma'),
(887, 0, '__NBI Clearance6.pdf', 'NBI Clearance'),
(888, 0, '__Test Result7.pdf', 'Test Result'),
(889, 0, '__Transcript of Record8.pdf', 'Transcript of Record'),
(890, 0, '__Training Agreement9.pdf', 'Training Agreement'),
(891, 175, 'Reyes_Angelica Shanice_Application for Employment1.pdf', 'Application for Employment'),
(892, 175, 'Reyes_Angelica Shanice_Cedula2.pdf', 'Cedula'),
(893, 175, 'Reyes_Angelica Shanice_Certificate of Employment3.pdf', 'Certificate of Employment'),
(894, 175, 'Reyes_Angelica Shanice_Diploma4.pdf', 'Diploma'),
(895, 175, 'Reyes_Angelica Shanice_NBI Clearance5.pdf', 'NBI Clearance'),
(896, 175, 'Reyes_Angelica Shanice_Test Result6.pdf', 'Test Result'),
(897, 175, 'Reyes_Angelica Shanice_Transcript of Record7.pdf', 'Transcript of Record'),
(898, 175, 'Reyes_Angelica Shanice_Training Agreement8.pdf', 'Training Agreement'),
(899, 100, 'Iba?ez _Nazario Shyde_Application for Employment1.pdf', 'Application for Employment'),
(900, 100, 'Iba?ez _Nazario Shyde_Cedula2.pdf', 'Cedula'),
(901, 100, 'Iba?ez _Nazario Shyde_Certificate of Live Birth-Daughter3.pdf', 'Certificate of Live Birth-Daughter'),
(902, 100, 'Iba?ez _Nazario Shyde_Confirmation of Regularization4.pdf', 'Confirmation of Regularization'),
(903, 100, 'Iba?ez _Nazario Shyde_Diploma-TUP5.pdf', 'Diploma-TUP'),
(904, 100, 'Iba?ez _Nazario Shyde_E-SSS6.pdf', 'E-SSS'),
(905, 100, 'Iba?ez _Nazario Shyde_PAG-IBIG Employer Certification7.pdf', 'PAG-IBIG Employer Certification'),
(906, 100, 'Iba?ez _Nazario Shyde_ID''s8.pdf', 'ID''s'),
(907, 100, 'Iba?ez _Nazario Shyde_Medical Result9.pdf', 'Medical Result'),
(908, 100, 'Iba?ez _Nazario Shyde_Marriage Certificate10.pdf', 'Marriage Certificate'),
(909, 100, 'Iba?ez _Nazario Shyde_Performance Assessment Report 201711.pdf', 'Performance Assessment Report 2017'),
(910, 100, 'Iba?ez _Nazario Shyde_Prosecutor Clearance12.pdf', 'Prosecutor Clearance'),
(911, 100, 'Iba?ez _Nazario Shyde_Salary Adjustment 201713.pdf', 'Salary Adjustment 2017'),
(912, 100, 'Iba?ez _Nazario Shyde_Test Result14.pdf', 'Test Result'),
(913, 100, 'Iba?ez _Nazario Shyde_Transcript of Record15.pdf', 'Transcript of Record'),
(914, 100, 'Iba?ez _Nazario Shyde_Training Application Form16.pdf', 'Training Application Form'),
(915, 176, 'Suatengco_Eduardo_ID1.pdf', 'ID'),
(916, 177, 'Pangilinan_Julius_Application for Employment1.pdf', 'Application for Employment'),
(917, 177, 'Pangilinan_Julius_Barangay Certificate2.pdf', 'Barangay Certificate'),
(918, 177, 'Pangilinan_Julius_Cedula3.pdf', 'Cedula'),
(919, 177, 'Pangilinan_Julius_Certificate of Employment4.pdf', 'Certificate of Employment'),
(920, 177, 'Pangilinan_Julius_Diploma5.pdf', 'Diploma'),
(921, 177, 'Pangilinan_Julius_E1-SSS6.pdf', 'E1-SSS'),
(922, 177, 'Pangilinan_Julius_IDs7.pdf', 'IDs'),
(923, 177, 'Pangilinan_Julius_Mayor''s Clearance8.pdf', 'Mayor''s Clearance'),
(924, 177, 'Pangilinan_Julius_Med Certificate9.pdf', 'Med Certificate'),
(925, 177, 'Pangilinan_Julius_Police Clearance10.pdf', 'Police Clearance'),
(926, 177, 'Pangilinan_Julius_Test Result11.pdf', 'Test Result'),
(927, 177, 'Pangilinan_Julius_Transcript of Record12.pdf', 'Transcript of Record'),
(928, 97, 'Grabillo_Celina Marie_Transcript of Record16.pdf', 'Transcript of Record'),
(929, 97, 'Grabillo_Celina Marie_Training Application Form17.pdf', 'Training Application Form'),
(930, 178, 'Villarias_Jobelle_Application for Employment1.pdf', 'Application for Employment'),
(931, 178, 'Villarias_Jobelle_Brgy Clearance2.pdf', 'Brgy Clearance'),
(932, 178, 'Villarias_Jobelle_Cedula3.pdf', 'Cedula'),
(933, 178, 'Villarias_Jobelle_Diploma4.pdf', 'Diploma'),
(934, 178, 'Villarias_Jobelle_E-1 SSS5.pdf', 'E-1 SSS'),
(935, 178, 'Villarias_Jobelle_Employee Amendment Form 20186.pdf', 'Employee Amendment Form 2018'),
(936, 178, 'Villarias_Jobelle_Exam Result7.pdf', 'Exam Result'),
(937, 178, 'Villarias_Jobelle_IDs8.pdf', 'IDs'),
(938, 178, 'Villarias_Jobelle_MDR Philhealth9.pdf', 'MDR Philhealth'),
(939, 178, 'Villarias_Jobelle_Medical Certificate/Result10.pdf', 'Medical Certificate/Result'),
(940, 178, 'Villarias_Jobelle_NBI Clearance11.pdf', 'NBI Clearance'),
(941, 178, 'Villarias_Jobelle_PRC & Board of Ratings12.pdf', 'PRC & Board of Ratings'),
(942, 178, 'Villarias_Jobelle_Probationary Employment Contract13.pdf', 'Probationary Employment Contract'),
(943, 178, 'Villarias_Jobelle_Tin #14.pdf', 'Tin #'),
(944, 178, 'Villarias_Jobelle_Transcript of Record15.pdf', 'Transcript of Record'),
(945, 179, 'Javier_Jann Ray Romulo_Application for Employment1.pdf', 'Application for Employment'),
(946, 179, 'Javier_Jann Ray Romulo_Birth Certificate2.pdf', 'Birth Certificate'),
(947, 179, 'Javier_Jann Ray Romulo_Brgy. Clearance3.pdf', 'Brgy. Clearance'),
(948, 179, 'Javier_Jann Ray Romulo_Cedula4.pdf', 'Cedula'),
(949, 179, 'Javier_Jann Ray Romulo_Sample Design Protfolio5.pdf', 'Sample Design Protfolio'),
(950, 179, 'Javier_Jann Ray Romulo_Diploma6.pdf', 'Diploma'),
(951, 179, 'Javier_Jann Ray Romulo_E1-SSS7.pdf', 'E1-SSS'),
(952, 179, 'Javier_Jann Ray Romulo_Exam Result8.pdf', 'Exam Result'),
(953, 179, 'Javier_Jann Ray Romulo_IDs9.pdf', 'IDs'),
(954, 179, 'Javier_Jann Ray Romulo_MDF Pag-ibig10.pdf', 'MDF Pag-ibig'),
(955, 179, 'Javier_Jann Ray Romulo_Medical Result11.pdf', 'Medical Result'),
(956, 179, 'Javier_Jann Ray Romulo_Police Clearance12.pdf', 'Police Clearance'),
(957, 179, 'Javier_Jann Ray Romulo_Transcript of Record13.pdf', 'Transcript of Record'),
(958, 179, 'Javier_Jann Ray Romulo_Training Agreement14.pdf', 'Training Agreement'),
(959, 180, 'Tamao_Aileen_Application for Employment1.pdf', 'Application for Employment'),
(960, 180, 'Tamao_Aileen_Cedula2.pdf', 'Cedula'),
(961, 180, 'Tamao_Aileen_IDs3.pdf', 'IDs'),
(962, 180, 'Tamao_Aileen_Live Birth of Children4.pdf', 'Live Birth of Children'),
(963, 180, 'Tamao_Aileen_Marriage Certificate5.pdf', 'Marriage Certificate'),
(964, 180, 'Tamao_Aileen_Medical Result6.pdf', 'Medical Result'),
(965, 180, 'Tamao_Aileen_Police Clearance7.pdf', 'Police Clearance'),
(966, 180, 'Tamao_Aileen_Probationary Employment Contract8.pdf', 'Probationary Employment Contract'),
(967, 180, 'Tamao_Aileen_Records of candidates for Graduation9.pdf', 'Records of candidates for Graduation'),
(968, 180, 'Tamao_Aileen_Exam Result10.pdf', 'Exam Result'),
(969, 180, 'Tamao_Aileen_BIR-231611.pdf', 'BIR-2316'),
(970, 101, 'Jalandoni_Gebby_Application for Employment1.pdf', 'Application for Employment'),
(971, 101, 'Jalandoni_Gebby_Brgy Clearance2.pdf', 'Brgy Clearance'),
(972, 101, 'Jalandoni_Gebby_Cedula3.pdf', 'Cedula'),
(973, 101, 'Jalandoni_Gebby_Confirmation of Regularization4.pdf', 'Confirmation of Regularization'),
(974, 101, 'Jalandoni_Gebby_Diploma5.pdf', 'Diploma'),
(975, 101, 'Jalandoni_Gebby_Employment Amendment Form 20186.pdf', 'Employment Amendment Form 2018'),
(976, 101, 'Jalandoni_Gebby_Employment Amendment Form 20167.pdf', 'Employment Amendment Form 2016'),
(977, 101, 'Jalandoni_Gebby_IDs8.pdf', 'IDs'),
(978, 101, 'Jalandoni_Gebby_Probationary Employment Contract9.pdf', 'Probationary Employment Contract'),
(979, 101, 'Jalandoni_Gebby_Salary Adjustment 201710.pdf', 'Salary Adjustment 2017'),
(980, 101, 'Jalandoni_Gebby_Transcript of Record11.pdf', 'Transcript of Record'),
(981, 155, 'Leonardia_Carlos Antonio_Birth Certificate3.pdf', 'Birth Certificate'),
(982, 155, 'Leonardia_Carlos Antonio_Birth Certificate Dependents4.pdf', 'Birth Certificate Dependents'),
(983, 155, 'Leonardia_Carlos Antonio_Contract of Regularization5.pdf', 'Contract of Regularization'),
(984, 155, 'Leonardia_Carlos Antonio_Thermodynamics6.pdf', 'Thermodynamics'),
(985, 104, 'Lacambra_Annavi_NBI Clearance10.pdf', 'NBI Clearance'),
(986, 104, 'Lacambra_Annavi_Diploma11.pdf', 'Diploma'),
(987, 99, 'Jo_Caesariane_Transcript of Record-TUP14.pdf', 'Transcript of Record-TUP'),
(988, 99, 'Jo_Caesariane_Transcript of Record-USLS15.pdf', 'Transcript of Record-USLS'),
(989, 99, 'Jo_Caesariane_Training Contract16.pdf', 'Training Contract'),
(990, 99, 'Jo_Caesariane_Certificate of Employment17.pdf', 'Certificate of Employment'),
(991, 181, 'Bobiles_Fara Jean_BIR 19051.pdf', 'BIR 1905'),
(992, 181, 'Bobiles_Fara Jean_Application  for Employment2.pdf', 'Application  for Employment'),
(993, 181, 'Bobiles_Fara Jean_Marriage Certificate3.pdf', 'Marriage Certificate'),
(994, 181, 'Bobiles_Fara Jean_MDR-Philhealth4.pdf', 'MDR-Philhealth'),
(995, 181, 'Bobiles_Fara Jean_Medical Results5.pdf', 'Medical Results'),
(996, 181, 'Bobiles_Fara Jean_NBI Clearance6.pdf', 'NBI Clearance'),
(997, 181, 'Bobiles_Fara Jean_Birth certificate7.pdf', 'Birth certificate'),
(998, 181, 'Bobiles_Fara Jean_Probationary Employment Contract8.pdf', 'Probationary Employment Contract'),
(999, 181, 'Bobiles_Fara Jean_Confirmation of Regularization9.pdf', 'Confirmation of Regularization'),
(1000, 77, 'Sabit_Roy_BIR 23161.pdf', 'BIR 2316'),
(1001, 77, 'Sabit_Roy_Employee Profile2.pdf', 'Employee Profile'),
(1002, 77, 'Sabit_Roy_ID3.pdf', 'ID'),
(1003, 77, 'Sabit_Roy_Confirmation of Regularization4.pdf', 'Confirmation of Regularization'),
(1004, 77, 'Sabit_Roy_Salary Adjustment June 11, 20175.pdf', 'Salary Adjustment June 11, 2017'),
(1005, 77, 'Sabit_Roy_Salary Adjustment Aug 28, 20156.pdf', 'Salary Adjustment Aug 28, 2015'),
(1006, 77, 'Sabit_Roy_Employment Amendment Form July 20187.pdf', 'Employment Amendment Form July 2018'),
(1007, 77, 'Sabit_Roy_Employment Amendment Form Aug 20168.pdf', 'Employment Amendment Form Aug 2016'),
(1008, 63, 'Roiles_Lawrence Vincent_Application for Employment1.pdf', 'Application for Employment'),
(1009, 63, 'Roiles_Lawrence Vincent_Cedula2.pdf', 'Cedula'),
(1010, 63, 'Roiles_Lawrence Vincent_Diploma3.pdf', 'Diploma'),
(1011, 63, 'Roiles_Lawrence Vincent_Certificate of Employment-Sta Isabel Power Corp 4.pdf', 'Certificate of Employment-Sta Isabel Power Corp '),
(1012, 63, 'Roiles_Lawrence Vincent_Employment Amendment Form March 20175.pdf', 'Employment Amendment Form March 2017'),
(1013, 63, 'Roiles_Lawrence Vincent_Employment Amendment Form July 20186.pdf', 'Employment Amendment Form July 2018'),
(1014, 63, 'Roiles_Lawrence Vincent_HDMF-ID7.pdf', 'HDMF-ID'),
(1015, 63, 'Roiles_Lawrence Vincent_IDs8.pdf', 'IDs'),
(1016, 63, 'Roiles_Lawrence Vincent_Medical Result/Certificate9.pdf', 'Medical Result/Certificate'),
(1017, 63, 'Roiles_Lawrence Vincent_NBI Clearance10.pdf', 'NBI Clearance'),
(1018, 63, 'Roiles_Lawrence Vincent_Police Clearance11.pdf', 'Police Clearance'),
(1019, 63, 'Roiles_Lawrence Vincent_PRC & Board of Ratings12.pdf', 'PRC & Board of Ratings'),
(1020, 63, 'Roiles_Lawrence Vincent_Probationary Employment Contract13.pdf', 'Probationary Employment Contract'),
(1021, 63, 'Roiles_Lawrence Vincent_Confirmation of Regularization14.pdf', 'Confirmation of Regularization'),
(1022, 63, 'Roiles_Lawrence Vincent_Transcript of Record15.pdf', 'Transcript of Record'),
(1023, 42, 'Manilla_Alex_Application for Employment1.pdf', 'Application for Employment'),
(1024, 42, 'Manilla_Alex_Brgy Clearance2.pdf', 'Brgy Clearance'),
(1025, 42, 'Manilla_Alex_Cedula3.pdf', 'Cedula'),
(1026, 42, 'Manilla_Alex_Diploma4.pdf', 'Diploma'),
(1027, 42, 'Manilla_Alex_IDs5.pdf', 'IDs'),
(1028, 42, 'Manilla_Alex_Birth Certificate6.pdf', 'Birth Certificate'),
(1029, 42, 'Manilla_Alex_Birth Certificate of Dependents7.pdf', 'Birth Certificate of Dependents'),
(1030, 42, 'Manilla_Alex_Police Clerance8.pdf', 'Police Clerance'),
(1031, 42, 'Manilla_Alex_Confirmation of Regularization9.pdf', 'Confirmation of Regularization'),
(1032, 42, 'Manilla_Alex_Test Result10.pdf', 'Test Result'),
(1033, 42, 'Manilla_Alex_Employment Amendment Form July 201811.pdf', 'Employment Amendment Form July 2018'),
(1034, 42, 'Manilla_Alex_Employment Amendment Form Aug 201612.pdf', 'Employment Amendment Form Aug 2016'),
(1035, 42, 'Manilla_Alex_Employee''s Profile13.pdf', 'Employee''s Profile'),
(1036, 42, 'Manilla_Alex_Salary Adjustment 2015-201714.pdf', 'Salary Adjustment 2015-2017'),
(1037, 98, 'Jamero_Lloyd_Application for Employment1.pdf', 'Application for Employment'),
(1038, 98, 'Jamero_Lloyd_Diploma2.pdf', 'Diploma'),
(1039, 98, 'Jamero_Lloyd_Medical Result and Certificate3.pdf', 'Medical Result and Certificate'),
(1040, 98, 'Jamero_Lloyd_NBI Clearance4.pdf', 'NBI Clearance'),
(1041, 98, 'Jamero_Lloyd_Birth Certificate5.pdf', 'Birth Certificate'),
(1042, 98, 'Jamero_Lloyd_Test Result6.pdf', 'Test Result'),
(1043, 98, 'Jamero_Lloyd_Transcript of Record7.pdf', 'Transcript of Record'),
(1044, 98, 'Jamero_Lloyd_Employment Contract8.pdf', 'Employment Contract'),
(1045, 98, 'Jamero_Lloyd_Probationary Employment Contract9.pdf', 'Probationary Employment Contract'),
(1046, 98, 'Jamero_Lloyd_Brgy Clearance10.pdf', 'Brgy Clearance'),
(1047, 70, 'Samano_Godfrey Stephen_BIR 19021.pdf', 'BIR 1902'),
(1048, 70, 'Samano_Godfrey Stephen_Application  for Employment2.pdf', 'Application  for Employment'),
(1049, 70, 'Samano_Godfrey Stephen_Test 3.pdf', 'Test '),
(1050, 70, 'Samano_Godfrey Stephen_Brgy Clearance4.pdf', 'Brgy Clearance'),
(1051, 70, 'Samano_Godfrey Stephen_Cedula5.pdf', 'Cedula'),
(1052, 70, 'Samano_Godfrey Stephen_Diploma6.pdf', 'Diploma'),
(1053, 70, 'Samano_Godfrey Stephen_Medical Results7.pdf', 'Medical Results'),
(1054, 70, 'Samano_Godfrey Stephen_Birth Certificate8.pdf', 'Birth Certificate'),
(1055, 70, 'Samano_Godfrey Stephen_PRC Board of Ratings9.pdf', 'PRC Board of Ratings'),
(1056, 70, 'Samano_Godfrey Stephen_Pre-Regularization Interview10.pdf', 'Pre-Regularization Interview'),
(1057, 70, 'Samano_Godfrey Stephen_Probationary Employment Contract11.pdf', 'Probationary Employment Contract'),
(1058, 70, 'Samano_Godfrey Stephen_Confirmation of Regularization12.pdf', 'Confirmation of Regularization'),
(1059, 70, 'Samano_Godfrey Stephen_Transcript of Record13.pdf', 'Transcript of Record'),
(1060, 70, 'Samano_Godfrey Stephen_Salary Adjustment June 11, 201714.pdf', 'Salary Adjustment June 11, 2017'),
(1061, 70, 'Samano_Godfrey Stephen_Employment Amendment Form Jan 201715.pdf', 'Employment Amendment Form Jan 2017'),
(1062, 70, 'Samano_Godfrey Stephen_Employment Amendment Form July 201816.pdf', 'Employment Amendment Form July 2018'),
(1063, 70, 'Samano_Godfrey Stephen_Employment Amendment Form Aug 201617.pdf', 'Employment Amendment Form Aug 2016'),
(1064, 182, 'Sasamoto_Kennah_Application for Employment1.pdf', 'Application for Employment'),
(1065, 182, 'Sasamoto_Kennah_diploma2.pdf', 'diploma'),
(1066, 182, 'Sasamoto_Kennah_HDMF Pag-ibig3.pdf', 'HDMF Pag-ibig'),
(1067, 182, 'Sasamoto_Kennah_MDR Philhealth4.pdf', 'MDR Philhealth'),
(1068, 182, 'Sasamoto_Kennah_Medical Result5.pdf', 'Medical Result'),
(1069, 182, 'Sasamoto_Kennah_NBI Clearance6.pdf', 'NBI Clearance'),
(1070, 182, 'Sasamoto_Kennah_Birth certificate7.pdf', 'Birth certificate'),
(1071, 182, 'Sasamoto_Kennah_Probationary Employment Contract8.pdf', 'Probationary Employment Contract'),
(1072, 182, 'Sasamoto_Kennah_Exam Results9.pdf', 'Exam Results'),
(1073, 182, 'Sasamoto_Kennah_Employment Amendment Form July 201810.pdf', 'Employment Amendment Form July 2018'),
(1074, 182, 'Sasamoto_Kennah_Police Clearance11.pdf', 'Police Clearance'),
(1075, 49, 'Ortega_Andro_Certificate of Employment2.pdf', 'Certificate of Employment'),
(1076, 49, 'Ortega_Andro_Confirmation of Regularization3.pdf', 'Confirmation of Regularization'),
(1077, 49, 'Ortega_Andro_Salary Adjustment March 1, 20154.pdf', 'Salary Adjustment March 1, 2015'),
(1078, 49, 'Ortega_Andro_Salary Adjustment June 11, 20175.pdf', 'Salary Adjustment June 11, 2017'),
(1079, 49, 'Ortega_Andro_SSS ID6.pdf', 'SSS ID'),
(1080, 49, 'Ortega_Andro_Employment Amendment Form July 20187.pdf', 'Employment Amendment Form July 2018'),
(1081, 49, 'Ortega_Andro_Employment Amendment Form Aug 20168.pdf', 'Employment Amendment Form Aug 2016'),
(1082, 49, 'Ortega_Andro_Employment Amendment Form Dec 20179.pdf', 'Employment Amendment Form Dec 2017'),
(1083, 111, 'Rocha_Melanie_Employment Amendment Form June 20187.pdf', 'Employment Amendment Form June 2018'),
(1084, 111, 'Rocha_Melanie_IDs8.pdf', 'IDs'),
(1085, 111, 'Rocha_Melanie_Marriage Certificate9.pdf', 'Marriage Certificate'),
(1086, 111, 'Rocha_Melanie_MDF Pag-ibig10.pdf', 'MDF Pag-ibig'),
(1087, 111, 'Rocha_Melanie_MDR Philhealth11.pdf', 'MDR Philhealth'),
(1088, 111, 'Rocha_Melanie_Probationary Employment Contract12.pdf', 'Probationary Employment Contract'),
(1089, 117, 'Sinoro_Syndey_Police Clearance17.pdf', 'Police Clearance'),
(1090, 117, 'Sinoro_Syndey_Probationary Employment Contract18.pdf', 'Probationary Employment Contract'),
(1091, 117, 'Sinoro_Syndey_request for transfer of members records and loan details19.pdf', 'request for transfer of members records and loan details'),
(1092, 117, 'Sinoro_Syndey_Salary Adjustment June 11, 201720.pdf', 'Salary Adjustment June 11, 2017'),
(1093, 117, 'Sinoro_Syndey_Seminar Registration Form GuthrieJensen21.pdf', 'Seminar Registration Form GuthrieJensen'),
(1094, 117, 'Sinoro_Syndey_SSS Online Account22.pdf', 'SSS Online Account'),
(1095, 117, 'Sinoro_Syndey_Transmittal letter of Ms Dato HMO23.pdf', 'Transmittal letter of Ms Dato HMO'),
(1096, 183, 'TORRIJOS_ELMER_EMPLOYEE AMENDMENT FORM 0720171.pdf', 'EMPLOYEE AMENDMENT FORM 072017'),
(1097, 183, 'TORRIJOS_ELMER_SALARY ADJUSTMENT2.pdf', 'SALARY ADJUSTMENT'),
(1098, 183, 'TORRIJOS_ELMER_APPLICATION FOR EMPLOYMENT3.pdf', 'APPLICATION FOR EMPLOYMENT'),
(1099, 80, 'Urnopia_Democrito_APPLICATION1.pdf', 'Application for Employment'),
(1100, 80, 'Urnopia_Democrito_BIRTH CERTIFICATE DEPENDENTS2.pdf', 'Birth Certificate-dependents'),
(1101, 80, 'Urnopia_Democrito_BIRTH CERTIFICATE3.pdf', 'Birth Certificate'),
(1102, 80, 'Urnopia_Democrito_BARANGAY CERTIFICATE4.pdf', 'Brgy Clearance'),
(1103, 80, 'Urnopia_Democrito_MARRIAGE CERTIFICATE5.pdf', 'Marriage Certificate'),
(1104, 80, 'Urnopia_Democrito_CERTIFICATE OF EMPLOYMENT6.pdf', 'Certificate of Employment'),
(1105, 80, 'Urnopia_Democrito_DIPLOMA7.pdf', 'Diploma'),
(1106, 80, 'Urnopia_Democrito_EMPLOYMENT AMENDMENT FORM 0720188.pdf', 'Employment Amendment Form July 2018'),
(1107, 80, 'Urnopia_Democrito_EMPLOYMENT AMENDMENT FORM 20169.pdf', 'Employment Amendment Form 2016'),
(1108, 80, 'Urnopia_Democrito_PAG-IBIG MDF10.pdf', 'Pag-ibig MDF'),
(1109, 80, 'Urnopia_Democrito_MEDICAL CERTIFICATE11.pdf', 'Medical Certificate'),
(1110, 80, 'Urnopia_Democrito_POLICE CLEARANCE12.pdf', 'Police Clearance'),
(1111, 80, 'Urnopia_Democrito_REGULARIZATION CONTRACT13.pdf', 'Confirmation of Regularization'),
(1112, 80, 'Urnopia_Democrito_SALARY ADJUSTMENT14.pdf', 'Salary Adjustment 2015-2017'),
(1113, 80, 'Urnopia_Democrito_SSS ID AND TIN NO.15.pdf', 'SSS ID and Tin ID'),
(1114, 80, 'Urnopia_Democrito_TEST ASSESMENT16.pdf', 'Exam Result'),
(1115, 80, 'Urnopia_Democrito_TRANSCRIPT OF RECORDS17.pdf', 'Transcript of Record'),
(1116, 131, 'Young_Patricia Kate_Application for Employment1.pdf', 'Application for Employment'),
(1117, 131, 'Young_Patricia Kate_BIR-23162.pdf', 'BIR-2316'),
(1118, 131, 'Young_Patricia Kate_Birth Certificate3.pdf', 'Birth Certificate'),
(1119, 131, 'Young_Patricia Kate_MDR- Philhealth4.pdf', 'MDR- Philhealth'),
(1120, 131, 'Young_Patricia Kate_NBI Clearance5.pdf', 'NBI Clearance'),
(1121, 131, 'Young_Patricia Kate_Pag ibig ID6.pdf', 'Pag ibig ID'),
(1122, 131, 'Young_Patricia Kate_Philhealth Contribution7.pdf', 'Philhealth Contribution'),
(1123, 123, 'Villas_Dary Mae_Medical Certificate13.pdf', 'Medical Certificate'),
(1124, 123, 'Villas_Dary Mae_Salary Adjustment July 201614.pdf', 'Salary Adjustment July 2016'),
(1125, 123, 'Villas_Dary Mae_Salary Adjustment June 201715.pdf', 'Salary Adjustment June 2017'),
(1126, 123, 'Villas_Dary Mae_Salary Adjustment March 201616.pdf', 'Salary Adjustment March 2016'),
(1127, 123, 'Villas_Dary Mae_Transcript of Record17.pdf', 'Transcript of Record'),
(1128, 123, 'Villas_Dary Mae_Training Application Form18.pdf', 'Training Application Form'),
(1129, 123, 'Villas_Dary Mae_Transmittal Cocolife19.pdf', 'Transmittal Cocolife'),
(1130, 112, 'Rosales_Zyndyryn_Salary Adjustment Nov 201510.pdf', 'Salary Adjustment Nov 2015'),
(1131, 112, 'Rosales_Zyndyryn_Salary Adjustment Feb 201611.pdf', 'Salary Adjustment Feb 2016'),
(1132, 112, 'Rosales_Zyndyryn_Salary Adjustment June 201712.pdf', 'Salary Adjustment June 2017'),
(1133, 112, 'Rosales_Zyndyryn_Transcript of Record13.pdf', 'Transcript of Record'),
(1134, 112, 'Rosales_Zyndyryn_Training Agreement14.pdf', 'Training Report Form'),
(1135, 114, 'Sanchez_Daisy Jane_IDs9.pdf', 'IDs'),
(1136, 114, 'Sanchez_Daisy Jane_Probationary Employment Contract10.pdf', 'Probationary Employment Contract'),
(1137, 114, 'Sanchez_Daisy Jane_Salary Adjustment June 201711.pdf', 'Salary Adjustment June 2017'),
(1138, 114, 'Sanchez_Daisy Jane_Transfer of Membership Record Pag-ibig12.pdf', 'Transfer of Membership Record Pag-ibig'),
(1139, 154, 'Gaudite_Rose Brenette_NBI Clearance10.pdf', 'NBI Clearance'),
(1140, 154, 'Gaudite_Rose Brenette_Probationary Employment Contract11.pdf', 'Probationary Employment Contract'),
(1141, 154, 'Gaudite_Rose Brenette_Transcript of Record12.pdf', 'Transcript of Record'),
(1142, 108, 'Plaza_Charmaine Rei_Salary Adjustment June 201712.pdf', 'Salary Adjustment June 2017'),
(1143, 108, 'Plaza_Charmaine Rei_SSS13.pdf', 'SSS'),
(1144, 108, 'Plaza_Charmaine Rei_Transcript of Record14.pdf', 'Transcript of Record'),
(1145, 108, 'Plaza_Charmaine Rei_Training Application Form15.pdf', 'Training Application Form'),
(1146, 113, 'Saludo_Genie_Probationary Employment Contract12.pdf', 'Probationary Employment Contract'),
(1147, 113, 'Saludo_Genie_Transcript of Record13.pdf', 'Transcript of Record'),
(1148, 113, 'Saludo_Genie_Training Matrix-PAL14.pdf', 'Training Matrix-PAL'),
(1149, 119, 'Tagalog_Krystal Gayle_Probationary Contract14.pdf', 'Probationary Contract'),
(1150, 119, 'Tagalog_Krystal Gayle_Salary Adjustment Jan 201815.pdf', 'Salary Adjustment Jan 2018'),
(1151, 119, 'Tagalog_Krystal Gayle_Transcript of Record16.pdf', 'Transcript of Record'),
(1152, 118, 'Tabilla_Marianita_Probationary Employment Contract14.pdf', 'Probationary Employment Contract'),
(1153, 118, 'Tabilla_Marianita_Salary Adjustment Nov 201715.pdf', 'Salary Adjustment Nov 2017'),
(1154, 118, 'Tabilla_Marianita_SSS,Pagibig,Tin #16.pdf', 'SSS,Pagibig,Tin #'),
(1155, 118, 'Tabilla_Marianita_Transcript of Record17.pdf', 'Transcript of Record'),
(1156, 110, 'Ramirez_Cresilda_MDR-Philhealth13.pdf', 'MDR-Philhealth'),
(1157, 110, 'Ramirez_Cresilda_Medical Result14.pdf', 'Medical Result'),
(1158, 110, 'Ramirez_Cresilda_NBI Clearance15.pdf', 'NBI Clearance'),
(1159, 110, 'Ramirez_Cresilda_Probationary Employment Contract16.pdf', 'Probationary Employment Contract'),
(1160, 110, 'Ramirez_Cresilda_SSS Loan Disclosure17.pdf', 'SSS Loan Disclosure'),
(1161, 110, 'Ramirez_Cresilda_Transcript of Record-UNO R18.pdf', 'Transcript of Record-UNO R'),
(1162, 110, 'Ramirez_Cresilda_Transcript of Record-USLS19.pdf', 'Transcript of Record-USLS'),
(1163, 122, 'Sarroza_Rosemarie_NBI Clearance12.pdf', 'NBI Clearance'),
(1164, 122, 'Sarroza_Rosemarie_Police Clerance13.pdf', 'Police Clerance'),
(1165, 122, 'Sarroza_Rosemarie_Probationary Employment Contract14.pdf', 'Probationary Employment Contract'),
(1166, 122, 'Sarroza_Rosemarie_Salary Adjustment Feb 201815.pdf', 'Salary Adjustment Feb 2018'),
(1167, 122, 'Sarroza_Rosemarie_Transcript of Record16.pdf', 'Transcript of Record'),
(1168, 107, 'Oquiana_Ma. Erika_SSS-Data Changed Request17.pdf', 'SSS-Data Changed Request'),
(1169, 107, 'Oquiana_Ma. Erika_SSS Online18.pdf', 'SSS Online'),
(1170, 107, 'Oquiana_Ma. Erika_Transcript of Record19.pdf', 'Transcript of Record'),
(1171, 107, 'Oquiana_Ma. Erika_Training Application Form20.pdf', 'Training Application Form'),
(1172, 149, 'Sia_Henry_Employee Amendment Form 20184.pdf', 'Employee Amendment Form 2018'),
(1173, 149, 'Sia_Henry_Ids5.pdf', 'Ids'),
(1174, 149, 'Sia_Henry_Salary Adjustment June 20176.pdf', 'Salary Adjustment June 2017'),
(1175, 148, 'Tanan_Hennelen_Training Agreement11.pdf', 'Training Agreement'),
(1176, 121, 'Tan_Teresa_Transcript of Record19.pdf', 'Transcript of Record'),
(1177, 128, 'Severino_Stephine David_Certificate-OJT8.pdf', 'Pls delete'),
(1178, 121, 'Tan_Teresa_20.pdf', 'Moreta Shipping Lines-Notice to explain-Missing  pressure regulating valve'),
(1179, 155, 'Leonardia_Carlos Antonio_Employee Amendment Form 20197.pdf', 'Employee Amendment Form 2019'),
(1180, 179, 'Javier_Jann Ray Romulo_Confirmation of Regularization15.pdf', 'Confirmation of Regularization'),
(1181, 179, 'Javier_Jann Ray Romulo_Employee Amendment Form 201916.pdf', 'Employee Amendment Form 2019'),
(1182, 173, 'Tasic_Liza_Probationary Employment Contract11.pdf', 'Probationary Employment Contract'),
(1183, 173, 'Tasic_Liza_Employee Amendment Form 201912.pdf', 'Employee Amendment Form 2019'),
(1184, 95, 'Gabales_Zara Joy_Probationary Employment Contract13.pdf', 'Probationary Employment Contract'),
(1185, 95, 'Gabales_Zara Joy_Salary Adjustment Nov 201714.pdf', 'Salary Adjustment Nov 2017'),
(1186, 95, 'Gabales_Zara Joy_Transcript of Record15.pdf', 'Transcript of Record'),
(1187, 133, 'Cesar_Cristy_Transcript of Record12.pdf', 'Transcript of Record'),
(1188, 130, 'Cosico_Joana Marie_Pag-ibig ID9.pdf', 'Pag-ibig ID'),
(1189, 79, 'Torres_Irish Dawn_Pre-Regularization Interview1.pdf', 'Pre-Regularization Interview'),
(1190, 79, 'Torres_Irish Dawn_NSO Birth Certificate2.pdf', 'NSO Birth Certificate'),
(1191, 79, 'Torres_Irish Dawn_Barangay Clearance3.pdf', 'Barangay Clearance'),
(1192, 79, 'Torres_Irish Dawn_Application for Employment4.pdf', 'Application for Employment'),
(1193, 79, 'Torres_Irish Dawn_Diploma5.pdf', 'Diploma'),
(1194, 79, 'Torres_Irish Dawn_Disciplinary Action Form 6.pdf', 'Disciplinary Action Form '),
(1195, 79, 'Torres_Irish Dawn_Employment Amendment Form 0720187.pdf', 'Employment Amendment Form 072018'),
(1196, 79, 'Torres_Irish Dawn_Employment Amendment Form 0120178.pdf', 'Employment Amendment Form 012017'),
(1197, 79, 'Torres_Irish Dawn_ID''s9.pdf', 'ID''s'),
(1198, 79, 'Torres_Irish Dawn_NSO Marriage Certificate10.pdf', 'NSO Marriage Certificate'),
(1199, 79, 'Torres_Irish Dawn_Medical11.pdf', 'Medical'),
(1200, 79, 'Torres_Irish Dawn_NBI Clearance12.pdf', 'NBI Clearance'),
(1201, 79, 'Torres_Irish Dawn_NSO Birth of Dependents 13.pdf', 'NSO Birth of Dependents '),
(1202, 79, 'Torres_Irish Dawn_PCF Accountability Memo14.pdf', 'PCF Accountability Memo'),
(1203, 79, 'Torres_Irish Dawn_Probationary Contract15.pdf', 'Probationary Contract'),
(1204, 79, 'Torres_Irish Dawn_Regularization Contract16.pdf', 'Regularization Contract'),
(1205, 79, 'Torres_Irish Dawn_Salary Adjustment17.pdf', 'Salary Adjustment'),
(1206, 79, 'Torres_Irish Dawn_Testing 18.pdf', 'Testing '),
(1207, 79, 'Torres_Irish Dawn_Transcript of Records19.pdf', 'Transcript of Records'),
(1208, 82, 'Tignero_Ryan_Accountability Form1.pdf', 'Accountability Form'),
(1209, 82, 'Tignero_Ryan_Application for Employment2.pdf', 'Application for Employment'),
(1210, 82, 'Tignero_Ryan_Mechanical Board Exam Results3.pdf', 'Mechanical Board Exam Results'),
(1211, 82, 'Tignero_Ryan_Certificate of Employment4.pdf', 'Certificate of Employment'),
(1212, 82, 'Tignero_Ryan_Diploma5.pdf', 'Diploma'),
(1213, 82, 'Tignero_Ryan_Employment Amendment Form 20186.pdf', 'Employment Amendment Form 2018'),
(1214, 82, 'Tignero_Ryan_Employment Amendment Form 20167.pdf', 'Employment Amendment Form 2016'),
(1215, 82, 'Tignero_Ryan_Regularization Contract8.pdf', 'Regularization Contract'),
(1216, 82, 'Tignero_Ryan_Salary Adjustment9.pdf', 'Salary Adjustment'),
(1217, 82, 'Tignero_Ryan_Salary Adjustment 210.pdf', 'Salary Adjustment 2'),
(1218, 82, 'Tignero_Ryan_Transcript of Records11.pdf', 'Transcript of Records'),
(1219, 74, 'Tandoy_Ariel _Certificate of Baptism1.pdf', 'Certificate of Baptism'),
(1220, 74, 'Tandoy_Ariel _Disciplinary Action Form2.pdf', 'Disciplinary Action Form'),
(1221, 74, 'Tandoy_Ariel _NSO Marriage Certificate3.pdf', 'NSO Marriage Certificate'),
(1222, 74, 'Tandoy_Ariel _Employment Amendment Form 20184.pdf', 'Employment Amendment Form 2018'),
(1223, 74, 'Tandoy_Ariel _Pag-Ibig MDF 5.pdf', 'Pag-Ibig MDF '),
(1224, 74, 'Tandoy_Ariel _NSO Birth of Dependents6.pdf', 'NSO Birth of Dependents'),
(1225, 74, 'Tandoy_Ariel _Regularization Contract7.pdf', 'Regularization Contract'),
(1226, 74, 'Tandoy_Ariel _Application for Employment8.pdf', 'Application for Employment'),
(1227, 74, 'Tandoy_Ariel _Salary Adjustment9.pdf', 'Salary Adjustment'),
(1228, 74, 'Tandoy_Ariel _Salary Adjustment 210.pdf', 'Salary Adjustment 2'),
(1229, 73, 'Tagarda_Alexander_Application for Employment p11.pdf', 'Application for Employment p1'),
(1230, 73, 'Tagarda_Alexander_Application for Employment p22.pdf', 'Application for Employment p2'),
(1231, 73, 'Tagarda_Alexander_Employment Amendment Form 20183.pdf', 'Employment Amendment Form 2018'),
(1232, 73, 'Tagarda_Alexander_Employment Amendment Form 20164.pdf', 'Employment Amendment Form 2016'),
(1233, 73, 'Tagarda_Alexander_PHIC MDR5.pdf', 'PHIC MDR'),
(1234, 73, 'Tagarda_Alexander_Power One Corp Regularization Contract6.pdf', 'Power One Corp Probationary Contract'),
(1235, 73, 'Tagarda_Alexander_Regularization Contract7.pdf', 'Regularization Contract'),
(1236, 73, 'Tagarda_Alexander_Salary Adjustment8.pdf', 'Salary Adjustment'),
(1237, 90, 'Danoy_Gretchen_Training Report Form14.pdf', 'Training Report Form'),
(1238, 94, 'Espera_Imelda_TIN Confirmation10.pdf', 'TIN Confirmation'),
(1239, 136, 'Febrio_Elaisa Jane_Training Agreement16.pdf', 'Training Agreement'),
(1240, 102, 'Flor_Jason_Training Agreement13.pdf', 'Training Agreement'),
(1241, 88, 'Carbaquil_Rey_Salary Adjustment June 201811.pdf', 'Salary Adjustment June 2018'),
(1242, 86, 'Cabaylo_Maylen_Transcript of Record17.pdf', 'Transcript of Record'),
(1243, 85, 'Benares_Jonah Faye_Transcript of Record14.pdf', 'Transcript of Record'),
(1244, 2, 'Arsenio_Rhea_Transcript of Record11.pdf', 'Transcript of Record'),
(1245, 184, 'Jabiniar_Erimar_Application for Employment1.pdf', 'Application for Employment'),
(1246, 184, 'Jabiniar_Erimar_Brgy Clerance2.pdf', 'Brgy Clerance'),
(1247, 184, 'Jabiniar_Erimar_Cedula3.pdf', 'Cedula'),
(1248, 184, 'Jabiniar_Erimar_Exam Results4.pdf', 'Exam Results'),
(1249, 184, 'Jabiniar_Erimar_MDR Philhealth5.pdf', 'MDR Philhealth'),
(1250, 184, 'Jabiniar_Erimar_Police Clerance6.pdf', 'Police Clerance'),
(1251, 184, 'Jabiniar_Erimar_Probationary Employment Contract7.pdf', 'Probationary Employment Contract'),
(1252, 184, 'Jabiniar_Erimar_SSS Number8.pdf', 'SSS Number'),
(1253, 150, 'Aizpuro_Ivy Mae_Transcript of Record11.pdf', 'Transcript of Record'),
(1254, 150, 'Aizpuro_Ivy Mae_Training Agreement12.pdf', 'Training Agreement'),
(1255, 111, 'Rocha_Melanie_Voter''s Certifcation13.pdf', 'Voter''s Certifcation'),
(1256, 185, 'AQUINO_MELINDA_Application for Employment1.pdf', 'Application for Employment'),
(1257, 185, 'AQUINO_MELINDA_BIR 23162.pdf', 'BIR 2316'),
(1258, 185, 'AQUINO_MELINDA_Birth Certificate-Dependents3.pdf', 'Birth Certificate-Dependents'),
(1259, 185, 'AQUINO_MELINDA_Birth Certificate4.pdf', 'Birth Certificate'),
(1260, 185, 'AQUINO_MELINDA_Cedula5.pdf', 'Cedula'),
(1261, 185, 'AQUINO_MELINDA_Certificate of Employment6.pdf', 'Certificate of Employment'),
(1262, 185, 'AQUINO_MELINDA_Employment Contract7.pdf', 'Employment Contract'),
(1263, 185, 'AQUINO_MELINDA_Exam Results8.pdf', 'Exam Results'),
(1264, 185, 'AQUINO_MELINDA_ID9.pdf', 'ID'),
(1265, 185, 'AQUINO_MELINDA_Philhealth10.pdf', 'Philhealth'),
(1266, 185, 'AQUINO_MELINDA_RTMRLD- Pagibig11.pdf', 'RTMRLD- Pagibig'),
(1267, 185, 'AQUINO_MELINDA_Transcript of Record12.pdf', 'Transcript of Record'),
(1268, 185, 'AQUINO_MELINDA_Training Agreement13.pdf', 'Training Agreement'),
(1269, 8, 'Alunan _Rebecca_Notice to Explain- Tardiness15.pdf', 'Notice to Explain- Tardiness'),
(1270, 8, 'Alunan _Rebecca_Salary Adjustment 201616.pdf', 'Salary Adjustment 2016'),
(1271, 8, 'Alunan _Rebecca_Salary Adjustment June 201717.pdf', 'Salary Adjustment June 2017'),
(1272, 8, 'Alunan _Rebecca_Transcript of Record18.pdf', 'Transcript of Record'),
(1273, 8, 'Alunan _Rebecca_Training Report19.pdf', 'Training Report'),
(1274, 66, 'Corino_Exequil_ID4.pdf', 'ID'),
(1275, 66, 'Corino_Exequil_Salary Adjustment June  20175.pdf', 'Salary Adjustment June  2017'),
(1276, 66, 'Corino_Exequil_Salary Adjustment Sept 20156.pdf', 'Salary Adjustment Sept 2015'),
(1277, 65, 'Canama_Rusty_Employment Amendment form Aug 20163.pdf', 'Employment Amendment form Aug 2016'),
(1278, 65, 'Canama_Rusty_Employee Amendment Form July 20184.pdf', 'Employee Amendment Form July 2018'),
(1279, 65, 'Canama_Rusty_Salary Adjustment March 20155.pdf', 'Salary Adjustment March 2015'),
(1280, 65, 'Canama_Rusty_Salary Adjustment March 20166.pdf', 'Salary Adjustment March 2016'),
(1281, 65, 'Canama_Rusty_Salary Adjustment June 20177.pdf', 'Salary Adjustment June 2017'),
(1282, 106, 'Bugna_Mary Grace_Application for Employment1.pdf', 'Application for Employment'),
(1283, 106, 'Bugna_Mary Grace_Employment Amendment Form July 20182.pdf', 'Employment Amendment Form July 2018'),
(1284, 106, 'Bugna_Mary Grace_Exam Results3.pdf', 'Exam Results'),
(1285, 106, 'Bugna_Mary Grace_MDR Philhealth4.pdf', 'MDR Philhealth'),
(1286, 106, 'Bugna_Mary Grace_NBI Clearance5.pdf', 'NBI Clearance'),
(1287, 106, 'Bugna_Mary Grace_OJT Agreement6.pdf', 'OJT Agreement'),
(1288, 106, 'Bugna_Mary Grace_Pag-ibig No.7.pdf', 'Pag-ibig No.'),
(1289, 106, 'Bugna_Mary Grace_Probationary Employment Contract8.pdf', 'Probationary Employment Contract'),
(1290, 106, 'Bugna_Mary Grace_SSS No.9.pdf', 'SSS No.'),
(1291, 106, 'Bugna_Mary Grace_Training Agreement10.pdf', 'Training Agreement'),
(1292, 62, 'Beato_Ruel_IDs6.pdf', 'IDs'),
(1293, 62, 'Beato_Ruel_MDR Philhealth7.pdf', 'MDR Philhealth'),
(1294, 62, 'Beato_Ruel_Salary Adjustment June 20178.pdf', 'Salary Adjustment June 2017'),
(1295, 62, 'Beato_Ruel_Salary Adjustment March 20169.pdf', 'Salary Adjustment March 2016'),
(1296, 88, 'Carbaquil_Rey_Employee Amendment Form Feb 201912.pdf', 'Employee Amendment Form Feb 2019'),
(1297, 59, 'Bawar_Gener_Salary Adjustment June 20175.pdf', 'Salary Adjustment June 2017'),
(1298, 57, 'Bating_Rashelle Joy_Medical Result12.pdf', 'Medical Result'),
(1299, 57, 'Bating_Rashelle Joy_Police Clearance13.pdf', 'Police Clearance'),
(1300, 57, 'Bating_Rashelle Joy_Probationary Employment Contract14.pdf', 'Probationary Employment Contract'),
(1301, 57, 'Bating_Rashelle Joy_Transcript of Record15.pdf', 'Transcript of Record'),
(1302, 55, 'Baculio_Joemillan_Salary Adjustment March 20163.pdf', 'Salary Adjustment March 2016'),
(1303, 54, 'Arroyo_Alona_Exam Results7.pdf', 'Exam Results'),
(1304, 54, 'Arroyo_Alona_Memo-Transfer of Electro-Mechanical Fund Accountability8.pdf', 'Memo-Transfer of Electro-Mechanical Fund Accountability'),
(1305, 54, 'Arroyo_Alona_PRC- Board of Ratings9.pdf', 'PRC- Board of Ratings'),
(1306, 54, 'Arroyo_Alona_Salary Adjustment June 201510.pdf', 'Salary Adjustment June 2015'),
(1307, 54, 'Arroyo_Alona_Salary Adjustment March 201611.pdf', 'Salary Adjustment March 2016'),
(1308, 54, 'Arroyo_Alona_Transcript of Record12.pdf', 'Transcript of Record'),
(1309, 127, 'Jambongana_Jushkyle_Application for Employment1.pdf', 'Application for Employment'),
(1310, 127, 'Jambongana_Jushkyle_OJT Certification2.pdf', 'OJT Certification'),
(1311, 127, 'Jambongana_Jushkyle_Employment Amendment Form 070120183.pdf', 'Employment Amendment Form July 2018'),
(1312, 127, 'Jambongana_Jushkyle_Exam Result4.pdf', 'Exam Result'),
(1313, 127, 'Jambongana_Jushkyle_Letter of Explanation 5.pdf', 'Letter of Explanation '),
(1314, 127, 'Jambongana_Jushkyle_Recommendation OJT6.pdf', 'Recommendation OJT'),
(1315, 127, 'Jambongana_Jushkyle_HDMF MDF7.pdf', 'HDMF MDF'),
(1316, 127, 'Jambongana_Jushkyle_PHIC MDR8.pdf', 'PHIC MDR'),
(1317, 127, 'Jambongana_Jushkyle_NBI9.pdf', 'NBI'),
(1318, 127, 'Jambongana_Jushkyle_Probationary Contract10.pdf', 'Probationary Contract'),
(1319, 127, 'Jambongana_Jushkyle_SSS11.pdf', 'SSS'),
(1320, 127, 'Jambongana_Jushkyle_Training Agreement12.pdf', 'Training Agreement'),
(1321, 127, 'Jambongana_Jushkyle_Exam Result 213.pdf', 'Exam Result (Aptitude Test)');
INSERT INTO `other_files` (`other_id`, `personal_id`, `other_file`, `other_name`) VALUES
(1322, 143, 'Jardiniano_Bobby_PHIC MDR5.pdf', 'PHIC MDR'),
(1323, 143, 'Jardiniano_Bobby_Performance Evaluation 3rd Month6.pdf', 'Performance Evaluation 3rd Month'),
(1324, 143, 'Jardiniano_Bobby_Probationary Employment Contract7.pdf', 'Probationary Employment Contract'),
(1325, 143, 'Jardiniano_Bobby_Project Employment8.pdf', 'Project Employment'),
(1326, 143, 'Jardiniano_Bobby_Work Order9.pdf', 'Work Order'),
(1327, 7, 'Jardinico_Stephen_Birth Certificate of Dependent10.pdf', 'Birth Certificate of Dependent'),
(1328, 7, 'Jardinico_Stephen_Cedula11.pdf', 'Cedula'),
(1329, 7, 'Jardinico_Stephen_Interview Assessment Report12.pdf', 'Interview Assessment Report'),
(1330, 7, 'Jardinico_Stephen_PHIC MDR13.pdf', 'PHIC MDR'),
(1331, 7, 'Jardinico_Stephen_NSO Birth Certificate14.pdf', 'NSO Birth Certificate'),
(1332, 7, 'Jardinico_Stephen_SSS15.pdf', 'SSS'),
(1333, 9, 'LABANON_JOEY_Employee Amendment Form 20166.pdf', 'Employee Amendment Form 2016'),
(1334, 9, 'LABANON_JOEY_Police Clearance7.pdf', 'Police Clearance'),
(1335, 9, 'LABANON_JOEY_Salary Adjustment8.pdf', 'Salary Adjustment'),
(1336, 9, 'LABANON_JOEY_Transcript of Record9.pdf', 'Transcript of Record'),
(1337, 150, 'Aizpuro_Ivy Mae_Employee Amendment Form Feb 201913.pdf', 'Employee Amendment Form Feb 2019'),
(1338, 150, 'Aizpuro_Ivy Mae_Probationary Employment Contract14.pdf', 'Probationary Employment Contract'),
(1339, 185, 'AQUINO_MELINDA_Confirmation of Regularization14.pdf', 'Confirmation of Regularization'),
(1340, 185, 'AQUINO_MELINDA_Employee Amendment Form Feb 201915.pdf', 'Employee Amendment Form Feb 2019'),
(1341, 51, 'Arana_Ma. Milagros_Employment Amendment Form Feb 201913.pdf', 'Employment Amendment Form Feb 2019'),
(1342, 2, 'Arsenio_Rhea_Employee Amendment Form Feb 201912.pdf', 'Employment Amendment Form Feb 2019'),
(1343, 85, 'Benares_Jonah Faye_Employment Amendment Form Feb 201915.pdf', 'Employment Amendment Form Feb 2019'),
(1344, 151, 'Bias_Kervic_Employment Amendment form Feb 201917.pdf', 'Employment Amendment form Feb 2019'),
(1345, 86, 'Cabaylo_Maylen_Employment Amendment Form Feb 201918.pdf', 'Employment Amendment Form Feb 2019'),
(1346, 87, 'Calibjo_Joemarie_Employment Amendment Form Feb 20199.pdf', 'Employment Amendment Form Feb 2019'),
(1347, 88, 'Carbaquil_Rey_Employment Amendment Form Feb 201913.pdf', 'Employment Amendment Form Feb 2019'),
(1348, 133, 'Cesar_Cristy_Confirmation of Regularization13.pdf', 'Confirmation of Regularization'),
(1349, 133, 'Cesar_Cristy_Employment Amendment Form Feb 201914.pdf', 'Employment Amendment Form Feb 2019'),
(1350, 90, 'Danoy_Gretchen_Employee Amendment Form Feb 201915.pdf', 'Employment Amendment Form Feb 2019'),
(1351, 92, 'De Los Santos_Joemar_Employment Amendment Form Feb 201911.pdf', 'Employment Amendment Form Feb 2019'),
(1352, 94, 'Espera_Imelda_Employment Amendment Form Feb 201911.pdf', 'Employment Amendment Form Feb 2019'),
(1353, 136, 'Febrio_Elaisa Jane_Confirmation of Regularization17.pdf', 'Confirmation of Regularization'),
(1354, 136, 'Febrio_Elaisa Jane_Probationary Employment Contract18.pdf', 'Probationary Employment Contract'),
(1355, 102, 'Flor_Jason_Confirmation of Regularization14.pdf', 'Confirmation of Regularization'),
(1356, 102, 'Flor_Jason_Employment Amendment Form March 201915.pdf', 'Employment Amendment Form March 2019'),
(1357, 102, 'Flor_Jason_OJT Agreement16.pdf', 'OJT Training Agreement'),
(1358, 112, 'Rosales_Zyndyryn_Employment Amendment Form Feb 201915.pdf', 'Employment Amendment Form Feb 2019'),
(1359, 95, 'Gabales_Zara Joy_Employment Amendment Form Feb 201916.pdf', 'Employment Amendment Form Feb 2019'),
(1360, 154, 'Gaudite_Rose Brenette_Confirmation of Regularization13.pdf', 'Confirmation of Regularization'),
(1361, 97, 'Grabillo_Celina Marie_Employment Amendment Form Feb 201918.pdf', 'Employment Amendment Form Feb 2019'),
(1362, 100, 'Iba?ez _Nazario Shyde_Employment Amendment form Feb 201917.pdf', 'Employment Amendment form Feb 2019'),
(1363, 101, 'Jalandoni_Gebby_Employment Amendment Form Feb 201912.pdf', 'Employment Amendment Form Feb 2019'),
(1364, 98, 'Jamero_Lloyd_Employment Amendment Form Feb 201911.pdf', 'Employment Amendment Form Feb 2019'),
(1365, 99, 'Jo_Caesariane_Confirmation of regularization18.pdf', 'Confirmation of regularization'),
(1366, 99, 'Jo_Caesariane_Employment Amendment Form Jan 201919.pdf', 'Employment Amendment Form Jan 2019'),
(1367, 174, 'Jomiller _Silena_Employment Amendment Form March 201912.pdf', 'Employment Amendment Form March 2019'),
(1368, 104, 'Lacambra_Annavi_Employment Amendment Form Feb 201912.pdf', 'Employment Amendment Form Feb 2019'),
(1369, 155, 'Leonardia_Carlos Antonio_IDs8.pdf', 'IDs'),
(1370, 107, 'Oquiana_Ma. Erika_Employment Amendment Form 201921.pdf', 'Employment Amendment Form Feb 2019'),
(1371, 108, 'Plaza_Charmaine Rei_Employment Amendment Form Feb 201916.pdf', 'Employment Amendment Form Feb 2019'),
(1372, 110, 'Ramirez_Cresilda_Employment Amendment Form Feb 201920.pdf', 'Employment Amendment Form Feb 2019'),
(1373, 169, 'Ricarse_Rowena_Acknowledgement-Handbook9.pdf', 'Acknowledgement-Handbook'),
(1374, 169, 'Ricarse_Rowena_Probationary Employment Contract10.pdf', 'Probationary Employment Contract'),
(1375, 111, 'Rocha_Melanie_Employment Amendment Form Feb 201914.pdf', 'Employment Amendment Form Feb 2019'),
(1376, 111, 'Rocha_Melanie_Confirmation of Regularization15.pdf', 'Confirmation of Regularization'),
(1377, 112, 'Rosales_Zyndyryn_Employment Amendment Form Feb 201916.pdf', 'Employment Amendment Form Feb 2019'),
(1378, 113, 'Saludo_Genie_Employment Amendment Form Feb 201915.pdf', 'Employment Amendment Form Feb 2019'),
(1379, 114, 'Sanchez_Daisy Jane_Employment Amendment Form Feb 201913.pdf', 'Employment Amendment Form Feb 2019'),
(1380, 128, 'Severino_Stephine David_Employment Amendment Form Feb 20199.pdf', 'Employment Amendment Form Feb 2019'),
(1381, 128, 'Severino_Stephine David_Confirmation of Regularization10.pdf', 'Confirmation of Regularization'),
(1382, 128, 'Severino_Stephine David_OJT Agreement11.pdf', 'OJT Agreement'),
(1383, 118, 'Tabilla_Marianita_Employment Amendment Form Feb 201918.pdf', 'Employment Amendment Form Feb 2019'),
(1384, 121, 'Tan_Teresa_Employment Amendment Form Feb 201921.pdf', 'Employment Amendment Form Feb 2019'),
(1385, 148, 'Tanan_Hennelen_Confirmation of Regularization12.pdf', 'Confirmation of Regularization'),
(1386, 148, 'Tanan_Hennelen_Employment Amendment Form Feb 201913.pdf', 'Employment Amendment Form Feb 2019'),
(1387, 148, 'Tanan_Hennelen_Probationary Employment Contract14.pdf', 'Probationary Employment Contract'),
(1388, 123, 'Villas_Dary Mae_Employment Amendment Form Jan 201919.pdf', 'Employment Amendment Form Jan 2019'),
(1389, 44, 'Ambong_Fleur De Liz_IDs8.pdf', 'IDs'),
(1390, 44, 'Ambong_Fleur De Liz_Incident Report9.pdf', 'Incident Report'),
(1391, 44, 'Ambong_Fleur De Liz_Medical Certificate10.pdf', 'Medical Certificate'),
(1392, 44, 'Ambong_Fleur De Liz_Police Clearance11.pdf', 'Police Clearance'),
(1393, 68, 'Depasupil_Vincent Jed_Employment Application1.pdf', 'Employment Application'),
(1394, 68, 'Depasupil_Vincent Jed_Diploma2.pdf', 'Diploma'),
(1395, 68, 'Depasupil_Vincent Jed_Certificate of Employment3.pdf', 'Certificate of Employment'),
(1396, 68, 'Depasupil_Vincent Jed_Cedula4.pdf', 'Cedula'),
(1397, 68, 'Depasupil_Vincent Jed_IDs5.pdf', 'IDs'),
(1398, 68, 'Depasupil_Vincent Jed_Medical6.pdf', 'Medical'),
(1399, 68, 'Depasupil_Vincent Jed_NSO Birth Certificate7.pdf', 'NSO Birth Certificate'),
(1400, 68, 'Depasupil_Vincent Jed_OJT Certificate8.pdf', 'OJT Certificate'),
(1401, 68, 'Depasupil_Vincent Jed_Probationary Contract 9.pdf', 'Probationary Contract '),
(1402, 68, 'Depasupil_Vincent Jed_Transcript of Records10.pdf', 'Transcript of Records'),
(1403, 68, 'Depasupil_Vincent Jed_Barangay Clearance11.pdf', 'Barangay Clearance'),
(1404, 69, 'Duis_Melfa_Probationary Contract11.pdf', 'Probationary Contract'),
(1405, 69, 'Duis_Melfa_Test Exam and Result12.pdf', 'Test Exam and Result'),
(1406, 69, 'Duis_Melfa_Transcript of Record13.pdf', 'Transcript of Record'),
(1407, 69, 'Duis_Melfa_Transcript of Record13.pdf', 'Transcript of Record'),
(1408, 69, 'Duis_Melfa_Member Data Change Request14.pdf', 'Member Data Change Request'),
(1409, 69, 'Duis_Melfa_Member Data Change Request14.pdf', 'Member Data Change Request'),
(1410, 71, 'Factolerin_Jerson_Salary Adjustment10.pdf', 'Salary Adjustment'),
(1411, 71, 'Factolerin_Jerson_Test Assessment11.pdf', 'Test Assessment'),
(1412, 71, 'Factolerin_Jerson_Pre Regularization Interview Form12.pdf', 'Pre Regularization Interview Form'),
(1413, 71, 'Factolerin_Jerson_Employment Amendment Form 201813.pdf', 'Employment Amendment Form 2018'),
(1414, 71, 'Factolerin_Jerson_Employment Amendment Form 201714.pdf', 'Employment Amendment Form 2017'),
(1415, 75, 'Fernandez_Julius_Employment Amendment Form 20185.pdf', 'Employment Amendment Form 2018'),
(1416, 75, 'Fernandez_Julius_IDs6.pdf', 'IDs'),
(1417, 75, 'Fernandez_Julius_NSO Birth Certificate7.pdf', 'NSO Birth Certificate'),
(1418, 75, 'Fernandez_Julius_NSO Marriage Certificate8.pdf', 'NSO Marriage Certificate'),
(1419, 75, 'Fernandez_Julius_Regularization Contract9.pdf', 'Regularization Contract'),
(1420, 75, 'Fernandez_Julius_Salary Adjustment 10.pdf', 'Salary Adjustment '),
(1421, 81, 'Fortuno_Luisito_PHIC MDR6.pdf', 'PHIC MDR'),
(1422, 81, 'Fortuno_Luisito_Salary Adjustment7.pdf', 'Salary Adjustment'),
(1423, 141, 'Globert _Felipe III_NSO Marriage Certificate15.pdf', 'NSO Marriage Certificate'),
(1424, 141, 'Globert _Felipe III_PHIC MDR16.pdf', 'PHIC MDR'),
(1425, 141, 'Globert _Felipe III_Test Assessment17.pdf', 'Test Assessment'),
(1426, 141, 'Globert _Felipe III_Transcript of Records18.pdf', 'Transcript of Records'),
(1427, 141, 'Globert _Felipe III_Medical19.pdf', 'Medical'),
(1428, 142, 'Golvio_Mikko_PHIC MDR12.pdf', 'PHIC MDR'),
(1429, 142, 'Golvio_Mikko_Police Clearance13.pdf', 'Police Clearance'),
(1430, 142, 'Golvio_Mikko_Regularization Contract14.pdf', 'Regularization Contract'),
(1431, 142, 'Golvio_Mikko_Salary Adjustments15.pdf', 'Salary Adjustments'),
(1432, 142, 'Golvio_Mikko_Transcript of Records16.pdf', 'Transcript of Records'),
(1433, 145, 'Argawanon_Rey_PHIC Certificate of Premium Contribution3.pdf', 'PHIC Certificate of Premium Contribution'),
(1434, 77, 'Sabit_Roy_Employment Amendment Form Feb 20199.pdf', 'Employment Amendment Form Feb 2019'),
(1435, 8, 'Alunan _Rebecca_Employment Amendment Form 201920.pdf', 'Employment Amendment Form 2019'),
(1436, 66, 'Corino_Exequil_Employment Amendment Form Feb 20197.pdf', 'Employment Amendment Form Feb 2019'),
(1437, 65, 'Canama_Rusty_Employment Amendment Form Feb 20198.pdf', 'Employment Amendment Form Feb 2019'),
(1438, 106, 'Bugna_Mary Grace_Confirmation of Regularization11.pdf', 'Confirmation of Regularization'),
(1439, 106, 'Bugna_Mary Grace_Employee Amendment Form Feb 201912.pdf', 'Employment Amendment Form Feb 2019'),
(1440, 62, 'Beato_Ruel_Employment Amendment Form Feb 201910.pdf', 'Employment Amendment Form Feb 2019'),
(1441, 59, 'Bawar_Gener_Employment Amendment Form Feb 20196.pdf', 'Employment Amendment Form Feb 2019'),
(1442, 57, 'Bating_Rashelle Joy_Employee Amendment Form Feb 201916.pdf', 'Employee Amendment Form Feb 2019'),
(1443, 55, 'Baculio_Joemillan_Employement Amendment Form Feb 20194.pdf', 'Employment Amendment Form Feb 2019'),
(1444, 54, 'Arroyo_Alona_Employment Amendment Form Feb 201913.pdf', 'Employment Amendment Form Feb 2019'),
(1445, 178, 'Villarias_Jobelle_Confirmation of Regularization16.pdf', 'Confirmation of Regularization'),
(1446, 178, 'Villarias_Jobelle_Employment Amendment form Feb 201917.pdf', 'Employment Amendment form Feb 2019'),
(1447, 139, 'Gellada_Donna_Cedula24.pdf', 'Cedula'),
(1448, 139, 'Gellada_Donna_Employment Amendment Form Feb 201925.pdf', 'Employment Amendment Form Feb 2019'),
(1449, 139, 'Gellada_Donna_Probationary Employment Contract26.pdf', 'Probationary Employment Contract'),
(1450, 141, 'Globert _Felipe III_Employment Amendment Form Feb 201920.pdf', 'Employment Amendment Form Feb 2019'),
(1451, 142, 'Golvio_Mikko_Employment Amendment form Feb 201917.pdf', 'Employment Amendment form Feb 2019'),
(1452, 142, 'Golvio_Mikko_Employee''s Profile18.pdf', 'Employee''s Profile'),
(1453, 9, 'LABANON_JOEY_Employment Amendment Form Feb 201910.pdf', 'Employment Amendment Form Feb 2019'),
(1454, 143, 'Jardiniano_Bobby_Confirmation of Regularization10.pdf', 'Confirmation of Regularization'),
(1455, 143, 'Jardiniano_Bobby_Employment Amendment Form Feb 201911.pdf', 'Employment Amendment Form Feb 2019'),
(1456, 7, 'Jardinico_Stephen_Employment Amendment Form Feb 201916.pdf', 'Employment Amendment Form Feb 2019'),
(1457, 127, 'Jambongana_Jushkyle_Employment Amendment Form Feb 201914.pdf', 'Employment Amendment Form Feb 2019'),
(1458, 184, 'Jabiniar_Erimar_Confirmation of Regularization9.pdf', 'Confirmation of Regularization'),
(1459, 184, 'Jabiniar_Erimar_Employment Amendment Form Feb 201910.pdf', 'Employment Amendment Form Feb 2019'),
(1460, 64, 'Cababat_Vency_Employment Amendment Form Feb 20197.pdf', 'Employment Amendment Form Feb 2019'),
(1463, 145, 'Argawanon_Rey_Employment Amendment Form Feb 20194.pdf', 'Employment Amendment Form Feb 2019'),
(1464, 68, 'Depasupil_Vincent Jed_Confirmation of Regularization12.pdf', 'Confirmation of Regularization'),
(1465, 68, 'Depasupil_Vincent Jed_Employment Amendment Form Feb 201913.pdf', 'Employment Amendment Form Feb 2019'),
(1466, 71, 'Factolerin_Jerson_Employment Amendment Form Feb 201915.pdf', 'Employment Amendment Form Feb 2019'),
(1467, 69, 'Duis_Melfa_Employment Amendment form Feb 201917.pdf', 'Employment Amendment form Feb 2019'),
(1468, 69, 'Duis_Melfa_Confirmation of Regularization18.pdf', 'Confirmation of Regularization'),
(1469, 44, 'Ambong_Fleur De Liz_Employment Amendment Form Feb 201912.pdf', 'Employment Amendment Form Feb 2019'),
(1470, 75, 'Fernandez_Julius_Employment Amendment Form Feb 201911.pdf', 'Employment Amendment Form Feb 2019'),
(1471, 81, 'Fortuno_Luisito_Employment Amendment Form Feb 20198.pdf', 'Employment Amendment Form Feb 2019'),
(1472, 67, 'Dagupan_Juanito_PHIC ID6.pdf', 'PHIC ID'),
(1473, 67, 'Dagupan_Juanito_Regularization Contract7.pdf', 'Regularization Contract'),
(1474, 67, 'Dagupan_Juanito_Salary Adjustment8.pdf', 'Salary Adjustment'),
(1475, 67, 'Dagupan_Juanito_UMID ID9.pdf', 'UMID ID'),
(1476, 129, 'Divinagracia_Julyn May_Application for Employment1.pdf', 'Application for Employment'),
(1477, 129, 'Divinagracia_Julyn May_Training Contract2.pdf', 'Training Contract'),
(1478, 129, 'Divinagracia_Julyn May_Probationary Contract 3.pdf', 'Probationary Contract '),
(1479, 129, 'Divinagracia_Julyn May_Basic IQ Test4.pdf', 'Basic IQ Test'),
(1480, 129, 'Divinagracia_Julyn May_Test Answer Sheet5.pdf', 'Test Answer Sheet'),
(1481, 129, 'Divinagracia_Julyn May_Employment Amendment Form 20186.pdf', 'Employment Amendment Form 2018'),
(1482, 129, 'Divinagracia_Julyn May_HDMF MDF7.pdf', 'HDMF MDF'),
(1483, 129, 'Divinagracia_Julyn May_BIR 19028.pdf', 'BIR 1902'),
(1484, 129, 'Divinagracia_Julyn May_Certificate of Employment 9.pdf', 'Certificate of Employment '),
(1485, 129, 'Divinagracia_Julyn May_SSS E110.pdf', 'SSS E1'),
(1486, 129, 'Divinagracia_Julyn May_PHIC MDR11.pdf', 'PHIC MDR'),
(1487, 129, 'Divinagracia_Julyn May_NBI Clearance12.pdf', 'NBI Clearance'),
(1488, 129, 'Divinagracia_Julyn May_NSO Birth Certificate13.pdf', 'NSO Birth Certificate'),
(1489, 129, 'Divinagracia_Julyn May_OJT Endorsement Letter 14.pdf', 'OJT Endorsement Letter '),
(1490, 129, 'Divinagracia_Julyn May_Confirmation of Regularization15.pdf', 'Confirmation of Regularization'),
(1491, 129, 'Divinagracia_Julyn May_Employment Amendment Form Feb 201916.pdf', 'Employment Amendment Form Feb 2019'),
(1492, 129, 'Divinagracia_Julyn May_OJT Agreement17.pdf', 'OJT Agreement'),
(1493, 67, 'Dagupan_Juanito_Employment Amendment Form Feb 201910.pdf', 'Employment Amendment Form Feb 2019'),
(1494, 42, 'Manilla_Alex_Employment Amendment Form Feb 201915.pdf', 'Employment Amendment Form Feb 2019'),
(1495, 49, 'Ortega_Andro_Employment Amendment Form Feb 201910.pdf', 'Employment Amendment Form Feb 2019'),
(1496, 49, 'Ortega_Andro_BIR 231611.pdf', 'BIR 2316'),
(1497, 58, 'Purisima_Mario Dante_Employment Amendment Form Feb 201914.pdf', 'Employment Amendment Form Feb 2019'),
(1498, 63, 'Roiles_Lawrence Vincent_Employment Amendment Form Feb 201916.pdf', 'Employment Amendment Form Feb 2019'),
(1499, 70, 'Samano_Godfrey Stephen_Employment Amendment Form Feb 201918.pdf', 'Employment Amendment Form Feb 2019'),
(1500, 73, 'Tagarda_Alexander_Employment Amendment Form Feb 20199.pdf', 'Employment Amendment Form Feb 2019'),
(1501, 82, 'Tignero_Ryan_Employment Amendment Form Feb 201912.pdf', 'Employment Amendment Form Feb 2019'),
(1502, 98, 'Jamero_Lloyd_Employee Amendment Form Feb 201912.pdf', 'Employee Amendment Form Feb 2019'),
(1503, 11, 'Liao_Roan Renz_Employment Amendment Form Feb 201914.pdf', 'Employment Amendment Form Feb 2019'),
(1504, 37, 'Lovico_Gino_Employment Amendment Form Feb 20196.pdf', 'Employment Amendment Form Feb 2019'),
(1505, 38, 'Madeja _Ricky _Employment Amendment Form Feb 20197.pdf', 'Employment Amendment Form Feb 2019'),
(1506, 171, 'MATUCAN_JERRY_Confirmation of Regularization9.pdf', 'Confirmation of Regularization'),
(1507, 171, 'MATUCAN_JERRY_Employment Amendment Form Feb 201910.pdf', 'Employment Amendment Form Feb 2019'),
(1508, 47, 'Montero_Francis_Employment Amendment Form Feb 20197.pdf', 'Employment Amendment Form Feb 2019'),
(1509, 53, 'Panes_Joselito_Employment Amendment Form Feb 20196.pdf', 'Employment Amendment Form Feb 2019'),
(1510, 182, 'Sasamoto_Kennah_Confirmation of Regularization12.pdf', 'Confirmation of Regularization'),
(1511, 182, 'Sasamoto_Kennah_Employment Amendment Form Feb 201913.pdf', 'Employment Amendment Form Feb 2019'),
(1512, 74, 'Tandoy_Ariel _Employment Amendment Form Feb 201911.pdf', 'Employment Amendment Form Feb 2019'),
(1513, 79, 'Torres_Irish Dawn_Employment Amendment Form 201920.pdf', 'Employment Amendment Form 2019'),
(1514, 80, 'Urnopia_Democrito_Employment Amendment Form Feb 201918.pdf', 'Employment Amendment Form Feb 2019'),
(1515, 172, 'Ampog_Beverly _Confirmation of Regularization14.pdf', 'Confirmation of Regularization'),
(1516, 172, 'Ampog_Beverly _Employment Amendment Form Nov 201815.pdf', 'Employment Amendment Form Nov 2018'),
(1517, 109, 'Quiocson_Romeo_Employment Amendment Form Feb 201911.pdf', 'Employment Amendment Form Feb 2019'),
(1518, 109, 'Quiocson_Romeo_Confirmation of Regularization12.pdf', 'Confirmation of Regularization'),
(1519, 4, 'Alevio_Carlito_Employment Amendment Form Aug 20164.pdf', 'Employment Amendment Form Aug 2016'),
(1520, 4, 'Alevio_Carlito_Salary Adjustment 2016-20175.pdf', 'Salary Adjustment 2016-2017'),
(1521, 4, 'Alevio_Carlito_Employment Amendment Form Feb 20196.pdf', 'Employment Amendment Form Feb 2019'),
(1522, 6, 'Alova_Regina_Salary Adjustment  20179.pdf', 'Salary Adjustment  2017'),
(1523, 6, 'Alova_Regina_Transcript of Record10.pdf', 'Transcript of Record'),
(1524, 6, 'Alova_Regina_Employment Amendment Form Feb 201911.pdf', 'Employment Amendment Form Feb 2019'),
(1525, 144, 'Alejandro_John Ezequiel_Salary Adjustment 2016-20176.pdf', 'Salary Adjustment 2016-2017'),
(1526, 144, 'Alejandro_John Ezequiel_Tin #7.pdf', 'Tin #'),
(1527, 144, 'Alejandro_John Ezequiel_Employment Amendment Form Feb 20198.pdf', 'Employment Amendment Form Feb 2019'),
(1528, 78, 'Sarcauga_Kelwin_BIR 23161.pdf', 'BIR 2316'),
(1529, 78, 'Sarcauga_Kelwin_Certificate of Employment E.G.&I Construction Corp2.pdf', 'Certificate of Employment E.G.&I Construction Corp'),
(1530, 78, 'Sarcauga_Kelwin_Employment Amendment Form July 20183.pdf', 'Employment Amendment Form July 2018'),
(1531, 78, 'Sarcauga_Kelwin_Employment Amendment Form Aug 20164.pdf', 'Employment Amendment Form Aug 2016'),
(1532, 78, 'Sarcauga_Kelwin_MDR Philhealth5.pdf', 'MDR Philhealth'),
(1533, 78, 'Sarcauga_Kelwin_Confirmation of Regularization6.pdf', 'Confirmation of Regularization'),
(1534, 78, 'Sarcauga_Kelwin_Tin #7.pdf', 'Tin #'),
(1535, 78, 'Sarcauga_Kelwin_8.pdf', ''),
(1536, 1, 'Adorio_Marlon_Employment Amendment Form July 20184.pdf', 'Employment Amendment Form July 2018'),
(1537, 1, 'Adorio_Marlon_Employee''s Profile5.pdf', 'Employee''s Profile'),
(1538, 1, 'Adorio_Marlon_Exam Results6.pdf', 'Exam Results'),
(1539, 1, 'Adorio_Marlon_Salary Adjustment 2016-20177.pdf', 'Salary Adjustment 2016-2017'),
(1540, 1, 'Adorio_Marlon_Employment Amendment Form Feb 20198.pdf', 'Employment Amendment Form Feb 2019'),
(1541, 50, 'Angulo_Genaro _Employment Amendment Form July 20184.pdf', 'Employment Amendment Form July 2018'),
(1542, 50, 'Angulo_Genaro _Exam Results5.pdf', 'Exam Results'),
(1543, 50, 'Angulo_Genaro _Salary Adjustment 2015-20166.pdf', 'Salary Adjustment 2015-2016'),
(1544, 50, 'Angulo_Genaro _Employment Amendment Form Feb 20197.pdf', 'Employment Amendment Form Feb 2019'),
(1545, 50, 'Angulo_Genaro _Employee Verbal Counselling8.pdf', 'Employee''s  Verbal Counselling'),
(1546, 37, 'Lovico_Gino_Application for Employment7.pdf', 'Application for Employment'),
(1547, 41, 'maglinte_Danilo_Employment Amendment Form July 20187.pdf', 'Employment Amendment Form July 2018'),
(1548, 41, 'maglinte_Danilo_Salary Adjustment June 20178.pdf', 'Salary Adjustment June 2017'),
(1549, 41, 'maglinte_Danilo_Salary Adjustment March 20169.pdf', 'Salary Adjustment March 2016'),
(1550, 41, 'maglinte_Danilo_Salary Adjustment Sept 201510.pdf', 'Salary Adjustment Sept 2015'),
(1551, 41, 'maglinte_Danilo_Employment Amendment Form Feb 201911.pdf', 'Employment Amendment Form Feb 2019'),
(1552, 45, 'Mondejar_Genielyn_Application for Employment1.pdf', 'Application for Employment'),
(1553, 45, 'Mondejar_Genielyn_Birth Certificate2.pdf', 'Birth Certificate'),
(1554, 45, 'Mondejar_Genielyn_Certificate of Employment3.pdf', 'Certificate of Employment'),
(1555, 45, 'Mondejar_Genielyn_Confirmation of Regularization4.pdf', 'Confirmation of Regularization'),
(1556, 45, 'Mondejar_Genielyn_Diploma5.pdf', 'Diploma'),
(1557, 45, 'Mondejar_Genielyn_Employment Amendment Form July 20186.pdf', 'Employment Amendment Form July 2018'),
(1558, 45, 'Mondejar_Genielyn_Employment Amendment Form Sept 20167.pdf', 'Employment Amendment Form Sept 2016'),
(1559, 45, 'Mondejar_Genielyn_Exam Result8.pdf', 'Exam Result'),
(1560, 45, 'Mondejar_Genielyn_IDs9.pdf', 'IDs'),
(1561, 45, 'Mondejar_Genielyn_Marriage Certificate10.pdf', 'Marriage Certificate'),
(1562, 45, 'Mondejar_Genielyn_Medical Result11.pdf', 'Medical Result'),
(1563, 45, 'Mondejar_Genielyn_Salary Adjustment Aug 201512.pdf', 'Salary Adjustment Aug 2015'),
(1564, 45, 'Mondejar_Genielyn_Salary Adjustment June 201713.pdf', 'Salary Adjustment June 2017'),
(1565, 45, 'Mondejar_Genielyn_SSS Disclosure Statement Loan14.pdf', 'SSS Disclosure Statement Loan'),
(1566, 45, 'Mondejar_Genielyn_Transcript of Record15.pdf', 'Transcript of Record'),
(1567, 45, 'Mondejar_Genielyn_Employee''s Profile16.pdf', 'Employee''s Profile'),
(1568, 121, 'Tan_Teresa_Memo for RF Diesel Gas22.pdf', 'Memo for RF Diesel Gas'),
(1569, 196, 'Tolentino_Donna Rose_BIR 23161.pdf', 'BIR 2316'),
(1570, 196, 'Tolentino_Donna Rose_Certificate of Employment2.pdf', 'Certificate of Employment'),
(1571, 196, 'Tolentino_Donna Rose_Cedula3.pdf', 'Cedula'),
(1572, 196, 'Tolentino_Donna Rose_Diploma4.pdf', 'Diploma'),
(1573, 196, 'Tolentino_Donna Rose_Assessment Exam5.pdf', 'Assessment Exam'),
(1574, 196, 'Tolentino_Donna Rose_IDs6.pdf', 'IDs'),
(1575, 196, 'Tolentino_Donna Rose_Medical7.pdf', 'Medical'),
(1576, 196, 'Tolentino_Donna Rose_NSO Birth Certificate8.pdf', 'NSO Birth Certificate'),
(1577, 196, 'Tolentino_Donna Rose_Police Clearance9.pdf', 'Police Clearance'),
(1578, 196, 'Tolentino_Donna Rose_Transcript of Records10.pdf', 'Transcript of Records'),
(1579, 196, 'Tolentino_Donna Rose_Barangay Clearance11.pdf', 'Barangay Clearance'),
(1580, 196, 'Tolentino_Donna Rose_Application for Employment12.pdf', 'Application for Employment'),
(1581, 198, 'Providencia _Babylyn_Application for Employment1.pdf', 'Application for Employment'),
(1582, 198, 'Providencia _Babylyn_NSO Birth of Dependents2.pdf', 'NSO Birth of Dependents'),
(1583, 198, 'Providencia _Babylyn_Civil Service Eligibility 3.pdf', 'Civil Service Eligibility '),
(1584, 198, 'Providencia _Babylyn_Application Recommendation4.pdf', 'Application Recommendation'),
(1585, 198, 'Providencia _Babylyn_Certificate of Employment5.pdf', 'Certificate of Employment'),
(1586, 198, 'Providencia _Babylyn_Cedula6.pdf', 'Cedula'),
(1587, 198, 'Providencia _Babylyn_Diploma7.pdf', 'Diploma'),
(1588, 198, 'Providencia _Babylyn_SSS E18.pdf', 'SSS E1'),
(1589, 198, 'Providencia _Babylyn_HDMF Loan9.pdf', 'HDMF Loan'),
(1590, 198, 'Providencia _Babylyn_IDs10.pdf', 'IDs'),
(1591, 198, 'Providencia _Babylyn_Medical11.pdf', 'Medical'),
(1592, 198, 'Providencia _Babylyn_NBI Clearance12.pdf', 'NBI Clearance'),
(1593, 198, 'Providencia _Babylyn_NSO Birth Certificate13.pdf', 'NSO Birth Certificate'),
(1594, 198, 'Providencia _Babylyn_PHIC ID14.pdf', 'PHIC ID'),
(1595, 198, 'Providencia _Babylyn_SSS Loan15.pdf', 'SSS Loan'),
(1596, 198, 'Providencia _Babylyn_Transcript of Records16.pdf', 'Transcript of Records'),
(1597, 198, 'Providencia _Babylyn_Training Agreement17.pdf', 'Training Agreement'),
(1598, 195, 'Mago_Sherny_BIR 23161.pdf', 'BIR 2316'),
(1599, 195, 'Mago_Sherny_Certificate of Employment2.pdf', 'Certificate of Employment'),
(1600, 195, 'Mago_Sherny_APPLICATION FOR EMPLOYMENT3.pdf', 'APPLICATION FOR EMPLOYMENT'),
(1601, 195, 'Mago_Sherny_Cedula4.pdf', 'Cedula'),
(1602, 195, 'Mago_Sherny_Diploma Bachelors Degree5.pdf', 'Diploma Bachelors Degree'),
(1603, 195, 'Mago_Sherny_Diploma Post Graduate6.pdf', 'Diploma Post Graduate'),
(1604, 195, 'Mago_Sherny_Assessment Exam7.pdf', 'Assessment Exam'),
(1605, 195, 'Mago_Sherny_HDMF Loan8.pdf', 'HDMF Loan'),
(1606, 195, 'Mago_Sherny_IDs9.pdf', 'IDs'),
(1607, 195, 'Mago_Sherny_Medical10.pdf', 'Medical'),
(1608, 195, 'Mago_Sherny_NBI Clearance11.pdf', 'NBI Clearance'),
(1609, 195, 'Mago_Sherny_Application Recommendation12.pdf', 'Application Recommendation'),
(1610, 195, 'Mago_Sherny_SSS Loan13.pdf', 'SSS Loan'),
(1611, 195, 'Mago_Sherny_Transcript of Record14.pdf', 'Transcript of Record'),
(1612, 195, 'Mago_Sherny_Training Agreement15.pdf', 'Training Agreement'),
(1613, 195, 'Mago_Sherny_NSO Birth Certificate16.pdf', 'NSO Birth Certificate'),
(1614, 194, 'Destacamento_Ruth Jan_Application for Employment1.pdf', 'Application for Employment'),
(1615, 194, 'Destacamento_Ruth Jan_Barangay Clearance2.pdf', 'Barangay Clearance'),
(1616, 194, 'Destacamento_Ruth Jan_Cedula3.pdf', 'Cedula'),
(1617, 194, 'Destacamento_Ruth Jan_Diploma4.pdf', 'Diploma'),
(1618, 194, 'Destacamento_Ruth Jan_IDs5.pdf', 'IDs'),
(1619, 194, 'Destacamento_Ruth Jan_HDMF MDF6.pdf', 'HDMF MDF'),
(1620, 194, 'Destacamento_Ruth Jan_Medical7.pdf', 'Medical'),
(1621, 194, 'Destacamento_Ruth Jan_NBI Clearance8.pdf', 'NBI Clearance'),
(1622, 194, 'Destacamento_Ruth Jan_NSO Birth Certificate9.pdf', 'NSO Birth Certificate'),
(1623, 194, 'Destacamento_Ruth Jan_Police Clearance10.pdf', 'Police Clearance'),
(1624, 194, 'Destacamento_Ruth Jan_Technical Course Certificate11.pdf', 'Technical Course Certificate'),
(1625, 194, 'Destacamento_Ruth Jan_Transcript of Records12.pdf', 'Transcript of Records'),
(1626, 194, 'Destacamento_Ruth Jan_Training Agreement13.pdf', 'Training Agreement'),
(1627, 192, 'HILADO_CRIZEAL PRECIOUS CLAIRE_Application for Employment1.pdf', 'Application for Employment'),
(1628, 192, 'HILADO_CRIZEAL PRECIOUS CLAIRE_Certificate of Employment2.pdf', 'Certificate of Employment'),
(1629, 192, 'HILADO_CRIZEAL PRECIOUS CLAIRE_Cedula3.pdf', 'Cedula'),
(1630, 192, 'HILADO_CRIZEAL PRECIOUS CLAIRE_Training Agreement4.pdf', 'Training Agreement'),
(1631, 192, 'HILADO_CRIZEAL PRECIOUS CLAIRE_Diploma Bachelors Degree5.pdf', 'Diploma Bachelors Degree'),
(1632, 192, 'HILADO_CRIZEAL PRECIOUS CLAIRE_Assessment Exam6.pdf', 'Assessment Exam'),
(1633, 192, 'HILADO_CRIZEAL PRECIOUS CLAIRE_IDs7.pdf', 'IDs'),
(1634, 192, 'HILADO_CRIZEAL PRECIOUS CLAIRE_Medical8.pdf', 'Medical'),
(1635, 192, 'HILADO_CRIZEAL PRECIOUS CLAIRE_NBI Clearance9.pdf', 'NBI Clearance'),
(1636, 192, 'HILADO_CRIZEAL PRECIOUS CLAIRE_NSO Birth Certificate10.pdf', 'NSO Birth Certificate'),
(1637, 192, 'HILADO_CRIZEAL PRECIOUS CLAIRE_Transcript of Records11.pdf', 'Transcript of Records'),
(1638, 197, 'Lucerna_Alma_BIR 19021.pdf', 'BIR 1902'),
(1639, 197, 'Lucerna_Alma_NSO Birth Certificate2.pdf', 'NSO Birth Certificate'),
(1640, 197, 'Lucerna_Alma_APPLICATION FOR EMPLOYMENT3.pdf', 'APPLICATION FOR EMPLOYMENT'),
(1641, 197, 'Lucerna_Alma_Certificate of Employment4.pdf', 'Certificate of Employment'),
(1642, 197, 'Lucerna_Alma_Diploma Bachelors Degree5.pdf', 'Diploma Bachelors Degree'),
(1643, 197, 'Lucerna_Alma_SSS E16.pdf', 'SSS E1'),
(1644, 197, 'Lucerna_Alma_Assessment Exam7.pdf', 'Assessment Exam'),
(1645, 197, 'Lucerna_Alma_PHIC MDR8.pdf', 'PHIC MDR'),
(1646, 191, 'Sulig_Analyn_Application for Employment1.pdf', 'Application for Employment'),
(1647, 191, 'Sulig_Analyn_Certificate of Employment2.pdf', 'Certificate of Employment'),
(1648, 191, 'Sulig_Analyn_NSO Birth Certificate3.pdf', 'NSO Birth Certificate'),
(1649, 191, 'Sulig_Analyn_Cedula4.pdf', 'Cedula'),
(1650, 191, 'Sulig_Analyn_Diploma Bachelors Degree5.pdf', 'Diploma Bachelors Degree'),
(1651, 191, 'Sulig_Analyn_Assessment Exam6.pdf', 'Assessment Exam'),
(1652, 191, 'Sulig_Analyn_IDs7.pdf', 'IDs'),
(1653, 191, 'Sulig_Analyn_HDMF MDF8.pdf', 'HDMF MDF'),
(1654, 191, 'Sulig_Analyn_Medical9.pdf', 'Medical'),
(1655, 191, 'Sulig_Analyn_Police Clearance10.pdf', 'Police Clearance'),
(1656, 191, 'Sulig_Analyn_SSS E111.pdf', 'SSS E1'),
(1657, 191, 'Sulig_Analyn_Transcript of Records12.pdf', 'Transcript of Records'),
(1658, 191, 'Sulig_Analyn_13.pdf', 'Training Agreement'),
(1659, 193, 'Estoria_Dinah_1.pdf', 'Application for Employment'),
(1660, 193, 'Estoria_Dinah_Certificate of Employment2.pdf', 'Certificate of Employment'),
(1661, 193, 'Estoria_Dinah_Training Agreement3.pdf', 'Training Agreement'),
(1662, 193, 'Estoria_Dinah_Barangay Clearance4.pdf', 'Barangay Clearance'),
(1663, 193, 'Estoria_Dinah_Cedula5.pdf', 'Cedula'),
(1664, 193, 'Estoria_Dinah_Diploma6.pdf', 'Diploma'),
(1665, 193, 'Estoria_Dinah_SSS E17.pdf', 'SSS E1'),
(1666, 193, 'Estoria_Dinah_Assessment Exam8.pdf', 'Assessment Exam'),
(1667, 193, 'Estoria_Dinah_HDMF ID9.pdf', 'HDMF ID'),
(1668, 193, 'Estoria_Dinah_IDs10.pdf', 'IDs'),
(1669, 193, 'Estoria_Dinah_Medical11.pdf', 'Medical'),
(1670, 193, 'Estoria_Dinah_NBI Clearance12.pdf', 'NBI Clearance'),
(1671, 193, 'Estoria_Dinah_NSO Birth Certificate13.pdf', 'NSO Birth Certificate'),
(1672, 193, 'Estoria_Dinah_Police Clearance14.pdf', 'Police Clearance'),
(1673, 193, 'Estoria_Dinah_Transcript of Records 115.pdf', 'Transcript of Records 1'),
(1674, 193, 'Estoria_Dinah_Transcript of Records 216.pdf', 'Transcript of Records 2'),
(1675, 189, 'Salavante_Ladylyn_Application for Employment1.pdf', 'Application for Employment'),
(1676, 189, 'Salavante_Ladylyn_NSO Birth Certificate2.pdf', 'NSO Birth Certificate'),
(1677, 189, 'Salavante_Ladylyn_Training Agreement3.pdf', 'Training Agreement'),
(1678, 189, 'Salavante_Ladylyn_BIR 1902, 23164.pdf', 'BIR 1902, 2316'),
(1679, 189, 'Salavante_Ladylyn_NSO Birth of Dependents5.pdf', 'NSO Birth of Dependents'),
(1680, 189, 'Salavante_Ladylyn_NSO Marriage Certificate6.pdf', 'NSO Marriage Certificate'),
(1681, 189, 'Salavante_Ladylyn_Certificate of Employment7.pdf', 'Certificate of Employment'),
(1682, 189, 'Salavante_Ladylyn_Cedula8.pdf', 'Cedula'),
(1683, 189, 'Salavante_Ladylyn_Diploma9.pdf', 'Diploma'),
(1684, 189, 'Salavante_Ladylyn_Assessment Exam10.pdf', 'Assessment Exam'),
(1685, 189, 'Salavante_Ladylyn_IDs11.pdf', 'IDs'),
(1686, 189, 'Salavante_Ladylyn_Medical12.pdf', 'Medical'),
(1687, 189, 'Salavante_Ladylyn_Resume 213.pdf', 'Resume 2'),
(1688, 189, 'Salavante_Ladylyn_Transcript of Records14.pdf', 'Transcript of Records');

-- --------------------------------------------------------

--
-- Table structure for table `personal_data`
--

CREATE TABLE IF NOT EXISTS `personal_data` (
`personal_id` int(11) NOT NULL,
  `date_encoded` varchar(20) DEFAULT NULL,
  `lname` varchar(30) DEFAULT NULL,
  `fname` varchar(30) DEFAULT NULL,
  `mname` varchar(20) DEFAULT NULL,
  `name_ext` varchar(5) DEFAULT NULL,
  `age` int(3) NOT NULL,
  `sex` varchar(20) DEFAULT NULL,
  `civil_status` varchar(20) DEFAULT NULL,
  `permanent_address` varchar(100) DEFAULT NULL,
  `provincial_address` varchar(100) DEFAULT NULL,
  `pre_city` varchar(100) DEFAULT NULL,
  `pre_prov` varchar(50) DEFAULT NULL,
  `perm_city` varchar(50) DEFAULT NULL,
  `perm_prov` varchar(50) DEFAULT NULL,
  `bdate` date NOT NULL,
  `place_birth` varchar(50) DEFAULT NULL,
  `contact_no` varchar(13) DEFAULT NULL,
  `nationality` varchar(30) DEFAULT NULL,
  `religion` varchar(30) DEFAULT NULL,
  `map_file` varchar(255) DEFAULT NULL,
  `resume_file` varchar(255) DEFAULT NULL,
  `email` varchar(255) DEFAULT NULL,
  `status` varchar(100) DEFAULT NULL,
  `essay_file` varchar(255) DEFAULT NULL,
  `photo_upload` varchar(255) DEFAULT NULL,
  `bio_num` varchar(255) DEFAULT NULL,
  `date_hired` varchar(50) DEFAULT NULL,
  `emp_num` varchar(50) DEFAULT NULL,
  `emp_status` varchar(255) DEFAULT NULL,
  `current_dept` int(11) NOT NULL DEFAULT '0',
  `current_bu` int(11) NOT NULL DEFAULT '0',
  `current_location` int(11) NOT NULL DEFAULT '0',
  `current_supervisor` int(11) NOT NULL,
  `supervisor` int(11) NOT NULL DEFAULT '0',
  `date_separated` varchar(20) DEFAULT NULL,
  `remarks` text
) ENGINE=InnoDB AUTO_INCREMENT=205 DEFAULT CHARSET=latin1;

--
-- Dumping data for table `personal_data`
--

INSERT INTO `personal_data` (`personal_id`, `date_encoded`, `lname`, `fname`, `mname`, `name_ext`, `age`, `sex`, `civil_status`, `permanent_address`, `provincial_address`, `pre_city`, `pre_prov`, `perm_city`, `perm_prov`, `bdate`, `place_birth`, `contact_no`, `nationality`, `religion`, `map_file`, `resume_file`, `email`, `status`, `essay_file`, `photo_upload`, `bio_num`, `date_hired`, `emp_num`, `emp_status`, `current_dept`, `current_bu`, `current_location`, `current_supervisor`, `supervisor`, `date_separated`, `remarks`) VALUES
(1, '2018-02-01', 'Adorio', 'Marlon', 'Crianza', '', 44, 'Male', 'Married', 'Lot 5, Block 12 Buenavista Subd., Silay City', 'Lot 5, Block 12 Buenavista Subd., Silay City', '1043', '51', '1043', '51', '1970-02-19', 'Bacolod', '09563079976', 'Filipino', 'Jehovah''s Witnesses', 'Adorio_Marlon_Map.pdf', 'Adorio_Marlon_Resume.pdf', '', 'Active', 'Adorio_Marlon_Essay.pdf', 'Adorio_Marlon_Photo.png', '', '2015-03-16', '2015-034', 'Regular', 10, 1, 1, 145, 0, '', ''),
(2, '2018-02-01', 'Arsenio', 'Rhea', 'Abangan', '', 32, 'Female', 'Single', 'Purok Progreso, Brgy. Taculing', 'Purok Progreso, Brgy. Taculing', '1034', '51', '1034', '51', '1983-09-03', 'Bacolod City', '09206398529', 'Filipino', 'Catholic', 'Arsenio_Rhea_Map.pdf', 'Arsenio_Rhea_Resume.pdf', NULL, 'Active', 'Arsenio_Rhea_Essay.pdf', 'Arsenio_Rhea_Photo.png', '1036', '2016-04-01', '2016-002', 'Regular', 5, 1, 2, 0, 0, '', ''),
(3, '2018-02-01', 'Jabiniar', 'Eric', 'Dollete', '', 0, 'Male', 'Married', 'Brgy. Calumangan', 'Zone 3 Luz, Banzon', '1035', '51', '1008', '49', '1971-11-20', 'Zone 3 Luz Banzon, Jasaan, Misamis Oriental', '09178607244', 'Filipino', 'Catholic', '', '', 'ericjabiniar2015@yahoo.com', 'Active', '', 'Jabiniar_Eric_Photo.png', '', '2013-10-01', '2013-006', 'Regular', 1, 1, 1, 0, 0, '', ''),
(4, '2018-02-01', 'Alevio', 'Carlito', 'Diabelos', '', 0, 'Male', 'Married', 'Brgy, Calumangan, Bago City, Negros Occidental', '1486 Tolentino Compound, Bancal Carmona, Cavite', '1035', '51', '814', '41', '1981-07-11', 'Lanao Del Norte', '09274799357', 'Filipino', 'Catholic', '', 'Alevio_Carlito_Resume.pdf', '', 'Active', '', 'Alevio_Carlito_Photo.png', '', '2014-04-23', '2015-031', 'Regular', 12, 1, 1, 183, 0, '', ''),
(5, '2018-02-01', 'Jamelo', 'Romeo', 'Rosauro', 'Jr.', 0, 'Male', 'Married', 'Brgy. Calumangan', 'Blk 162 Lot 20 P7 Punta Uno Carissa Homes', '1034', '51', '435', '24', '1977-07-25', 'Bacolod City', '09203055974', 'Filipino', 'Catholic', '', '', '', 'Separated', '', '', '', '', '', 'Regular', 0, 0, 0, 0, 0, '', ''),
(6, '2018-02-01', 'Alova', 'Regina', 'Tibang', '', 0, 'Female', 'Single', 'Tabao Baybay, San Enrique, Neg. Occ.', 'Tabao Baybay, San Enrique, Neg. Occ.', '1040', '51', '1040', '51', '1991-05-24', 'Valladolid City', '09334377118', 'Filipino', 'Catholioc', 'Alova_Regina_Map.pdf', 'Alova_Regina_Resume.pdf', '', 'Active', 'Alova_Regina_Essay.pdf', 'Alova_Regina_Photo.png', '', '2017-01-23', '2017-003', 'Regular', 14, 1, 1, 8, 0, '', ''),
(7, '2018-02-01', 'Jardinico', 'Stephen', 'Amparado', '', 0, 'Male', 'Married', 'Brgy. Calumangan Bario Site', 'Brgy. Calumangan Bario Site', '1035', '51', '1035', '51', '1995-08-21', 'Valladolid Neg. Occ', '09129221944', 'Filipino', 'Iglesia Ni Cristo', 'Jardinico_Stephen_Map.pdf', 'Jardinico_Stephen_Resume.pdf', 'stephen24jardinico@gmail.com', 'Active', 'Jardinico_Stephen_Essay.pdf', 'Jardinico_Stephen_Photo.png', '', '2016-12-30', '2016-037', 'Regular', 15, 1, 1, 140, 0, '', ''),
(8, '2018-02-01', 'Alunan ', 'Rebecca', 'Fenequito', '', 0, 'Female', 'Single', 'Purok 3, Brgy. Granada, Bacolod City, Neg. Occ.', 'Purok 3, Brgy. Granada, Bacolod City, Neg. Occ.', '1034', '51', '1034', '51', '1984-05-27', 'Bacolod City', '09063425996', 'Filipino', 'Catholic', 'Alunan _Rebecca_Map.pdf', 'Alunan _Rebecca_Resume.pdf', 'rebeccaalunan.cenpri@gmail.com', 'Active', 'Alunan _Rebecca_Essay.pdf', 'Alunan _Rebecca_Photo.png', '', '2015-10-26', '2015-037', 'Regular', 14, 1, 1, 145, 0, '', ''),
(9, '2018-02-02', 'LABANON', 'JOEY', 'CASTILLO', '', 0, 'Male', 'Single', 'Brgy. Mailum', 'Brgy. Mailum', '1035', '51', '1035', '51', '1984-09-17', 'Bago City', '09164949047', 'Filipino', 'Catholic', 'LABANON_JOEY_Map.pdf', 'LABANON_JOEY_Resume.pdf', '', 'Active', '', 'LABANON_JOEY_Photo.png', '', '2014-05-19', '2014-038', 'Regular', 12, 1, 1, 140, 0, '', ''),
(10, '2018-02-02', 'Ledesma', 'Antonette ', 'Diotay', '', 0, 'Female', 'Single', 'Zone 3, Catabla Beach ', 'Zone 3, Catabla Beach', '1045', '51', '1045', '51', '1990-08-16', 'Bacolod City', '09774042570', 'Filipino', 'Catholic', '', '', 'antonetteledesma.cenpri8292017@gmail.com', 'Separated', '', '', '2017-018', '', '', 'Trainee', 0, 0, 0, 0, 0, '', ''),
(11, '2018-02-02', 'Liao', 'Roan Renz', 'Mugat', '', 0, 'Male', 'Single', 'Brgy. 12, San Juan St.', 'Brgy. 12, ', '1034', '51', '1034', '51', '1993-08-17', 'Cadiz City', '09254887286', 'Filipino', 'Catholic', 'Liao_Roan Renz_Map.pdf', 'Liao_Roan Renz_Resume.pdf', 'renzliao.cenpri@gmail.com', 'Active', 'Liao_Roan Renz_Essay.pdf', 'Liao_Roan Renz_Photo.jpg', '', '2017-10-30', '2017-024', 'Regular', 15, 1, 1, 83, 0, '', ''),
(37, '2018-02-02', 'Lovico', 'Gino', 'Matos', '', 0, 'Male', 'Married', 'Brgy. Calumangan', 'Das Village I', '1034', '51', '445', '25', '1984-03-10', 'Basay, Neg Occ', '09050494133', 'Filipino', 'Catholic', '', 'Lovico_Gino_Resume.pdf', 'gino1084@gmail.com', 'Active', '', 'Lovico_Gino_Photo.png', '', '2014-09-09', '2014-013', 'Regular', 11, 1, 1, 183, 0, '', ''),
(38, '2018-02-02', 'Madeja ', 'Ricky ', 'Diaz', '', 0, 'Male', 'Married', 'Celes St. Brgy. Poblacion', 'Sitio Lusod Brgy. Cajimos ', '1035', '51', '1353', '64', '1969-08-29', 'Romblon', '09978240617', 'Filipino', 'Catholic', '', 'Madeja _Ricky _Resume.pdf', 'rickymadeja.cenpri@gmail.com', 'Active', '', 'Madeja _Ricky _Photo.png', '', '2014-05-05', '2014-015', 'Regular', 6, 1, 1, 3, 0, '', ''),
(40, '2018-02-02', 'Ambos', 'Marvin Lester', 'Olis', '', 0, 'Male', 'Married', 'Brgy. Calumangan, Bago City, Negros  Occidental', '1321 Siglo XX St. Tanjay City, Negros Oriental', '1035', '51', '', '52', '1973-05-23', '', '09173088831', 'Filipino', 'Catholic', '', '', 'mloambos@yahoo.com', 'Separated', '', '', '', '', '', 'Regular', 0, 0, 0, 0, 0, '', ''),
(41, '2018-02-02', 'maglinte', 'Danilo', 'Polintan', '', 0, 'Male', 'Married', 'Brgy. Patrocinio', 'Brgy.Patrocinio', '49', '3', '49', '3', '1977-03-03', 'Agusan Del Sur', '09059248312', 'Filipino', 'Catholic', '', 'maglinte_Danilo_Resume.pdf', '', 'Active', '', 'maglinte_Danilo_Photo.png', '', '2015-03-02', '2015-017', 'Regular', 14, 1, 1, 3, 0, '', ''),
(42, '2018-02-02', 'Manilla', 'Alex', 'Lagtapon', '', 0, 'Male', 'Widow/Widower', 'Purok Kalubihan, Brgy. Mailum ', 'Purok Kalubihan. Brgy. Mailum', '1035', '51', '1035', '51', '1972-02-28', 'Brgy. Ma-ao Bago City', '09666736835', 'Filipino', 'Catholic', 'Manilla_Alex_Map.pdf', 'Manilla_Alex_Resume.pdf', '', 'Active', 'Manilla_Alex_Essay.pdf', 'Manilla_Alex_Photo.png', '', '2015-04-08', '2015-025', 'Regular', 13, 1, 1, 145, 0, '', ''),
(43, '2018-02-02', 'Matuod', 'Concordio', 'Carnecer', '', 0, 'Male', 'Married', 'L2, B2, Phase 2, St. Augustine Village', 'L2, B2, Phase 2, St. Augustine Village', '435', '24', '435', '24', '1964-12-16', 'Manga, District , Tagbilaran City Philippines', '09281692230', 'Filipino', 'Catholic', '', '', 'ccmatuod@yahoo.com', 'Separated', '', '', '', '', '', 'Consultant', 0, 0, 0, 0, 0, '', ''),
(44, '2018-02-02', 'Ambong', 'Fleur De Liz', 'Malata', '', 0, 'Female', 'Married', 'Purok Kamuncilan, Brgy Busay, Bago City', 'Purok Kamuncilan, Brgy Busay, Bago City', '1035', '51', '1035', '51', '1980-12-22', 'Bago City', '09164154208', 'Filipino', 'Catholic', '', 'Ambong_Fleur De Liz_Resume.pdf', 'fleurdz.cenpri@gmail.com', 'Active', 'Ambong_Fleur De Liz_Essay.pdf', 'Ambong_Fleur De Liz_Photo.png', '', '2014-10-20', '2014039', 'Regular', 14, 1, 1, 140, 0, '', ''),
(45, '2018-02-02', 'Mondejar', 'Genielyn', 'Viernes', '', 0, 'Female', 'Married', 'Bo. Site Brgy. Calumangan', 'Bo. Site Brgy. Calumangan', '1035', '51', '1035', '51', '1979-12-13', 'Zamboanga City', '09125356230', 'Filipino', 'Catholic', 'Mondejar_Genielyn_Map.pdf', 'Mondejar_Genielyn_Resume.pdf', 'genielynem@gmail.com', 'Active', 'Mondejar_Genielyn_Essay.pdf', 'Mondejar_Genielyn_Photo.png', '', '2015-04-01', '2015-024', 'Regular', 6, 1, 1, 0, 0, '', ''),
(46, '2018-02-02', 'Anacay', 'Alberto', 'Garcia', '', 0, 'Male', 'Married', 'Brgy Calumangan, Bago City, Negros Occidental', '046 J Dela Pena St., Amadeo, Cavite', '1035', '51', '414', '24', '1957-11-20', 'Cavite', '09322976114', 'Filipino', 'Catholic', '', '', '', 'Separated', '', '', '', '', '', 'Consultant', 0, 0, 0, 0, 0, '', ''),
(47, '2018-02-02', 'Montero', 'Francis', 'Baloloy', '', 0, 'Male', 'Married', 'Hacienda Filomena Burgos', 'Hacienda Filomena Burgos', '1036', '51', '1036', '51', '1977-01-16', 'Donsol Sorsogon', '09357906979', 'Filipino', 'Catholic', '', 'Montero_Francis_Resume.pdf', '', 'Active', '', 'Montero_Francis_Photo.png', '', '2014-04-23', '2014-008', 'Regular', 12, 1, 1, 0, 0, '', ''),
(48, '2018-02-02', 'Nuyad', 'Liezel', 'Caberte', '', 0, 'Female', 'Single', 'Hacienda Carmen Brgy. Daga', 'Hacienda Carmen Brgy. Daga', '1036', '51', '1036', '51', '1991-03-11', 'Cadiz City', '09499612839', 'Filipino', 'Catholic', '', '', 'leizelnuyad.cenpri@gmail.com', 'Separated', '', '', '', '', '', 'Regular', 0, 0, 0, 0, 0, '', ''),
(49, '2018-02-02', 'Ortega', 'Andro', 'Bequilla', '', 0, 'Male', 'Married', 'Charito Heights, Brgy. Granada', 'Purok Bantua, Brgy. Tabao Baybay', '1034', '51', '1063', '51', '1976-11-19', 'Bacolod City', '09088739930', 'Filipino', 'Jehova''s Witnesses', '', 'Ortega_Andro_Resume.pdf', 'abortega2012@gmail.com', 'Active', '', 'Ortega_Andro_Photo.png', '', '2014-05-13', '2014-010', 'Regular', 14, 1, 1, 140, 0, '', ''),
(50, '2018-02-02', 'Angulo', 'Genaro ', 'Ferrer', '', 0, 'Male', 'Married', 'Brgy. Calumangan, Bago City, Negros Occidental', 'Mabini St., Tanjay City, Negros Oriental', '1035', '51', '1071', '52', '1958-07-15', 'Samboan, Cebu', '09196745918', 'Filipino', 'Catholic', '', 'Angulo_Genaro _Resume.pdf', 'genaro_angulo58@yahoo.com', 'Separated', 'Angulo_Genaro _Essay.pdf', 'Angulo_Genaro _Photo.png', '', '2015-01-03', '2015-005', 'Regular', 10, 1, 1, 145, 0, '2019-08-05', ''),
(51, '2018-02-02', 'Arana', 'Ma. Milagros', 'Ba?acia', '', 0, 'Female', 'Married', 'Lot 25 Block 7 Maple Road, Rosario Heights Subd., Taculing', 'Lot 25 Block 7 Maple Road, Rosario Heights Subd., Taculing', '1034', '51', '1034', '51', '1967-12-04', 'Bacolod City', '09177151951', 'Filipino', 'Catholic', '', 'Arana_Ma. Milagros_Resume.pdf', 'mba_energreen2013@yahoo.com', 'Active', '', 'Arana_Ma. Milagros_Photo.png', '1027', '2013-05-02', '2013-001', 'Regular', 1, 1, 2, 0, 0, '', ''),
(52, '2018-02-03', 'Ani', 'Enrico Brian', 'A', '', 0, '', '', '', 'Block  13, Lot 13, Phase III-EIA, Teachers Village Longos, Malabon City, Metro Manila, Philippines', '', '', '', '', '1961-02-01', '', '0922872729', '', '', '', '', '', 'Separated', '', '', '', '', '', 'Consultant', 0, 0, 0, 0, 0, '', ''),
(53, '2018-02-03', 'Panes', 'Joselito', 'Estandarte', '', 0, 'Male', 'Married', 'KL 15, Brgy. Calumangan', 'KL 15, Brgy. Calumangan', '1035', '51', '1035', '51', '1965-07-15', 'Talisay City Negros Occidental', '09771668297', 'Filipino', 'Catholic', 'Panes_Joselito_Map.pdf', 'Panes_Joselito_Resume.pdf', '', 'Active', '', 'Panes_Joselito_Photo.png', '', '2016-02-15', '2016-001', 'Regular', 12, 1, 1, 0, 0, '', ''),
(54, '2018-02-03', 'Arroyo', 'Alona', 'Tizon', '', 0, 'Female', 'Single', 'Sarmiento St., Brgy. I-Pob, Himamaylan, Negros Occidental', 'Sarmiento St., Brgy. I-Pob, Himamaylan, Negros Occidental', '1038', '51', '1038', '51', '1989-10-03', 'Himamaylan City', '09193725318', 'Filipino', 'Catholic', 'Arroyo_Alona_Map.pdf', 'Arroyo_Alona_Resume.pdf', 'alarroyo.cenpri@gmail.com', 'Active', 'Arroyo_Alona_Essay.pdf', 'Arroyo_Alona_Photo.jpg', '', '2015-01-26', '2015-001', 'Regular', 14, 1, 1, 3, 0, '', ''),
(55, '2018-02-03', 'Baculio', 'Joemillan', 'Daguimol', '', 0, 'Male', '', 'Brgy Calumangan, Bago City, Negros Occidental', 'Luz Banson Jasaan, Misamis Oriental', '1035', '51', '1008', '49', '1976-05-13', '', '09068802652', 'Filipino', 'Catholic', '', '', '', 'Active', '', 'Baculio_Joemillan_Photo.png', '', '2014-01-13', '2014-030', 'Regular', 14, 1, 1, 183, 0, '', ''),
(56, '2018-02-03', 'Parcon', 'Relaine ', 'Abellar', '', 0, 'Female', 'Married', '4th St. Marhil Subdivision Brgy. Poblacion ', '4th St. Marhil Subdivision Brgy. Poblacion', '1035', '51', '1035', '51', '1985-09-15', 'Bacolod City', '09052069718', 'Filipino', 'Catholic', '', '', 'narzrain.cenpri@gmail.com', 'Separated', '', '', '', '', '', 'Regular', 0, 0, 0, 0, 0, '2018-01-31', ''),
(57, '2018-02-03', 'Bating', 'Rashelle Joy', 'Sta. Maria', '', 0, 'Female', 'Single', 'Prk BM, brgy. Taculing,Bacolod City, Negros Occidental', 'Prk BM, brgy. Taculing,Bacolod City, Negros Occidental', '1034', '51', '1034', '51', '1992-07-09', 'Bacolod City', '09101980348', 'Filipino', 'Catholic', 'Bating_Rashelle Joy_Map.pdf', 'Bating_Rashelle Joy_Resume.pdf', 'rjoy.cenpri@yahoo.com', 'Active', 'Bating_Rashelle Joy_Essay.pdf', 'Bating_Rashelle Joy_Photo.jpg', '', '2017-10-12', '2017-021', 'Regular', 16, 1, 1, 91, 0, '', ''),
(58, '2018-02-03', 'Purisima', 'Mario Dante', 'Alindajao', '', 0, 'Male', 'Married', 'Brgy. Calumangan', 'Purok III, Talavera', '1034', '51', '445', '25', '1969-01-12', 'Matab-ang Toledo City, Cebu', '09055613717', 'Filipino', 'Catholic', '', 'Purisima_Mario Dante_Resume.pdf', 'marpurs@gmail.com', 'Active', '', 'Purisima_Mario Dante_Photo.png', '', '2016-10-11', '2016-030', 'Regular', 12, 1, 1, 0, 0, '', ''),
(59, '2018-02-03', 'Bawar', 'Gener', 'Panganiban', '', 0, 'Male', 'Married', 'Brgy. Calumangan, Bago City, Negros Occidental', '017 P. Zamora St., Amadeo, Cavite', '1035', '51', '419', '24', '1972-09-17', '', '09366762507', 'Filipino', 'Catholic', '', 'Bawar_Gener_Resume.pdf', 'bawargener@yahoo.com', 'Active', '', 'Bawar_Gener_Photo.png', '', '2016-03-29', '2016-003', 'Regular', 11, 1, 1, 183, 0, '', ''),
(60, '2018-02-03', 'Pocong ', 'Nonito', '', '', 0, 'Male', 'Married', 'Brgy. Calumangan', 'Sitio Jerusalem Buhisan', '1035', '51', '453', '25', '1984-01-15', 'Cebu City', '09325060507', 'Filipino', 'Catholic', '', '', '', 'Separated', '', '', '', '', '', 'Regular', 0, 0, 0, 0, 0, '2018-12-16', ''),
(61, '2018-02-03', 'Purisima ', 'Richard', 'Alindajao', '', 0, 'Male', 'Married', 'Brgy. Calumangan', 'Matab-ang', '1035', '51', '445', '25', '1981-07-13', 'Matab-ang Toledo City', '09060638977', 'Filipino', 'Catholic', '', '', '', 'Separated', '', '', '', '', '', 'Regular', 0, 0, 0, 0, 0, '', ''),
(62, '2018-02-03', 'Beato', 'Ruel', 'Babon', '', 0, 'Male', 'Single', 'Brgy. Calumangan, Bago City, Negros Occcidental', 'Robis 1 Area 1 Brgy. 175 Camarin Caloocan City', '1035', '51', '964', '47', '1984-04-07', 'Pasig City', '09333212294', 'Filipino', 'Catholic', 'Beato_Ruel_Map.pdf', 'Beato_Ruel_Resume.pdf', 'whell.beato@yahoo.com', 'Active', '', 'Beato_Ruel_Photo.png', '', '2014-04-23', '2015-032', 'Regular', 12, 1, 1, 140, 0, '', ''),
(63, '2018-02-05', 'Roiles', 'Lawrence Vincent', 'Nemenzo', '', 0, 'Male', 'Single', 'Brgy. Calumangan', 'Zone 3 Luz Banzon', '1035', '51', '1008', '49', '1993-11-02', 'Luz Banzon, Jasaan, Misamis Oriental', '09366568781', 'Filipino', 'Catholic', '', 'Roiles_Lawrence Vincent_Resume.pdf', '', 'Active', '', 'Roiles_Lawrence Vincent_Photo.png', '', '2016-10-11', '2016-031', 'Regular', 10, 1, 1, 145, 0, '', ''),
(64, '2018-02-05', 'Cababat', 'Vency', 'Panila', '', 0, 'Male', 'Married', 'Brgy Calumangan, Bago City, Negros Occidental', 'Jaripason Jasaan Misamis Oriental', '1035', '51', '1008', '49', '1978-04-16', 'Misamis Oriental', '09053037584', 'Filipino', 'Catholic', '', '', 'ycnev26@gmail.com', 'Active', '', 'Cababat_Vency_Photo.png', '', '2014-02-26', '2016-011', 'Regular', 10, 1, 1, 140, 0, '', ''),
(65, '2018-02-05', 'Canama', 'Rusty', 'Piasan', '', 0, 'Male', 'Single', 'Brgy Calumangan, Bago City, Negros Occidental', 'Libertad Bogo, Cebu City', '1035', '51', '437', '25', '1983-10-14', 'Cebu City', '09274799358', 'Filipino', 'Catholic', 'Canama_Rusty_Map.pdf', 'Canama_Rusty_Resume.pdf', '', 'Active', '', 'Canama_Rusty_Photo.png', '', '2014-04-23', '2014-003', 'Regular', 12, 1, 1, 183, 0, '', ''),
(66, '2018-02-05', 'Corino', 'Exequil', 'Larin', '', 0, 'Male', 'Married', 'Brgy Calumangan, Bago City, Negros Occidental', '#118 Sta. Elena, Orion, Bataan', '1035', '51', '144', '10', '1980-01-26', 'Sorsogon', '09206995646', 'Filipino', 'Catholic', '', 'Corino_Exequil_Resume.pdf', '', 'Active', '', 'Corino_Exequil_Photo.png', '', '2015-03-02', '2015-019', 'Regular', 14, 1, 1, 145, 0, '', ''),
(67, '2018-02-05', 'Dagupan', 'Juanito', 'Abenio', '', 0, 'Male', 'Married', 'Brgy Calumangan, Bago City, Negros Occidental', 'Blk 1 Lot 19 ACM Paramount Homes Brgy. Navarro Gen Trias, Cavite', '1035', '51', '424', '24', '1960-06-24', 'Mindanao', '09174562235', 'Filipino', 'Catholic', '', 'Dagupan_Juanito_Resume.pdf', 'dagupan.cenpri@gmail.com', 'Active', '', 'Dagupan_Juanito_Photo.png', '', '2015-03-02', '2015-018', 'Regular', 14, 1, 1, 140, 0, '', ''),
(68, '2018-02-05', 'Depasupil', 'Vincent Jed', 'Juance', '', 0, 'Male', 'Single', 'Purok Pag-asa, Brgy. Alijis, Bacolod City, Neg. Occ.', 'Purok Pag-asa, Brgy. Alijis, Bacolod City, Neg. Occ.', '1034', '51', '1034', '51', '1991-04-12', 'Bacolod City', '09192530459', 'Filipino', 'Catholic', 'Depasupil_Vincent Jed_Map.pdf', 'Depasupil_Vincent Jed_Resume.pdf', 'vjdepasupil@gmail.com', 'Active', 'Depasupil_Vincent Jed_Essay.pdf', 'Depasupil_Vincent Jed_Photo.png', '', '2018-08-07', '2018-024', 'Regular', 14, 1, 1, 70, 0, '', ''),
(69, '2018-02-05', 'Duis', 'Melfa', 'Ngipen', '', 0, 'Female', 'Married', 'Zone 4, Brgy Tagda, Hinigaran, Negros Occidental', 'Zone 4, Brgy Tagda, Hinigaran, Negros Occidental', '1052', '51', '1052', '51', '1988-09-02', 'Hinigaran', '09274597157', 'Filipino', 'Catholic', 'Duis_Melfa_Map.pdf', 'Duis_Melfa_Resume.pdf', 'melfa0224.cenpri@gmail.com', 'Separated', 'Duis_Melfa_Essay.pdf', 'Duis_Melfa_Photo.jpg', '', '2018-01-24', '2018-001', 'Regular', 4, 1, 1, 0, 0, '2019-09-24', ''),
(70, '2018-02-05', 'Samano', 'Godfrey Stephen', 'Esponilla', '', 0, 'Male', 'Single', 'Lot 9, Block 60, Octagon Village, Brgy. Bata', 'Lot 9, Block 60, Octagon Village, Brgy. Bata', '1034', '51', '1034', '51', '1975-09-29', 'Sipalay City Neg. Occ', '09086094832', 'Filipino', 'Catholic', '', 'Samano_Godfrey Stephen_Resume.pdf', 'gse_samano@yahoo.com', 'Active', '', 'Samano_Godfrey Stephen_Photo.png', '', '2016-07-14', '2016-024', 'Regular', 14, 1, 1, 3, 0, '', ''),
(71, '2018-02-05', 'Factolerin', 'Jerson', 'Gardose', '', 0, 'Male', 'Single', 'Block 14 Lot 20, San Antonio Pueblo, Phase , Talisay City, Negros Occidental', 'Block 14 Lot 20, San Antonio Pueblo, Phase , Talisay City, Negros Occidental', '1045', '51', '1045', '51', '1990-12-22', 'Bacolod City', '09426388585', 'Filipino', 'Catholic', '', 'Factolerin_Jerson_Resume.pdf', 'jerson120factolerin@gmail.com', 'Active', 'Factolerin_Jerson_Essay.pdf', 'Factolerin_Jerson_Photo.png', '', '2016-07-26', '2016-025', 'Regular', 6, 1, 1, 140, 0, '', ''),
(72, '2018-02-05', 'Fajutagana', 'Marejal', 'Fallurin', '', 0, 'Female', 'Single', 'San Esteban Phase IV, Brgy. Lag-asan, Bago City, Neg. Occ.', 'Balimbing, San Pascual Batangas', '1035', '51', '179', '12', '1991-12-23', 'Batangas City', '09216483088', 'Filipino', 'Catholic', '', '', 'marejalfajutaganamff@gmail.com', 'Separated', '', '', '', '', '', 'Regular', 0, 0, 0, 0, 0, '', ''),
(73, '2018-02-05', 'Tagarda', 'Alexander', 'Paca?a', '', 0, 'Male', 'Married', 'Brgy. Calumangan', 'Purok Hayahay Kimaya', '1035', '51', '1008', '49', '1979-02-19', 'Jasaan Misamis Oriental', '09752639548', 'Filipino', 'Catholic', '', 'Tagarda_Alexander_Resume.pdf', '', 'Active', '', 'Tagarda_Alexander_Photo.png', '', '2014-01-13', '2014-001', 'Regular', 14, 1, 1, 70, 0, '', ''),
(74, '2018-02-05', 'Tandoy', 'Ariel ', 'Liboon', '', 0, 'Male', 'Married', 'Brgy. Dulao', 'Brgy. Dulao', '1035', '51', '1035', '51', '1981-05-20', 'Bacolod City', '09159555253', 'Filipino', 'Catholic', '', 'Tandoy_Ariel _Resume.pdf', '', 'Active', '', 'Tandoy_Ariel _Photo.png', '', '2014-10-01', '2014-023', 'Regular', 6, 1, 1, 140, 0, '', ''),
(75, '2018-02-05', 'Fernandez', 'Julius', 'De Vicente', '', 0, 'Male', 'Married', 'Blk 19 Lot 9 San Esteban Subd., Lag-asan Bago City, Neg. Occ.', 'Block 1, Lot 57, Camachille Subd., Pascan 1, General trias, Cavite', '1034', '51', '424', '24', '1977-02-26', 'Obando Bulacan', '09501409169', 'Filipino', 'Catholic', 'Fernandez_Julius_Map.pdf', 'Fernandez_Julius_Resume.pdf', 'fernandezjulius67@yahoo.com', 'Active', '', 'Fernandez_Julius_Photo.png', '', '2014-10-27', '2014-014', 'Regular', 14, 1, 1, 140, 0, '', ''),
(76, '2018-02-06', 'Sixto', 'Iris', 'Jardinico', '', 0, 'Male', 'Married', 'Brgy. Calumangan', 'Brgy. Calumangan', '1035', '51', '1034', '51', '1976-07-05', 'Bacolod City', '09482732052', 'Filipino', 'Iglesia Ni Cristo', 'Sixto_Iris_Map.pdf', 'Sixto_Iris_Resume.pdf', 'sixtoiris7@gmail.com', 'Active', 'Sixto_Iris_Essay.pdf', 'Sixto_Iris_Photo.png', '', '2017-07-24', '2017-014', 'Project Based', 6, 1, 1, 140, 0, '', ''),
(77, '2018-02-06', 'Sabit', 'Roy', 'Pacalda', '', 0, 'Male', 'Married', 'Brgy. Calumangan', 'Blk 8, Lot 15, Fatima Subd Upper Puerto', '1034', '51', '998', '49', '1981-10-15', 'Jasaan Misamis Oriental', '09559342351', 'Filipino', 'Catholic', '', 'Sabit_Roy_Resume.pdf', 'roysabit28@yahoo.com', 'Active', '', 'Sabit_Roy_Photo.png', '', '2015-02-28', '2015-016', 'Regular', 14, 1, 1, 145, 0, '', ''),
(78, '2018-02-06', 'Sarcauga', 'Kelwin', 'Ellos', '', 0, 'Male', 'Single', 'Brgy. Calumangan', 'Tabayag, Argao Cebu City', '1035', '51', '450', '25', '1993-08-27', 'Tabayag, Argao Cebu City', '09238077302', 'Filipino', 'Catholic', '', 'Sarcauga_Kelwin_Resume.pdf', 'winsarcauga@yahoo.com', 'Active', '', 'Sarcauga_Kelwin_Photo.png', '', '2014-05-09', '2015-030', 'Regular', 14, 1, 1, 183, 0, '', ''),
(79, '2018-02-06', 'Torres', 'Irish Dawn', 'Eras', '', 0, 'Female', 'Married', 'Blk 67, Lot 24 & 26 Ph2 Celine Homes, Fortune Towne', 'Blk 67, Lot 24 & 27 Ph2 Celine Homes, Fortune Towne', '1034', '51', '1034', '51', '1977-02-14', 'Bacolod City', '09328657926', 'Fil', 'Catholic', 'Torres_Irish Dawn_Map.pdf', 'Torres_Irish Dawn_Resume.pdf', 'irishdawn.cenpri@gmail.com', 'Active', 'Torres_Irish Dawn_Essay.pdf', 'Torres_Irish Dawn_Photo.png', '', '2016-08-10', '2016-027', 'Regular', 6, 1, 1, 117, 0, '', ''),
(80, '2018-02-06', 'Urnopia', 'Democrito', 'Cadayson', '', 0, 'Male', 'Married', 'Purok Gumamela, Brgy. Calumangan', 'Purok Gumamela, Brgy. Calumangan', '1035', '51', '1035', '51', '1965-07-31', 'Boloron, Midsalip, Zamboanga Del Sur', '09308736393', 'Filipino', 'Catholic', 'Urnopia_Democrito_Map.pdf', 'Urnopia_Democrito_Resume.pdf', '', 'Active', 'Urnopia_Democrito_Essay.pdf', 'Urnopia_Democrito_Photo.png', '2015-038', '2015-11-13', '2015-038', 'Regular', 12, 1, 1, 0, 0, '', ''),
(81, '2018-02-06', 'Fortuno', 'Luisito', 'Presa', '', 0, 'Male', 'Married', 'Brgy Calumangan, Bago City, Negros Occidental', 'Pinagtipunan, General Trias Cavite', '1035', '51', '424', '24', '1968-11-18', 'Cavite', '09752447242', 'Filipino', 'Catholic', 'Fortuno_Luisito_Map.pdf', 'Fortuno_Luisito_Resume.pdf', '', 'Active', '', 'Fortuno_Luisito_Photo.png', '', '2014-04-23', '2014-005', 'Regular', 14, 1, 1, 145, 0, '', ''),
(82, '2018-02-06', 'Tignero', 'Ryan', 'Magbanua', '', 0, 'Male', 'Single', 'Brgy. Lag-asan', 'Brgy. Lag-asan', '1035', '51', '1035', '51', '1982-05-10', 'Bago City', '09272885847', 'Filipino', 'Catholic', '', 'Tignero_Ryan_Resume.pdf', 'ryan.m.tignero@gmail.com', 'Active', '', 'Tignero_Ryan_Photo.png', '', '2014-05-13', '2014-012', 'Regular', 14, 1, 1, 3, 0, '', ''),
(83, '2018-02-06', 'Sabando ', 'Robert', 'M.', '', 0, 'Male', 'Married', 'Brgy. Calumangan', '53 Casa Rivera Subd., Libertad, Butuan City', '1035', '51', '28', '2', '1950-04-29', 'Agusan Del Norte', '09194684059', 'Filipino', 'Catholic', '', '', 'roberts_4ti@yahoo.com', 'Separated', '', '', '', '', '', 'Consultant', 0, 0, 0, 0, 0, '', ''),
(85, '2018-03-26', 'Benares', 'Jonah Faye', 'Narazo', '', 0, 'Female', 'Married', '107 St., Greenplains Subd., Brgy Tangub', '107 St., Greenplains Subd., Brgy Tangub', '1034', '51', '1034', '51', '1989-12-16', 'Bacolod City', '09324575369', 'Filipino', 'Roman Catholic', 'Benares_Jonah Faye_Map.pdf', 'Benares_Jonah Faye_Resume.pdf', 'jonahbenares.cenpri@gmail.com', 'Active', 'Benares_Jonah Faye_Essay.pdf', 'Benares_Jonah Faye_Photo.jpg', '1057', '2017-12-07', '2017-027', 'Regular', 3, 1, 2, 0, 0, '', ''),
(86, '2018-03-26', 'Cabaylo', 'Maylen', 'Hilarbo', '', 0, 'Female', 'Married', 'Prk. Seaside. Tangub, Bacolod City', 'Prk. Seaside. Tangub, Bacolod City', '1034', '51', '1034', '51', '1987-07-28', 'Murcia', '09234597487', 'Filipino', 'Roman Catholic', 'Cabaylo_Maylen_Map.pdf', 'Cabaylo_Maylen_Resume.pdf', 'maylen_cenpri@yahoo.com.ph', 'Active', 'Cabaylo_Maylen_Essay.pdf', 'De La Cruz_Maylen_Photo.png', '', '2014-11-06', '2014-018', 'Regular', 8, 1, 2, 140, 0, '', ''),
(87, '2018-03-26', 'Calibjo', 'Joemarie', '', '', 0, 'Male', 'Married', 'Ma-ao, Bago City', 'Ma-ao, Bago City', '1035', '51', '1035', '51', '1966-12-19', '', '09101161328', 'Filipino', 'Roman Catholic', '', 'Calibjo_Joemarie_Resume.pdf', '', 'Active', '', 'Calibjo_Joemarie_Photo.png', '1048', '2014-11-05', '2014-016', 'Regular', 6, 1, 2, 117, 0, '', ''),
(88, '2018-03-26', 'Carbaquil', 'Rey', 'Largo', '', 0, 'Male', 'Married', 'Brgy. Binubuhan, Bago City', 'Brgy. Binubuhan, Bago City', '1035', '51', '1035', '51', '1977-05-09', 'Escalante City', '09125905319', 'Filipino', 'Roman Catholic', 'Carbaquil_Rey_Map.pdf', 'Carbaquil_Rey_Resume.pdf', '', 'Active', '', 'Carbaquil_Rey_Photo.png', '', '2013-11-04', '2013-003', 'Regular', 6, 1, 2, 0, 0, '', ''),
(89, '2018-03-26', 'Caballero', 'Angelika', 'Esportono', '', 0, 'Female', 'Single', 'Lot 5 Blk 5, NGO Village Brgy. Handumanan, Bacolod City', 'Lot 5 Blk 5, NGO Village Brgy. Handumanan, Bacolod City', '1034', '51', '1034', '51', '1994-02-16', 'Bacolod City', '0915300216', 'Filipino', 'Roman Catholic', 'Caballero_Angelika_Map.pdf', 'Caballero_Angelika_Resume.pdf', 'angel@yoorekka.com', 'Active', 'Caballero_Angelika_Essay.pdf', '', '1005', '2016-10-25', '', 'Regular', 0, 4, 2, 0, 0, '', ''),
(90, '2018-03-26', 'Danoy', 'Gretchen', 'Oliva', '', 0, 'Female', 'Married', 'Blk. 11 Lot 12 Phase II, Villa Estefania Subd. Brgy. Estefania', 'Blk. 11 Lot 12 Phase II, Villa Estefania Subd. Brgy. Estefania', '1034', '51', '1034', '51', '1985-05-07', 'Bago City', '09224386979', 'Filipino', 'Baptist', 'Danoy_Gretchen_Map.pdf', 'Danoy_Gretchen_Resume.pdf', 'chingdee.cenpri@gmail.com', 'Separated', 'Danoy_Gretchen_Essay.pdf', 'Danoy_Gretchen_Photo.png', '', '2015-02-02', '2015-002', 'Regular', 2, 1, 2, 0, 0, '2019-07-10', ''),
(91, '2018-03-27', 'Dato', 'Merry Michelle', 'Dioso', '', 0, 'Female', 'Married', 'Mahimaya-on St., Bata Subd., Brgy. Bata', 'Mahimaya-on St., Bata Subd., Brgy. Bata', '1034', '51', '1034', '51', '1979-11-23', 'Bacolod City', '09205205418', 'Filipino', 'Baptist', 'Dato_Merry Michelle_Map.jpg', '', 'merrydioso.energreen@gmail.com', 'Active', '', 'Dato_Merry Michelle_Photo.jpg', '', '2017-04-17', '2017-006', 'Regular', 16, 2, 1, 0, 0, '', ''),
(92, '2018-03-27', 'De Los Santos', 'Joemar', 'Salas', '', 0, 'Male', 'Married', 'Blk. 12 Lot 14 Stone Haven Residences Granada, Bacolod City', 'Blk. 12 Lot 14 Stone Haven Residences Granada, Bacolod City', '1034', '51', '1034', '51', '1982-12-06', 'Murcia', '09234187139', 'Filipino', 'Roman Catholic', 'De Los Santos_Joemar_Map.pdf', 'De Los Santos_Joemar_Resume.pdf', 'joems.cenpri@gmail.com', 'Active', 'De Los Santos_Joemar_Essay.pdf', 'De Los Santos_Joemar_Photo.png', '', '2016-04-01', '2016-005', 'Regular', 5, 1, 2, 114, 0, '', ''),
(93, '2018-03-27', 'Dujenio', 'Butch', 'Cordero', '', 0, 'Male', 'Single', 'Blk 3 Lot 4-6 Celita Village, Brgy. Alijis', 'Blk 3 Lot 4-6 Celita Village, Brgy. Alijis', '1034', '51', '1034', '51', '1986-02-02', 'Bacolod City', '09228608691', 'Filipino', 'Roman Catholic', 'Dujenio_Butch_Map.jpg', 'Dujenio_Butch_Resume.pdf', 'butch@yoorekka.com', 'Separated', 'Dujenio_Butch_Essay.docx', 'Dujenio_Butch_Photo.png', '', '2015-06-22', '', 'Regular', 0, 0, 0, 0, 0, '', ''),
(94, '2018-03-27', 'Espera', 'Imelda', 'Puno-an', '', 0, 'Female', 'Married', 'Prk Pedring, Brgy. Estefania Bacolod City', 'Prk Pedring, Brgy. Estefania Bacolod City', '1034', '51', '1034', '51', '1966-09-17', 'Bacolod City', '09186760758', 'Filipino', 'Roman Catholic', 'Espera_Imelda_Map.pdf', 'Espera_Imelda_Resume.pdf', 'imeldaespera.cenpribcd@gmail.com', 'Active', '', 'Espera_Imelda_Photo.png', '', '2014-01-16', '2014-002', 'Regular', 2, 1, 2, 90, 0, '', ''),
(95, '2018-03-27', 'Gabales', 'Zara Joy', 'Trasmontero', '', 0, 'Female', 'Married', 'Blk 20 Lot 9 Sta. Lucia Gardens, Brgy. Taculing', 'Blk 20 Lot 9 Sta. Lucia Gardens, Brgy. Taculing', '1034', '51', '1034', '51', '1987-07-21', 'Valladolid', '09391159164', 'Filipino', 'Baptist', 'Gabales_Zara Joy_Map.pdf', 'Gabales_Zara Joy_Resume.pdf', 'zara_rrjj@yahoo.com', 'Active', 'Gabales_Zara Joy_Essay.pdf', 'Gabales_Zara Joy_Photo.png', '', '2017-07-07', '2017-010', 'Regular', 5, 1, 2, 97, 0, '', ''),
(96, '2018-03-27', 'Gallo', 'Relsie', 'Alfaro', '', 0, 'Female', 'Married', 'Calong-Calong Zone 1 Airport Subd., Brgy. Singcang Bacolod City', 'Calong-Calong Zone 1 Airport Subd., Brgy. Singcang Bacolod City', '1034', '51', '1034', '51', '1980-06-28', 'Bacolod City', '09214808274', 'Filipino', 'Roman Catholic', 'Gallo_Relsie_Map.jpg', 'Gallo_Relsie_Resume.pdf', '', 'Separated', 'Gallo_Relsie_Essay.jpg', '', '', '', '', 'Regular', 0, 0, 0, 0, 0, '', ''),
(97, '2018-03-27', 'Grabillo', 'Celina Marie', 'Esparas', '', 0, 'Female', 'Single', 'Phase VI-B, Blk 6 Lot 15, Prk. San Roque, Handumanan', 'Phase VI-B, Blk 6 Lot 15, Prk. San Roque, Handumanan', '1034', '51', '1034', '51', '1990-05-08', 'Sta. Cruz Manila', '09074494479', 'Filipino', 'Roman Catholic', 'Grabillo_Celina Marie_Map.pdf', 'Grabillo_Celina Marie_Resume.pdf', 'celinagrabillo0808@gmail.com', 'Active', 'Grabillo_Celina Marie_Essay.pdf', 'Grabillo_Celina Marie_Photo.png', '', '2015-11-19', '2015-039', 'Regular', 5, 1, 2, 0, 0, '', ''),
(98, '2018-03-27', 'Jamero', 'Lloyd', 'Guevarra', '', 0, 'Male', 'Married', 'Blk. 11 Lot 23 Camelot Subd., Estefania, Bacolod City', 'Blk. 11 Lot 23 Camelot Subd., Estefania, Bacolod City', '1034', '51', '1034', '51', '1986-07-10', 'Bacolod City', '09196923918', 'Filipino', 'Roman Catholic', '', 'Jamero_Lloyd_Resume.pdf', 'lloydjamero.cenpri@gmail.com', 'Active', '', 'Jamero_Lloyd_Photo.jpg', '', '2017-07-24', '2017-012', 'Regular', 3, 1, 1, 85, 0, '', ''),
(99, '2018-03-27', 'Jo', 'Caesariane', 'Aguanta', '', 0, 'Female', 'Single', 'Prk. Masagana, Brgy. Alijis', 'Prk. Masagana, Brgy. Alijis', '1034', '51', '1034', '51', '1985-07-16', 'Bacolod CIty', '09278212228', 'Filipino', 'Roman Catholic', 'Jo_Caesariane_Map.pdf', 'Jo_Caesariane_Resume.pdf', 'caesarianeaguantajo.cenpri@gmail.com', 'Active', 'Jo_Caesariane_Essay.pdf', 'Jo_Caesariane_Photo.jpg', '', '2018-02-01', '2018-002', 'Regular', 5, 1, 2, 92, 0, '', ''),
(100, '2018-03-27', 'Iba?ez ', 'Nazario Shyde', 'Zaragoza', 'Jr.', 0, 'Male', 'Married', 'Magsaysay St., Brgy. Zone 3. Cadiz City', 'Magsaysay St., Brgy. Zone 3. Cadiz City', '1034', '51', '1034', '51', '1983-02-04', 'Cadiz City', '09223271576', 'Filipino', 'Christian / Protestant', 'Iba?ez _Nazario Shyde_Map.pdf', 'Iba?ez _Nazario Shyde_Resume.pdf', 'cenpritrading.negros@gmail.com', 'Active', 'Iba?ez _Nazario Shyde_Essay.pdf', 'Iba?ez _Nazario Shyde_Photo.png', '', '2016-04-01', '2016-006', 'Regular', 5, 1, 2, 0, 0, '', ''),
(101, '2018-03-27', 'Jalandoni', 'Gebby', 'Dequin', '', 0, 'Female', 'Single', 'Prk. Sunflower, Brgy. Tangub, Bacolod City', 'Prk. Sunflower, Brgy. Tangub, Bacolod City', '1034', '51', '1034', '51', '1982-11-29', 'Bacolod City', '09099579077', 'Filipino', 'Baptist / Protestant', 'Jalandoni_Gebby_Map.pdf', 'Jalandoni_Gebby_Resume.pdf', 'gebbyjalandoni.cenpri@gmail.com', 'Active', '', 'Jalandoni_Gebby_Photo.png', '', '2016-05-16', '2016-013', 'Regular', 2, 1, 2, 90, 0, '', ''),
(102, '2018-03-27', 'Flor', 'Jason', 'Pido', '', 0, 'Male', 'Single', 'Magsaysay St.,', 'Magsaysay St.', '1046', '51', '1046', '51', '1997-06-16', 'Silay City', '09396488141', 'Filipino', 'Roman Catholic', 'Flor_Jason_Map.pdf', 'Flor_Jason_Resume.pdf', 'jasonflor.cenpri@gmail.com', 'Active', 'Flor_Jason_Essay.pdf', 'Flor_Jason_Photo.jpg', '', '2018-03-19', '2018-010', 'Regular', 3, 1, 2, 85, 0, '', ''),
(103, '2018-03-27', 'Labiao', 'Orville Zoilo', 'Amodia', '', 0, 'Male', 'Single', 'Buim Retiro Subd. II Brgy., Bubog, Talisay City', 'Buim Retiro Subd. II Brgy., Bubog, Talisay City', '1045', '51', '1045', '51', '1992-11-14', 'Sagay City', '09228455738', 'Filipino', 'Roman Catholic', 'Labiao_Orville Zoilo_Map.jpg', 'Labiao_Orville Zoilo_Resume.pdf', '', 'Separated', '', '', '', '', '', 'Regular', 0, 0, 0, 0, 0, '', ''),
(104, '2018-03-27', 'Lacambra', 'Annavi', 'Mendoza', '', 0, 'Female', 'Married', '1105 Araneta St., Poblacion, Bago City', '1105 Araneta St., Poblacion, Bago City', '1034', '51', '', '51', '1978-06-06', 'Bago City', '09363249978', 'Filipino', 'Roman Catholic', 'Lacambra_Annavi_Map.pdf', 'Lacambra_Annavi_Resume.pdf', 'annavilac.cenpri@gmail.com', 'Active', 'Lacambra_Annavi_Essay.pdf', 'Lacambra_Annavi_Photo.jpg', '', '2017-12-11', '2017-026', 'Regular', 2, 1, 2, 0, 0, '', ''),
(105, '2018-03-27', 'Nillos', 'Lester', 'Yucaran', '', 0, 'Male', 'Single', 'Lot 6, Blk 9, Kansilay St., Villa Carmen Subd., Silay City', 'Lot 6, Blk 9, Kansilay St., Villa Carmen Subd., Silay City', '1043', '51', '1043', '51', '1993-09-09', 'Silay City', '09303974564', 'Filipino', 'Christian', 'Nillos_Lester_Map.jpg', 'Nillos_Lester_Resume.pdf', '', 'Separated', 'Nillos_Lester_Essay.docx', '', '', '', '', 'Probationary', 0, 4, 2, 140, 0, '', ''),
(106, '2018-03-27', 'Bugna', 'Mary Grace', 'Fortaleza', '', 0, 'Female', 'Single', 'Poblacion Gan, Brgy. 2, La Carlota City', 'Poblacion Gan, Brgy. 2, La Carlota City', '1034', '51', '1035', '51', '1997-08-31', 'La Carlota City', '09307765706', 'Filipino', 'Roman Catholic', 'Bugna_Mary Grace_Map.pdf', 'Bugna_Mary Grace_Resume.pdf', 'marygracefortaleza.cenpri@gmail.com', 'Active', 'Bugna_Mary Grace_Essay.pdf', 'Bugna_Mary Grace_Photo.jpg', '', '2018-03-19', '2018-014', 'Regular', 2, 1, 1, 90, 0, '', ''),
(107, '2018-03-28', 'Oquiana', 'Ma. Erika', 'Gorsin', '', 0, 'Female', 'Single', 'Prk. Progreso, Brgy. Sum-ag, Bacolod City', 'Prk. Progreso, Brgy. Sum-ag, Bacolod City', '1034', '51', '1034', '51', '1989-07-15', 'Bacolod City', '09124746470', 'Filipino', 'Roman Catholic', 'Oquiana_Ma. Erika_Map.pdf', 'Oquiana_Ma. Erika_Resume.pdf', 'cenpritrading.negros@gmail.com', 'Active', 'Oquiana_Ma. Erika_Essay.pdf', 'Oquiana_Ma. Erika_Photo.png', '', '2015-02-25', '2015-012', 'Regular', 5, 1, 2, 131, 0, '', ''),
(108, '2018-03-28', 'Plaza', 'Charmaine Rei', 'Risco', '', 0, 'Female', 'Single', 'Brgy. Lantad, Silay City', 'Brgy. Lantad, Silay City', '1034', '51', '1034', '51', '1994-07-15', 'Bacolod City', '09488285185', 'Filipino', 'Roman Catholic', 'Plaza_Charmaine Rei_Map.pdf', 'Plaza_Charmaine Rei_Resume.pdf', 'charmplaza.cenpri@gmail.com', 'Active', 'Plaza_Charmaine Rei_Essay.pdf', 'Plaza_Charmaine Rei_Photo.png', '', '2015-08-30', '2016-017', 'Regular', 5, 1, 2, 140, 0, '', ''),
(109, '2018-03-28', 'Quiocson', 'Romeo', 'Montilla', '', 0, 'Male', 'Single', 'Prk. Yanson 2, Brgy. Mandalagan, Bacolod City', 'Prk. Yanson 2, Brgy. Mandalagan, Bacolod City', '1034', '51', '1034', '51', '1996-06-03', 'Para?aque City', '09276537369', 'Filipino', 'MCGI', 'Quiocson_Romeo_Map.pdf', 'Quiocson_Romeo_Resume.pdf', 'romeo.cenpri@gmail.com', 'Active', 'Quiocson_Romeo_Essay.pdf', 'Quiocson_Romeo_Photo.jpg', '', '2018-02-26', '2018-005', 'Regular', 16, 1, 2, 91, 0, '', ''),
(110, '2018-03-28', 'Ramirez', 'Cresilda', 'Serra', '', 0, 'Female', 'Single', 'Phase 4, Blk. 26, Lt. 26 Carmel St., Celine Homes, Brgy. Estefania, Bacolod City.', 'Phase 4, Blk. 26, Lt. 26 Carmel St., Celine Homes, Brgy. Estefania, Bacolod City.', '1034', '51', '1034', '51', '1992-06-26', 'Bacolod City', '09778215247', 'Filipino', 'Roman Catholic', 'Ramirez_Cresilda_Map.pdf', 'Ramirez_Cresilda_Resume.pdf', 'creiramirez.cenpri@gmail.com', 'Separated', 'Ramirez_Cresilda_Essay.pdf', 'Ramirez_Cresilda_Photo.jpg', '1056', '2017-11-20', '2017-025', 'Regular', 2, 1, 2, 104, 0, '2019-06-30', ''),
(111, '2018-03-28', 'Rocha', 'Melanie', 'Canoy', '', 0, 'Female', 'Married', 'Brgy. Calumangan, Bago City', 'Brgy. Calumangan, Bago City', '1035', '51', '1035', '51', '1983-09-06', 'Cadiz City', '09104526879', 'Filipino', 'Roman Catholic', '', '', '', 'Active', 'Rocha_Melanie_Essay.pdf', 'Rocha_Melanie_Photo.jpg', '', '2018-02-05', '2018-004', 'Regular', 6, 1, 2, 117, 0, '', ''),
(112, '2018-03-28', 'Rosales', 'Zyndyryn', 'Bedia', '', 0, 'Female', 'Single', 'Brgy. Zone 10, Rizal St., Talisay City', 'Brgy. Zone 10, Rizal St., Talisay City', '1045', '51', '1045', '51', '1991-03-28', 'Silay City', '09328737196', 'Filipino', 'Roman Catholic', 'Rosales_Zyndyryn_Map.pdf', 'Rosales_Zyndyryn_Resume.pdf', 'zyndyrosales.cenpri@gmail.com', 'Active', '', 'Rosales_Zyndyryn_Photo.jpg', '', '2014-06-02', '2014-024', 'Regular', 8, 1, 2, 0, 0, '', ''),
(113, '2018-03-28', 'Saludo', 'Genie', 'Quilla', '', 0, 'Female', 'Single', 'San Jose, Brgy Bagroy, Binalbagan', 'San Jose, Brgy Bagroy, Binalbagan', '1047', '51', '1047', '51', '1992-12-12', 'Philippine General Hospital', '09454569188', 'Filipino', 'Roman Catholic', 'Saludo_Genie_Map.pdf', 'Saludo_Genie_Resume.pdf', 'geniesaludo12@yahoo.com', 'Active', 'Saludo_Genie_Essay.pdf', 'Saludo_Genie_Photo.jpg', '', '2017-09-11', '2017-020', 'Regular', 6, 4, 2, 0, 0, '', ''),
(114, '2018-03-28', 'Sanchez', 'Daisy Jane', 'Flores', '', 0, 'Female', 'Single', '# 26 Lacson, St., Bacolod City', 'H.Pepito St. Poblacion Oriental, Consolacion Cebu', '1034', '51', '461', '25', '1981-05-29', 'Consolacion Cebu', '09328773754', 'Filipino', 'Roman Catholic', '', 'Sanchez_Daisy Jane_Resume.pdf', 'djfsan.energreen@yahoo.com', 'Active', 'Sanchez_Daisy Jane_Essay.pdf', 'Sanchez_Daisy Jane_Photo.png', '', '2016-05-16', '2016-015', 'Regular', 5, 1, 2, 0, 0, '', ''),
(115, '2018-04-02', 'Sellado', 'Dorothy Joy', 'Chan', '', 0, 'Female', 'Single', '3-A Sandoval St., Silay City', '3-A Sandoval St., Silay City', '1043', '51', '1043', '51', '1995-12-02', 'Manila', '09332758137', 'Filipino', 'Roman Catholic', '', '', '', 'Separated', '', '', '', '', '', 'Probationary', 0, 0, 0, 0, 0, '', ''),
(117, '2018-04-02', 'Sinoro', 'Syndey', 'Uy', '', 0, 'Female', 'Married', 'Blk. 9 Lot 12, Spring Field St., Francis Village, Taculing, Bacolod City', 'Blk. 9 Lot 12, Spring Field St., Francis Village, Taculing, Bacolod City', '1034', '51', '1034', '51', '1986-06-18', 'San Jose, Negros Oriental', '09232802343', 'Filipino', 'Roman Catholic', '', 'Sinoro_Syndey_Resume.pdf', 'syndey.cenpri@gmail.com', 'Active', 'Sinoro_Syndey_Essay.pdf', 'Sinoro_Syndey_Photo.jpg', '', '2016-06-16', '2016-018', 'Regular', 6, 1, 2, 51, 0, '', ''),
(118, '2018-04-02', 'Tabilla', 'Marianita', 'Nuestro', '', 0, 'Female', 'Married', 'Prk. Panaw, Brgy. Canimoros, Binalbagan ', 'Prk. Panaw, Brgy. Canimoros, Binalbagan ', '1047', '51', '1047', '51', '1984-12-27', 'Binalbagan', '09177793318', 'Filipino', 'Roman Catholic', '', 'Tabilla_Marianita_Resume.pdf', 'marian.cenpri@gmail.com', 'Active', 'Tabilla_Marianita_Essay.pdf', 'Tabilla_Marianita_Photo.png', '1048', '2017-07-11', '2017-011', 'Regular', 8, 1, 2, 112, 0, '', ''),
(119, '2018-04-02', 'Tagalog', 'Krystal Gayle', 'Geonanga', '', 0, 'Female', 'Single', 'East Home 4, Mansilingan, Bacolod City', 'Linaon, Cauayan, Negros Occidental', '1034', '51', '1034', '51', '1993-03-29', 'Bacolod City', '09463348559', 'Filipino', 'Roman Catholic', 'Tagalog_Krystal Gayle_Map.pdf', 'Tagalog_Krystal Gayle_Resume.pdf', 'gayle.cenpri@yahoo.com', 'Active', 'Tagalog_Krystal Gayle_Essay.pdf', 'Tagalog_Krystal Gayle_Photo.jpg', '', '2017-09-04', '2017-019', 'Regular', 6, 1, 2, 117, 0, '', ''),
(120, '2018-04-02', 'Tajo', 'Richard', 'Sapalo', '', 0, 'Male', 'Single', 'Rizal-Mabini St., Bacolod City', 'Brgy. Tradiche, Oton, Iloilo', '1034', '51', '684', '36', '1991-07-12', 'Guimbal, Iloilo', '09187679517', 'Filipino', 'Roman Catholic', '', '', '', 'Separated', '', '', '', '', '', 'Regular', 0, 0, 0, 0, 0, '', ''),
(121, '2018-04-02', 'Tan', 'Teresa', 'Pindang', '', 0, 'Female', 'Single', 'Blk. 36 Lot 9, Glendale Homes, Brgy. Granda, Bacolod City', 'Blk. 36 Lot 9, Glendale Homes, Brgy. Granda, Bacolod City', '1034', '51', '1034', '51', '1972-04-14', 'Quezon City', '09428135293', 'Filipino', 'Roman Catholic', 'Tan_Teresa_Map.pdf', 'Tan_Teresa_Resume.pdf', 'teresa72cenpri@gmail.com', 'Active', 'Tan_Teresa_Essay.pdf', 'Tan_Teresa_Photo.png', '', '2014-11-03', '2014-022', 'Regular', 9, 1, 2, 0, 0, '', ''),
(122, '2018-04-02', 'Sarroza', 'Rosemarie', 'Bausa', '', 0, 'Female', 'Single', '# 5 Adelfa, San Sebastian St., Brgy. 32 Bacolod City', '# 5 Adelfa, San Sebastian St., Brgy. 32 Bacolod City', '1034', '51', '1034', '51', '1992-11-16', 'Bacolod City', '09179512950', 'Filipino', 'Roman Catholic', 'Sarroza_Rosemarie_Map.pdf', 'Sarroza_Rosemarie_Resume.pdf', 'rosemariesarroza.cenpri@gmail.com', 'Active', 'Sarroza_Rosemarie_Essay.pdf', 'Sarroza_Rosemarie_Photo.jpg', '1053', '2017-10-17', '2017-022', 'Regular', 5, 1, 2, 0, 0, '', ''),
(123, '2018-04-02', 'Villas', 'Dary Mae', 'Gabutero', '', 0, 'Female', 'Married', 'Ma-anyag II, Brgy. Alijis, Bacolod City', 'Ma-anyag II, Brgy. Alijis, Bacolod City', '1034', '51', '1034', '51', '1984-09-19', 'Bacolod City', '09307871989', 'Filipino', 'Seventh Day Adventist', 'Villas_Dary Mae_Map.pdf', 'Villas_Dary Mae_Resume.pdf', 'cenpritrading.negros@gmail.com', 'Active', 'Villas_Dary Mae_Essay.pdf', 'Villas_Dary Mae_Photo.png', '', '2015-12-16', '2015-041', 'Regular', 5, 1, 2, 0, 0, '', ''),
(124, '2018-04-03', 'Villas', 'Mary Rose', 'Rodillado', '', 0, 'Female', 'Married', 'Blk 21 LS Sunstone St., Grandville Subd., Brgy. Daga, Cadiz City', 'Blk 21 LS Sunstone St., Grandville Subd., Brgy. Daga, Cadiz City', '1036', '51', '1036', '51', '1976-05-16', 'Negros Occidental', '09173947335', 'Filipino', 'Roman Catholic', 'Villas_Mary Rose_Map.pdf', 'Villas_Mary Rose_Resume.pdf', '', 'Separated', 'Villas_Mary Rose_Essay.jpg', '', '', '', '', 'Probationary', 0, 0, 0, 0, 0, '', ''),
(126, '2018-04-06', 'Bandong', 'Maria Farah Adela', 'Ferro', '', 0, 'Female', 'Single', '14 San Guillermo Ave., Buting, Pasig City, 2nd St.', '14 San Guillermo Ave., Buting, Pasig City, 2nd St.', '975', '47', '975', '47', '1973-08-01', 'Quezon', '09263068210', 'Filipino', 'Roman Catholic', 'Bandong_Maria Farah Adela_Map.pdf', 'Bandong_Maria Farah Adela_Resume.pdf', 'farah.energreen@yahoo.com.ph', 'Separated', '', 'Bandong_Maria Farah Adela_Photo.jpg', '', '', '', 'Regular', 0, 0, 0, 0, 0, '2018-07-22', ''),
(127, '2018-04-10', 'Jambongana', 'Jushkyle', '', '', 0, 'Male', 'Single', 'Tresfuentes St., Silay City', 'Tresfuentes St., Silay City', '1043', '51', '1043', '51', '1998-02-10', 'Silay City', '09123867454', 'Filipino', 'Roman Catholic', 'Jambongana_Jushkyle_Map.pdf', 'Jambongana_Jushkyle_Resume.pdf', 'jushkyle.cenpri@gmail.com', 'Active', '', 'Jambongana_Jushkyle_Photo.jpg', '', '2018-03-19', '2018-012', 'Regular', 3, 1, 1, 98, 0, '', ''),
(128, '2018-04-10', 'Severino', 'Stephine David', '', '', 0, 'Male', 'Single', 'Brgy. Lantad, Prk. Paraiso, Silay City', 'Brgy. Lantad, Prk. Paraiso, Silay City', '1043', '51', '1043', '51', '1998-03-08', 'Silay City', '09777106914', 'Filipino', 'Roman Catholic', 'Severino_Stephine David_Map.pdf', 'Severino_Stephine David_Resume.pdf', 'stephineseverino.cenpri@gmail.com', 'Active', 'Severino_Stephine David_Essay.pdf', 'Severino_Stephine David_Photo.jpg', '', '2018-03-19', '2018-011', 'Regular', 3, 1, 2, 85, 0, '', ''),
(129, '2018-04-10', 'Divinagracia', 'Julyn May', 'Rapado', '', 0, 'Female', 'Single', 'S.O Pasil, Brgy. Latasan, E.B. Magallona', '?S.O Pasil, Brgy. Latasan, E.B. Magallona', '1051', '51', '1051', '51', '1992-05-07', 'Silay City', '09301553296', 'Filipino', 'Baptist', 'Divinagracia_Julyn May_Map.pdf', 'Divinagracia_Julyn May_Resume.pdf', 'julynmay.cenpri@gmail.com', 'Active', 'Divinagracia_Julyn May_Essay.pdf', 'Divinagracia_Julyn May_Photo.jpg', '', '2018-03-19', '2018-013', 'Regular', 6, 1, 1, 79, 0, '', ''),
(130, '2018-04-10', 'Cosico', 'Joana Marie', 'Caliwagan', '', 0, 'Female', 'Single', '# 139 D. Brgy. San Marcos, San Pablo City', '# 139 D. Brgy. San Marcos, San Pablo City', '764', '40', '764', '40', '1994-06-19', 'San Pablo City', '09298510299', 'Filipino', 'Roman Catholic', '', 'Cosico_Joana Marie_Resume.pdf', 'jcosico.cenpri@gmail.com', 'Active', '', 'Cosico_Joana Marie_Photo.PNG', '', '2014-06-18', '2016-009', 'Regular', 4, 1, 3, 131, 0, '', ''),
(131, '2018-04-17', 'Young', 'Patricia Kate', 'Cardenas', '', 0, 'Female', 'Single', '# 28 8-A St., UPS V Sucat, Para?aque', '# 28 8-A St., UPS V Sucat, Para?aque', '973', '47', '973', '47', '1981-11-20', 'Metro Manila', '09065139545', 'Filipino', 'Roman Catholic', 'Young_Patricia Kate_Map.pdf', 'Young_Patricia Kate_Resume.pdf', 'trish.power.one@gmail.com', 'Separated', '', 'Young_Patricia Kate_Photo.png', '', '2013-10-21', '', 'Regular', 0, 0, 0, 0, 0, '2018-08-26', ''),
(132, '2018-04-17', 'Medina', 'Fara Jean', 'Bobiles', '', 0, 'Female', 'Single', '370-A Damayan St., Bacood Sta Mesa, Quezon City', '370-A Damayan St., Bacood Sta Mesa, Quezon City', '976', '47', '976', '47', '1977-11-27', 'Tabaco, Albay', '09178963209', 'Filipino', 'Roman Catholic', '', 'Medina_Fara Jean_Resume.docx', 'fjbobiles.energreen@gmail.com', 'Active', '', 'Medina_Fara Jean_Photo.jpg', '', '', '', 'Regular', 8, 1, 3, 140, 0, '', ''),
(133, '2018-04-18', 'Cesar', 'Cristy', 'Palanog', '', 0, 'Female', 'Single', 'Lot 2, Block 4, Zone 7, Brgy. Handumanan, Bacolod City', 'Lot 2, Block 4, Zone 7, Brgy. Handumanan, Bacolod City', '1034', '51', '1034', '51', '1984-12-21', 'Bacolod City', '09163961389', 'Filipino', 'Roman Catholic', 'Cesar_Cristy_Map.pdf', 'Cesar_Cristy_Resume.pdf', 'cristycesar.cenpri@gmail.com', 'Active', 'Cesar_Cristy_Essay.pdf', 'Cesar_Cristy_Photo.jpg', '', '2018-04-16', '2018-015', 'Regular', 2, 1, 2, 90, 0, '', ''),
(134, '2018-04-18', 'De La Cruz', 'Shem', 'Bustamante', '', 0, 'Male', 'Single', 'Relocation Site Brgy. RSB La Carlota City', 'Relocation Site Brgy. RSB La Carlota City', '1040', '51', '1040', '51', '1995-11-08', 'La Carlota City', '09104031748', 'Filipino', 'Adventist', 'De La Cruz_Shem_Map.jpg', 'De La Cruz_Shem_Resume.pdf', '', 'Separated', 'De La Cruz_Shem_Essay.jpg', '', '', '', '', 'Trainee', 0, 0, 0, 0, 0, '', ''),
(136, '2018-07-05', 'Febrio', 'Elaisa Jane', 'Anescol', '', 0, 'Female', 'Single', 'Menlo Village, Phase 2, Block 6, Lot 15, Brgy Zone 10, Talisay City', 'Menlo Village, Phase 2, Block 6, Lot 15, Brgy Zone 10, Talisay City', '1045', '51', '1045', '51', '1994-03-20', 'Bacolod City', '09179941917', 'FIlipino', 'Roman Catholic', 'Febrio_Elaisa Jane_Map.pdf', 'Febrio_Elaisa Jane_Resume.pdf', 'ejane.cenpri@gmai.com', 'Active', 'Febrio_Elaisa Jane_Essay.pdf', 'Febrio_Elaisa Jane_Photo.jpg', '', '2018-04-23', '2018-017', 'Regular', 6, 1, 2, 117, 0, '', ''),
(139, '2018-07-06', 'Gellada', 'Donna', 'Mahinay', '', 0, 'Female', 'Married', 'Zone II, Prk Mahimayaon, Brgy Bata', 'Blk 27, Lot 17, Glendale Homes, Brgy Granada', '1034', '51', '1034', '51', '1980-06-07', 'Bacolod City', '09162779697', 'FIlipino', 'Roman Catholic', 'Gellada_Donna_Map.pdf', 'Gellada_Donna_Resume.pdf', 'donna7.cenpri@gmail.com', 'Active', 'Gellada_Donna_Essay.pdf', 'Gellada_Donna_Photo.jpg', '', '2018-05-21', '2018-019', 'Regular', 15, 1, 1, 91, 0, '', ''),
(140, '2018-07-06', '', '', '', '', 0, '', '', '', '', '', '', '', '', '0000-00-00', '', '', '', '', '', '', '', '', '', '', '', '', '', '', 0, 0, 0, 0, 0, '', ''),
(141, '2018-07-06', 'Globert ', 'Felipe III', 'Ba?ares', '', 0, 'Male', 'Married', 'Prk Bantud, Brgy Pahanocoy', 'Prk Bantud, Brgy Pahanocoy', '1034', '51', '1034', '51', '1970-10-20', 'Bacolod', '09487024664', 'Filipino', 'Roman Catholic', 'Globert _Felipe III_Map.pdf', 'Globert _Felipe III_Resume.pdf', 'ping.cenpri@gmail.com', 'Active', 'Globert _Felipe III_Essay.pdf', 'Globert _Felipe III_Photo.png', '', '2017-01-03', '2017-001', 'Regular', 15, 1, 1, 140, 0, '', ''),
(142, '2018-07-10', 'Golvio', 'Mikko', 'Bacong', '', 0, 'Male', 'Single', 'Prk Talutog, Brgy Dulao', 'Prk Talutog, Brgy Dulao', '1035', '51', '1035', '51', '1991-09-06', 'Bacolod City', '09309363013', 'Filipino', 'Roman Catholic', 'Golvio_Mikko_Map.pdf', 'Golvio_Mikko_Resume.pdf', 'mikko_golvio@yahoo.com', 'Active', 'Golvio_Mikko_Essay.pdf', 'Golvio_Mikko_Photo.png', '', '2015-04-10', '2015-026', 'Regular', 10, 1, 1, 145, 0, '', ''),
(143, '2018-07-10', 'Jardiniano', 'Bobby', 'Ramos', '', 0, 'Male', 'Married', 'Brgy Dulao', 'Brgy Dulao', '1035', '51', '1035', '51', '1974-08-13', 'Bago City', '09333388374', 'Filipino', 'Roman Catholic', '', '', '', 'Active', '', 'Jardiniano_Bobby_Photo.jpg', '', '2018-04-19', '2018-018', 'Regular', 6, 1, 1, 79, 0, '', ''),
(144, '2018-07-11', 'Alejandro', 'John Ezequiel', 'Datorin', '', 0, 'Male', 'Single', 'Brgy Calumangan', 'No. 38 Pasasaw St., Brgy. Masikap Liliw, Laguna', '1035', '51', '', '47', '1990-04-10', '', '09975085170', 'Filipino', 'Roman Catholic', '', '', '', 'Active', '', 'Alejandro_John Ezequiel_Photo.png', '', '2014-01-26', '2014-029', 'Regular', 14, 1, 1, 145, 0, '', '');
INSERT INTO `personal_data` (`personal_id`, `date_encoded`, `lname`, `fname`, `mname`, `name_ext`, `age`, `sex`, `civil_status`, `permanent_address`, `provincial_address`, `pre_city`, `pre_prov`, `perm_city`, `perm_prov`, `bdate`, `place_birth`, `contact_no`, `nationality`, `religion`, `map_file`, `resume_file`, `email`, `status`, `essay_file`, `photo_upload`, `bio_num`, `date_hired`, `emp_num`, `emp_status`, `current_dept`, `current_bu`, `current_location`, `current_supervisor`, `supervisor`, `date_separated`, `remarks`) VALUES
(145, '2018-07-13', 'Argawanon', 'Rey', 'Dollete', '', 0, 'Female', 'Married', 'Brgy Calumangan', 'Prk 5, Alae, M. Fortich Bulk', '1035', '51', '272', '16', '1968-06-28', '', '09177920361', 'Filipino', 'Roman Catholic', '', 'Argawanon_Rey_Resume.pdf', 'rdargawanon@gmail.com', 'Active', '', 'Argawanon_Rey_Photo.png', '', '2014-05-01', '2014-009', 'Regular', 10, 1, 1, 140, 0, '', ''),
(146, '2018-07-14', 'Bolarde', 'Gerardo', 'Maraza', '', 0, 'Male', 'Married', 'Brgy Calumangan', 'Prk 3, Talavera', '1035', '51', '445', '25', '1960-07-17', 'Talavera', '09276406166', 'Filipino', 'Roman Catholic', '', 'Bolarde_Gerardo_Resume.docx', '', 'Separated', 'Bolarde_Gerardo_Essay.jpg', '', '', '', '', '', 0, 0, 0, 0, 0, '', ''),
(147, '2018-07-23', 'Porciuncula', 'Eleonor', 'Bartolome', '', 0, 'Female', 'Single', '561 Evangelista Sts., Duhat Bocaue Bulacan', '561 Evangelista Sts., Duhat Bocaue Bulacan', '285', '17', '285', '17', '1988-03-05', 'Bocaue Bulacan', '09999937275', 'Filipino', 'Roman Catholic', 'Porciuncula_Eleonor_Map.jpg', 'Porciuncula_Eleonor_Resume.docx', '', 'Separated', 'Porciuncula_Eleonor_Essay.jpg', 'Porciuncula_Eleonor_Photo.jpg', '', '', '', 'Regular', 0, 0, 0, 0, 0, '', ''),
(148, '2018-08-02', 'Tanan', 'Hennelen', 'Olandria', '', 0, 'Female', 'Single', 'Blk 14, Lot 12, Lessandra, Camella Homes, Brgy Bata, Bacolod City Negros Occidental', 'Blk 14, Lot 12, Lessandra, Camella Homes, Brgy Bata, Bacolod City Negros Occidental', '1034', '51', '1034', '51', '1997-08-15', 'Bacolod City', '09505154547', 'Filipino', 'Christian', 'Tanan_Hennelen_Map.pdf', 'Tanan_Hennelen_Resume.pdf', 'hentanan.cenpri@gmail.com', 'Active', 'Tanan_Hennelen_Essay.pdf', 'Tanan_Hennelen_Photo.jpg', '', '2018-05-25', '2018-020', 'Regular', 3, 1, 2, 85, 0, '', ''),
(149, '2018-08-08', 'Sia', 'Henry', 'Robles', '', 0, 'Male', 'Married', '3rd Road, Puentevellla Subdivision, Bacolod City, Negros Occidental', '3rd Road, Puentevellla Subdivision, Bacolod City, Negros Occidental', '1034', '51', '1034', '51', '1947-11-23', 'Bacolod City', '09177996939', 'Filipino', 'Roman Catholic', '', '', 'hrsia_cenpri@yahoo.com', 'Active', '', 'Sia_Henry_Photo.png', '', '2013-01-01', '2013-004', 'Consultant', 5, 1, 2, 140, 0, '', ''),
(150, '2019-01-08', 'Aizpuro', 'Ivy Mae', 'Poticar', '', 0, 'Female', 'Single', '3rd Blk Uriarte Subd., Brgy III-Poblacion', 'Blk 10, Lot 30, Villa Caridad Subd.', '1040', '51', '1040', '51', '1995-11-13', 'Bacolod City', '09774797860', 'Filipino', 'Catholic', 'Aizpuro_Ivy Mae_Map.pdf', 'Aizpuro_Ivy Mae_Resume.pdf', 'imaizpuro.cenpri@gmail.com', 'Active', 'Aizpuro_Ivy Mae_Essay.pdf', 'Aizpuro_Ivy Mae_Photo.jpg', '2018-023', '2018-08-01', '1072', 'Regular', 8, 1, 3, 140, 0, '', ''),
(151, '2019-01-10', 'Bias', 'Kervic', 'Salas', '', 0, 'Female', 'Single', 'Prk Santan, Zone IV, Talisay City, Negros Occidental', 'Prk Santan, Zone IV, Talisay City, Negros Occidental', '1045', '51', '1045', '51', '1994-11-19', 'Silay City', '09302357794', 'Filipino', 'Roman Catholic', 'Bias_Kervic_Map.pdf', 'Bias_Kervic_Resume.pdf', 'kervic.cenpri@gmail.com', 'Active', 'Bias_Kervic_Essay.pdf', 'Bias_Kervic_Photo.jpg', '1034', '2015-06-22', '2018-009', 'Regular', 4, 1, 2, 86, 0, '', ''),
(152, '2019-02-28', 'Bacong', 'Ladi Joy', 'Ni?a', '', 0, 'Female', 'Single', '108 St., Greenplains Subd., Singcang, Bacolod City', '108 St., Greenplains Subd., Singcang, Bacolod City', '1034', '51', '1034', '51', '1997-09-07', 'Bacolod City', '09162578185', 'Filipino', 'Catholic', 'Bacong_Ladi Joy_Map.pdf', 'Bacong_Ladi Joy_Resume.pdf', 'ladi@yoorekka.com', 'Active', 'Bacong_Ladi Joy_Essay.pdf', 'Bacong_Ladi Joy_Photo.jpg', '1070', '2018-07-18', '', 'Regular', 0, 4, 2, 0, 0, '', ''),
(153, '2019-03-02', 'Canto', 'Emmanuel Francisco', '', '', 0, 'Male', 'Married', 'J.J Gonzaga Village, Bakyas', 'J.J Gonzaga Village, Bakyas', '1034', '51', '1034', '51', '1966-08-19', '', '09322275269', 'Filipino', '', '', 'Canto_Emmanuel Francisco_Resume.pdf', '', 'Active', '', 'Canto_Emmanuel Francisco_Photo.png', '', '2014-09-01', '', 'Consultant', 0, 1, 2, 140, 0, '', ''),
(154, '2019-03-06', 'Gaudite', 'Rose Brenette', 'Jocson', '', 0, 'Female', 'Married', 'Block 7, Lot 10 Villa Cristeta Subd., Phase 2, Brgy Ma-ao', 'Block 7, Lot 10 Villa Cristeta Subd., Phase 2, Brgy Ma-ao', '1035', '51', '1035', '51', '1983-03-14', 'Bago City', '09178348154', 'Filipino', 'Roman Catholic', 'Gaudite_Rose Brenette_Map.pdf', 'Gaudite_Rose Brenette_Resume.pdf', 'rbrenettegauditecenpri@gmail.com', 'Active', 'Gaudite_Rose Brenette_Essay.pdf', 'Gaudite_Rose Brenette_Photo.jpg', '', '2018-08-13', '2018-025', 'Regular', 16, 1, 2, 156, 0, '', ''),
(155, '2019-03-08', 'Leonardia', 'Carlos Antonio', 'Lacson', '', 0, 'Male', 'Married', 'Aguinaldo, Cor. Gomez Sts., Brgy V', 'Aguinaldo, Cor. Gomez Sts., Brgy V', '1043', '51', '1043', '51', '1976-03-01', 'Bacolod City', '09175324443', 'FIlipino', 'Roman Catholic', 'Leonardia_Carlos Antonio_Map.pdf', 'Leonardia_Carlos Antonio_Resume.pdf', 'carloleonardia energreen@gmail.com', 'Active', 'Leonardia_Carlos Antonio_Essay.pdf', 'Leonardia_Carlos Antonio_Photo.jpg', '', '2018-04-16', '2018-026', 'Regular', 7, 1, 2, 0, 0, '', ''),
(158, '', 'Lacambra', 'Annavi', 'Mendoza', '', 0, '', '', '', '', '', '', '', '', '0000-00-00', '', '', '', '', '', '', '', '', '', '', '', '', '', '', 0, 1, 0, 0, 1, '', ''),
(159, '', 'Sinoro', 'Syndey', 'Uy', '', 0, '', '', '', '', '', '', '', '', '0000-00-00', '', '', '', '', '', '', '', '', '', '', '', '', '', '', 0, 1, 0, 0, 1, '', ''),
(160, '', 'Arana', 'Ma. Milagros', 'Banacia', '', 0, '', '', '', '', '', '', '', '', '0000-00-00', '', '', '', '', '', '', '', '', '', '', '', '', '', '', 0, 1, 0, 0, 1, '', ''),
(161, '', 'Cabaylo', 'Maylen', 'Hilarbo', '', 0, '', '', '', '', '', '', '', '', '0000-00-00', '', '', '', '', '', '', '', '', '', '', '', '', '', '', 0, 1, 0, 0, 1, '', ''),
(162, '', 'Tan', 'David', 'C', '', 0, '', '', '', '', '', '', '', '', '0000-00-00', '', '', '', '', '', '', '', '', '', '', '', '', '', '', 0, 2, 0, 0, 1, '', ''),
(163, '', 'Rosales', 'Zyndyryn', 'Bedia', '', 0, '', '', '', '', '', '', '', '', '0000-00-00', '', '', '', '', '', '', '', '', '', '', '', '', '', '', 0, 1, 0, 0, 1, '', ''),
(164, '', 'Sanchez', 'Daisy Jane', 'Flores', '', 0, '', '', '', '', '', '', '', '', '0000-00-00', '', '', '', '', '', '', '', '', '', '', '', '', '', '', 0, 1, 0, 0, 1, '', ''),
(165, '', 'Benares', 'Jonah Faye', 'Narazo', '', 0, '', '', '', '', '', '', '', '', '0000-00-00', '', '', '', '', '', '', '', '', '', '', '', '', '', '', 0, 1, 0, 0, 1, '', ''),
(166, '', 'Santos', 'Bea', 'Aldeguer', '', 0, '', '', '', '', '', '', '', '', '0000-00-00', '', '', '', '', '', '', '', '', '', '', '', '', '', '', 0, 4, 0, 0, 1, '', ''),
(167, '2019-04-22', 'Francisco', 'Prency', 'Valladares', '', 0, 'Female', 'Single', 'Bangga Totong, Brgy. Felisa', 'Bangga Totong, Brgy. Felisa', '1034', '51', '1034', '51', '1997-10-23', 'Bago City', '09469898363', 'Filipino', 'Roman Catholic', 'Francisco_Prency_Map.pdf', 'Francisco_Prency_Resume.pdf', 'prencyfrancisco.cenpri@gmail.com', 'Active', 'Francisco_Prency_Essay.pdf', 'Francisco_Prency_Photo.jpg', '', '2019-03-13', '2019-002', 'Probationary', 6, 1, 2, 117, 0, '', ''),
(168, '2019-04-22', 'Toledo', 'Glenn Paul', 'Diosana', '', 0, 'Male', 'Single', 'Catabla Baybay Purok Bay-ad ', 'Catabla Baybay Purok Bay-ad', '1045', '51', '1045', '51', '1997-11-29', 'Talisay City', '09959085074', 'Filipino', 'Roman Catholic', 'Toledo_Glenn Paul_Map.pdf', 'Toledo_Glenn Paul_Resume.pdf', 'glennpaul.cenpri@gmail.com', 'Active', 'Toledo_Glenn Paul_Essay.pdf', 'Toledo_Glenn Paul_Photo.jpg', '', '2019-03-18', '2019-003', 'Probationary', 3, 1, 2, 85, 0, '', ''),
(169, '2019-04-22', 'Ricarse', 'Rowena', 'Zamora', '', 0, 'Female', 'Married', 'Brgy. Zone 1 ', 'Brgy. Zone 1', '1061', '51', '1061', '51', '1985-02-01', 'Pulupandan Neg Occ', '09183662679', 'Filipino', 'PMCC 4th Watch', 'Ricarse_Rowena_Map.pdf', '', 'whengricarse.cenpri@gmail.com', 'Active', 'Ricarse_Rowena_Essay.pdf', 'Ricarse_Rowena_Photo.jpg', '', '2018-10-16', '2018-029', 'Probationary', 5, 1, 2, 114, 0, '', ''),
(170, '2019-04-23', 'Bandong', 'Mariah Farah Adela', 'Ferro', '', 0, 'Female', 'Single', '14 Guillermo Avenue Buting Pasig City', '14 Guillermo Avenue Buting Pasig City', '975', '47', '975', '47', '1973-08-01', 'Quezon City', '09263068210', 'Filipino', 'Roman Catholic', '', '', '', '', '', '', '', '', '', '', 0, 0, 0, 0, 0, '', ''),
(171, '2019-04-24', 'MATUCAN', 'JERRY', 'BAGNATE', '', 0, 'Male', '', 'BRGY. CALUMANGGAN', 'BRGY. CALUMANGGAN ', '1035', '51', '1035', '51', '1992-07-10', 'BACOLOD CITY', '09461380576', 'FILIPINO', 'ROMAN CATHOLIC', 'MATUCAN_JERRY_Map.pdf', '', '', 'Active', '', 'MATUCAN_JERRY_Photo.png', '', '2018-07-16', '2018-021', 'Regular', 15, 1, 1, 91, 0, '', ''),
(172, '2019-04-25', 'Ampog', 'Beverly ', 'Ampog', '', 0, 'Female', 'Single', 'Brgy Sibucao', 'Brgy. Sibucao', '1063', '51', '1063', '51', '1993-12-28', 'Isabela, Negros Occidental', '09953634548', 'Filipino', 'Christian-Baptist', 'Ampog_Beverly _Map.pdf', '', 'bevampog.cenpri@gmail.com', 'Active', 'Ampog_Beverly _Essay.pdf', 'Ampog_Beverly _Photo.jpg', '', '2018-02-26', '2018-006', 'Regular', 5, 1, 1, 8, 0, '', ''),
(173, '2019-04-25', 'Tasic', 'Liza', 'Calacat', '', 0, 'Female', 'Single', 'Marhil Subdivision', 'Marhil Subdivision', '1035', '51', '1035', '51', '1996-07-15', 'Bago City', '09270678090', 'Filipino', 'Roman Catholic', 'Tasic_Liza_Map.pdf', 'Tasic_Liza_Resume.pdf', 'liza@yoorekka.com', 'Active', 'Tasic_Liza_Essay.pdf', 'Tasic_Liza_Photo.jpg', '', '2018-08-13', '', 'Regular', 0, 4, 2, 140, 0, '', ''),
(174, '2019-04-26', 'Jomiller ', 'Silena', 'Nuez', '', 0, 'Female', 'Married', 'Purok Riverside 1 Brgy. Bata', 'Purok Riverside 1 Brgy. Bata', '1034', '51', '1034', '51', '1982-09-15', 'Bacolod City', '09382869673', 'Filipino', 'Roman Catholic', 'Jomiller _Silena_Map.pdf', 'Jomiller _Silena_Resume.pdf', 'jorjcenpri2008@gmail.com', 'Active', 'Jomiller _Silena_Essay.pdf', 'Jomiller _Silena_Photo.jpg', '', '2019-02-13', '2019-003', 'Probationary', 0, 4, 2, 140, 0, '', ''),
(175, '2019-04-27', 'Reyes', 'Angelica Shanice', '', '', 0, 'Female', 'Single', 'Blk 96, lot 19 Phase 1 Christopher St. Celine Homes Brgy Estefania', 'Blk 96, lot 19 Phase 1 Christopher St. Celine Homes Brgy Estefania', '1034', '51', '1034', '51', '1996-10-17', 'Makati City', '09392105184', 'Filipino', 'Christian', 'Reyes_Angelica Shanice_Map.pdf', 'Reyes_Angelica Shanice_Resume.pdf', 'shan.yoorekka@gmail.com', 'Active', 'Reyes_Angelica Shanice_Essay.pdf', 'Reyes_Angelica Shanice_Photo.jpg', '', '2019-04-22', '', 'Probationary', 0, 4, 2, 140, 0, '', ''),
(176, '2019-04-27', 'Suatengco', 'Eduardo', 'Esteban', '', 0, 'Male', 'Single', '', '', '', '', '', '', '0000-00-00', '', '09209023076', '', '', '', '', '', 'Active', '', '', '', '', '', 'Consultant', 0, 0, 0, 0, 0, '', ''),
(177, '2019-04-27', 'Pangilinan', 'Julius', 'Angeles', '', 0, 'Male', 'Single', '#9 Moraga Apartment, Bagong Silang, Camalig ', '#9 Moaraga Apartment, Bagong Silang, Camalig', '280', '17', '280', '17', '1979-07-07', 'Tarlac City, Philippines', '09153076709', 'Filipino', 'Christian', 'Pangilinan_Julius_Map.pdf', 'Pangilinan_Julius_Resume.pdf', 'jpangilinan.cenpri@gmail.com', 'Active', 'Pangilinan_Julius_Essay.pdf', 'Pangilinan_Julius_Photo.png', '', '2019-01-03', '2019-001', 'Regular', 10, 1, 1, 3, 0, '', ''),
(178, '2019-04-30', 'Villaruz', 'Jobelle', 'Villarias', '', 0, 'Female', 'Married', 'No. 66 Luzuriaga St. Mill Site VMC', 'No. 66 Luzuriaga St. Mill Site', '1046', '51', '1046', '51', '1988-07-24', 'Manapla City', '09171595665', 'Filipino', 'Catholic', 'Villarias_Jobelle_Map.pdf', 'Villarias_Jobelle_Resume.pdf', 'jobellevillarias.cenpri@gmail.com', 'Active', 'Villarias_Jobelle_Essay.pdf', 'Villarias_Jobelle_Photo.jpg', '', '2018-04-23', '2018-016', 'Regular', 6, 1, 1, 117, 0, '', ''),
(179, '2019-04-30', 'Javier', 'Jann Ray Romulo', 'Depon', '', 0, 'Male', 'Single', 'Blk 35 Lot 16 RPHS Alijis', 'Blk 35 lot 16 RPHS Alijis', '1034', '51', '1034', '51', '1995-07-08', 'Bacolod City', '09064370146', 'Filipino', 'Catholic', 'Javier_Jann Ray Romulo_Map.pdf', 'Javier_Jann Ray Romulo_Resume.pdf', 'jann@yoorekka.com', 'Active', 'Javier_Jann Ray Romulo_Essay.pdf', 'Javier_Jann Ray Romulo_Photo.jpg', '', '2018-08-01', '', 'Regular', 0, 4, 2, 140, 0, '', ''),
(180, '2019-04-30', 'Tamao', 'Aileen', 'Cordova', '', 0, 'Female', 'Married', 'Blk 10, Lot 9 Paglaum Village Brgy Mansilingan', 'Brgy Ma-ao ', '1034', '51', '1035', '51', '1986-10-07', 'Canlubang, Calamba Laguna', '09279425472', 'Filipino', 'Roman Catholic', 'Tamao_Aileen_Map.pdf', 'Tamao_Aileen_Resume.pdf', 'aileenct_progen@yahoo.com', 'Active', 'Tamao_Aileen_Essay.pdf', 'Tamao_Aileen_Photo.jpg', '', '2019-04-22', '2019-005', 'Probationary', 2, 3, 1, 104, 0, '', ''),
(181, '2019-05-03', 'Medina', 'Fara Jean', 'Bobiles', '', 0, 'Female', 'Single', '370-A Damayan St. Bacood Sta. Mesa Manila', 'Bicol Region', '', '5', '', '9', '1977-11-27', 'Tabaco, Albay', '09178963209', 'Filiino', 'Roman Catholic', '', 'Bobiles_Fara Jean_Resume.pdf', 'fjbobiles.energreen@gmail.com', 'Active', '', 'Bobiles_Fara Jean_Photo.jpg', '', '2014-11-03', '2014-035', 'Regular', 8, 1, 3, 0, 0, '', ''),
(182, '2019-05-06', 'Sasamoto', 'Kennah', 'Gutierrez', '', 0, 'Female', 'Single', '67-5 Galo St. Brgy. 19 Bacolod City', '67-5 Galo St. Brgy. 19 Bacolod City', '1034', '51', '1034', '51', '1991-01-22', 'Bacolod City', '09777842536', 'Filipino', 'Roman  Catholic', 'Sasamoto_Kennah_Map.pdf', 'Sasamoto_Kennah_Resume.pdf', 'kennahsasamoto.cenrpi@gmail.com', 'Active', 'Sasamoto_Kennah_Essay.pdf', 'Sasamoto_Kennah_Photo.JPG', '', '2018-03-05', '2018-008', 'Regular', 10, 1, 1, 145, 0, '', ''),
(183, '2019-05-07', 'TORRIJOS', 'ELMER', 'DIAMARA', '', 0, 'Male', 'Married', 'UGBINADA ST., POBLACION, PINAMUNGAJAN, CEBU', 'UGBINADA ST., POBLACION, PINAMUNGAJAN, CEBU', '475', '25', '475', '25', '1949-05-06', 'ESCALANTE', '09996778341', 'FILIPINO', 'ROMAN CATHOLIC', '', '', '', 'Active', '', 'TORRIJOS_ELMER_Photo.png', '', '2014-04-01', '2014-027', 'Consultant', 12, 1, 1, 140, 0, '2014-05-04', ''),
(184, '2019-05-18', 'Jabiniar', 'Erimar', 'Tagarda', '', 0, 'Male', 'Single', 'Brgy Tangub', 'Luz Banzon', '1034', '51', '1008', '49', '1996-07-17', 'Cagayan De Oro', '09361005704', 'Filipino', 'Roman Catholic', 'Jabiniar_Erimar_Map.pdf', 'Jabiniar_Erimar_Resume.pdf', 'cenpri.erimar@gmail.com', 'Active', 'Jabiniar_Erimar_Essay.pdf', 'Jabiniar_Erimar_Photo.jpg', '', '2018-07-30', '2018-022', 'Regular', 10, 1, 1, 145, 0, '', ''),
(185, '2019-05-20', 'AQUINO', 'MELINDA', 'GEOGRAFO', '', 0, 'Female', 'Single', '1 - 392 ZAMORA ST. ', '1 - 392 ZAMORA ST.', '1060', '51', '1060', '51', '1979-09-02', 'PONTEVEDRA', '09493005813', 'FILIPINO', 'ROMAN CATHOLIC', 'AQUINO_MELINDA_Map.pdf', 'AQUINO_MELINDA_Resume.pdf', 'melaquino.cenpri@gmail.com', 'Active', 'AQUINO_MELINDA_Essay.pdf', 'AQUINO_MELINDA_Photo.jpg', '', '2018-07-31', '2018-028', 'Regular', 0, 3, 1, 91, 0, '', ''),
(186, '2019-08-20', 'Diocson', 'Joshua Rey', 'Magdael', '', 0, 'Male', 'Single', 'Equaldad St. Brgy. Zone 12, Talisay City, Negros Occidental, 6115', 'Equaldad St. Brgy. Zone 12, Talisay City, Negros Occidental, 6115', '1045', '51', '1045', '51', '1992-04-19', 'Kalibo, Aklan', '09062369580', 'Filipino', 'Catholic', '', '', 'joshua@yoorekka.com', 'Active', '', 'Diocson_Joshua Rey_Photo.png', '', '2019-03-04', '', 'Probationary', 0, 4, 2, 179, 0, '', ''),
(187, '2019-08-20', 'Lee', 'Ma. Beatrice Faye', 'Orense', '', 0, 'Female', 'Single', 'Sto. Rosario Subd., Brgy. Nanuga, Hinigaran, Negros Occidental', 'Sto. Rosario Subd., Brgy. Nanuga, Hinigaran, Negros Occidental', '1052', '51', '1038', '51', '1997-04-17', 'Bacolod City', '09177820962', 'Filipino', 'Catholic', '', '', 'faye@yoorekka.com', 'Active', '', 'Lee_Ma. Beatrice Faye_Photo.png', '', '2019-07-01', '', 'Trainee', 0, 4, 2, 179, 0, '', ''),
(188, '2019-08-20', 'Sucaldito', 'John Lendre', 'Candia', '', 0, 'Male', 'Single', 'Blk. 19, Lot 8, Regent Pearl, Villa Angela, Bacolod City', 'Blk. 19, Lot 8, Regent Pearl, Villa Angela, Bacolod City', '1034', '51', '1034', '51', '1994-04-16', 'Bacolod City', '09271444145', 'Filipino', 'Catholic', '', '', '', 'Active', '', 'Sucaldito_John Lendre_Photo.png', '', '2019-08-07', '', 'Probationary', 0, 4, 2, 179, 0, '', ''),
(189, '2019-08-20', 'Salavante', 'Ladylyn', 'Arsaga', '', 0, 'Female', 'Married', 'Prk. Lanka, Brgy. San Miguel, Murcia, Negros Occidental', 'Prk. Lanka, Brgy. San Miguel, Murcia, Negros Occidental', '1059', '51', '1059', '51', '1988-02-28', 'Bago City', '09664969003', 'Filipino', 'Catholic', 'Salavante_Ladylyn_Map.pdf', 'Salavante_Ladylyn_Resume.pdf', 'ladylynsalavante.cenpri@gmail.com', 'Active', 'Salavante_Ladylyn_Essay.pdf', 'Salavante_Ladylyn_Photo.png', '', '2019-08-13', '', 'Trainee', 8, 1, 2, 112, 0, '', ''),
(190, '2019-08-20', 'Abas', 'Nelson', 'Balaibo', '', 0, 'Male', 'Married', 'Putican, Cabulo, Baco, Oriental Mindoro', 'Putican, Cabulo, Baco, Oriental Mindoro', '1174', '57', '1174', '57', '1985-05-22', 'Baco Oriental Mindoro', '09298006344', '', '', '', '', '', 'Active', '', 'Abas_Nelson_Photo.png', '', '2019-06-04', '2019-006', 'Probationary', 10, 1, 1, 177, 0, '', ''),
(191, '2019-08-20', 'Sulig', 'Analyn', 'Desales', '', 0, 'Female', 'Single', '12 St., Prk. Macapia, Brgy 6, Bacolod City', '', '1034', '51', '1034', '51', '1993-11-22', 'Bacolod City', '09774916375', 'Filipino', 'Catholic', 'Sulig_Analyn_Map.pdf', 'Sulig_Analyn_Resume.pdf', 'an.cenpri@gmail.com', 'Active', 'Sulig_Analyn_Essay.pdf', 'Sulig_Analyn_Photo.png', '', '2019-08-19', '', 'Trainee', 6, 1, 1, 38, 0, '', ''),
(192, '2019-08-27', 'HILADO', 'CRIZEAL PRECIOUS CLAIRE', 'ALINGASA', '', 0, 'Female', 'Single', 'Hervias III, Brgy. Villamonte, Bacolod City', 'Hervias III, Brgy. Villamonte, Bacolod City', '1034', '51', '1034', '51', '1995-10-23', 'Bacolod City', '09754444800', 'Filipino', 'Christian', 'HILADO_CRIZEAL PRECIOUS CLAIRE_Map.pdf', 'HILADO_CRIZEAL PRECIOUS CLAIRE_Resume.pdf', 'crizeal.cenpri@gmail.com', 'Active', 'HILADO_CRIZEAL PRECIOUS CLAIRE_Essay.pdf', 'HILADO_CRIZEAL PRECIOUS CLAIRE_Photo.png', '', '2019-08-27', '', 'Trainee', 7, 1, 2, 155, 0, '', ''),
(193, '2019-08-27', 'Estoria', 'Dinah', 'Aquino', '', 0, 'Female', 'Single', 'B21, L7, PH3, San Lorenzo Homes Brgy. Tangub, Bacoldo City', 'B21, L7, PH3, San Lorenzo Homes Brgy. Tangub, Bacoldo City', '1034', '51', '1034', '51', '1991-08-27', 'Pasig City', '09064090343', 'Filipino', '', 'Estoria_Dinah_Map.pdf', 'Estoria_Dinah_Resume.pdf', '', 'Active', 'Estoria_Dinah_Essay.pdf', 'Estoria_Dinah_Photo.png', '', '2019-08-16', '', 'Trainee', 5, 1, 2, 92, 0, '', ''),
(194, '2019-09-04', 'Destacamento', 'Ruth Jan', 'Sandoval', '', 0, 'Female', 'Single', '1995 Medalla-Milagrosa St., Greensville 3, Subd., Brgy. Villamonte, Bacolod City', '1995 Medalla-Milagrosa St., Greensville 3, Subd., Brgy. Villamonte, Bacolod City', '1034', '51', '1034', '51', '1995-01-04', 'Cadiz City', '09087174608', 'Filipino', 'Roman Catholic', 'Destacamento_Ruth Jan_Map.pdf', 'Destacamento_Ruth Jan_Resume.pdf', 'rdestacamento.cenpri@gmail.com', 'Active', 'Destacamento_Ruth Jan_Essay.pdf', 'Destacamento_Ruth Jan_Photo.png', '', '2019-09-02', '', 'Trainee', 2, 1, 2, 104, 0, '', ''),
(195, '2019-09-04', 'Mago', 'Sherny', 'Lagnas', '', 0, 'Female', 'Single', 'Prk. Malipayon, Brgy, Alijis, Bacolod City', 'Prk. Malipayon, Brgy, Alijis, Bacolod City', '1034', '51', '1034', '51', '1992-09-11', 'Bacolod City', '09074029373', 'Filipino', 'Baptist', '', 'Mago_Sherny_Resume.pdf', 'sherny.cenpri@gmail.com', 'Active', 'Mago_Sherny_Essay.pdf', 'Mago_Sherny_Photo.png', '', '2019-09-02', '', 'Trainee', 2, 1, 2, 104, 0, '', ''),
(196, '2019-10-01', 'Tolentino', 'Donna Rose', 'Estimo', '', 0, 'Female', 'Single', '26 Luzuriaga-Mabini St.', '26 Luzuriaga-Mabini St.', '1034', '51', '1034', '51', '1989-11-10', 'Bacolod City', '09208370591', 'Filipino', 'Roman Catholic', 'Tolentino_Donna Rose_Map.pdf', 'Tolentino_Donna Rose_Resume.pdf', '', 'Active', 'Tolentino_Donna Rose_Essay.pdf', 'Tolentino_Donna Rose_Photo.png', '', '2019-09-26', '', 'Trainee', 5, 1, 2, 92, 0, '', ''),
(197, '2019-10-01', 'Lucerna', 'Alma', 'Mijares', '', 0, 'Female', 'Single', 'Mapulang Duta, Brgy. Buenavista, Himamaylan CIty, Neg. Occ.', 'Mapulang Duta, Brgy. Buenavista, Himamaylan CIty, Neg. Occ.', '1038', '51', '1038', '51', '1989-01-27', 'Himamaylan City', '09397250763', 'Filipino', 'Aglipay', 'Lucerna_Alma_Map.pdf', 'Lucerna_Alma_Resume.pdf', 'almalucerna.energreen@gmail.com', 'Active', 'Lucerna_Alma_Essay.pdf', 'Lucerna_Alma_Photo.png', '', '2019-08-21', '', 'Trainee', 7, 2, 2, 0, 0, '', ''),
(198, '2019-10-01', 'Providencia ', 'Babylyn', 'Canete', '', 0, 'Female', 'Single', 'Prk. Riverside PHHC, Brgy. Montevista, Bacolod City', 'Prk. Riverside PHHC, Brgy. Montevista, Bacolod City', '1034', '51', '1034', '51', '1983-10-15', 'Bacolod City', '09989747173', 'Filipino', 'Roman Catholic', 'Providencia _Babylyn_Map.pdf', 'Providencia _Babylyn_Resume.pdf', 'babylyn.cenpri@gmail.com', 'Active', 'Providencia _Babylyn_Essay.pdf', 'Providencia _Babylyn_Photo.png', '', '2019-09-16', '', 'Trainee', 6, 1, 2, 117, 0, '', ''),
(199, '2019-10-08', 'Labang', 'Charishma', 'Ilagan', '', 0, 'Female', 'Married', 'Zone I, Villa Esperanza, Brgy. Tangub', 'Zone I, Villa Esperanza, Brgy. Tangub', '1034', '51', '1034', '51', '1978-12-19', 'Cebu City', '09495082653', 'Filipino', 'Born Again Christian', '', '', '', 'Inactive', '', '', '', '', '', 'Applicant', 0, 0, 0, 0, 0, '', 'For Pooling'),
(200, '2019-10-14', 'Mag-Alasin', 'Lester', 'Apuyan', '', 0, 'Male', 'Single', 'Block 10, Lot 5, Progreso Village, Vista Alegre', 'Block 10, Lot 5, Progreso Village, Vista Alegre', '1034', '51', '1034', '51', '1992-11-25', 'Bacolod City', '09673652314', 'Filipino', 'Pentecostal', '', '', '', 'Inactive', '', '', '', '', '', 'Applicant', 0, 0, 0, 0, 0, '', 'For Pooling'),
(201, '2019-10-16', 'Bonda', 'Kyla Michelle', 'Lingamen', '', 0, 'Female', 'Single', 'Prk. Camingawan, Brgy. Taloc', 'Prk. Camingawan, Brgy. Taloc', '1035', '51', '', '', '1992-03-05', 'Bacolod City', '09669578620', 'Filipino', 'Baptist', '', '', '', 'Inactive', '', '', '', '', '', 'Applicant', 0, 0, 0, 0, 0, '', 'For Pooling'),
(202, '2019-10-16', 'Denila', 'Rovi', 'Cartera', '', 0, 'Female', 'Single', 'B4, L7, Flamingo St., East Homes 1 subd., Fortune Towne', 'B4, L7, Flamingo St., East Homes 1 subd., Fortune Towne, ', '1034', '51', '1034', '51', '1975-10-11', 'Bacolod City', '09989978407', 'Filipino', 'Christian', '', '', '', 'Inactive', '', '', '', '', '', 'Applicant', 0, 0, 0, 0, 0, '', 'For Pooling'),
(203, '2019-10-16', 'Monteez', 'Mary Joy', 'Abquilan', '', 0, 'Female', 'Single', 'Prk. San Roque, Brgy. Tangub', 'Prk. San Roque, Brgy. Tangub', '1034', '51', '1034', '51', '1991-11-14', 'Bacolod City', '09562318317', 'Filipino', 'Roman Catholic', '', '', '', 'Inactive', '', '', '', '', '', 'Applicant', 0, 0, 0, 0, 0, '', 'For Pooling'),
(204, '2019-10-17', 'Estorque', 'Liezyl', 'Capote', '', 0, 'Female', 'Single', 'Lot 3, Blk. 1, Fisheries Ave., Brgy Zone 2', 'Lot 3, Blk. 1, Fisheries Ave., Brgy Zone 2', '1045', '51', '1045', '51', '1984-03-07', 'Bacolod City', '09055163907', 'Filipino', 'Roman Catholic', '', '', '', 'Inactive', '', '', '', '', '', 'For Pooling', 0, 0, 0, 0, 0, '', '');

-- --------------------------------------------------------

--
-- Table structure for table `person_to_contact`
--

CREATE TABLE IF NOT EXISTS `person_to_contact` (
`person_id` int(11) NOT NULL,
  `personal_id` int(11) NOT NULL,
  `p_name` varchar(50) DEFAULT NULL,
  `p_relationship` varchar(50) DEFAULT NULL,
  `p_contact_no` varchar(100) DEFAULT NULL,
  `address` varchar(50) DEFAULT NULL
) ENGINE=InnoDB AUTO_INCREMENT=195 DEFAULT CHARSET=latin1;

--
-- Dumping data for table `person_to_contact`
--

INSERT INTO `person_to_contact` (`person_id`, `personal_id`, `p_name`, `p_relationship`, `p_contact_no`, `address`) VALUES
(1, 1, 'Elizabeth C. Adorio', 'Wife', '09077944935', 'Lot 5, Block 12 Buenavista Subd., Silay City'),
(2, 2, 'Abdias V. Arsenio', 'Father', '09292859036 / 09164278726', 'Purok Progreso, Taculing, Bacolod City'),
(3, 3, 'Marites T. Jabiniar', 'Wife', '0926 591 9843', 'Zone 3 Luz Banzon, Jasaan, Misamis Oriental'),
(4, 4, 'Cristina Alevio', 'Wife', '09262654445', '1486 Tolentino Compound, Bancal Carmona, Cavite'),
(5, 5, 'Maricar S. Jamelo', 'Wife', '09092105318', 'Blk 162 Lot 20 P7 Punta Uno Carissa Homes, Tanza, '),
(6, 6, 'Elma Alova', 'Mother', '09222691738', 'Tabao Baybay, San Enrique, Neg. Occ.'),
(7, 7, 'Elena Jardinico', 'Grandmother', '', 'Purok C3 Brgy. Calumangan, Bago City'),
(8, 8, 'Reynaldo Alunan', 'Father', '09276746952', 'Purok 3, Brgy. Granada, Bacolod City, Neg. Occ.'),
(9, 9, 'Cherry Mae T. Labanon', '', '0995 611 4826', ''),
(10, 10, 'Anthena Ledesma', 'Sister', '09219250548', 'Zone 3, Talisay City'),
(11, 11, 'Ella M. Liao', 'Mother', '09985331300', 'Brgy. 12, San Juan St. Bacolod CIty'),
(37, 37, 'Mecil T. Lovico', 'Wife', '09303700315', 'Sam-ang, Magdugo Toledo City'),
(38, 38, 'Susan Madeja', 'Wife ', '09194999108', 'Brgy. Cajimos Romblon'),
(40, 40, 'Ana May Ambos', 'Wife', '0917 714 7974', '1321 Siglo XX St. Tanjay City, Negros Oriental'),
(41, 41, 'Agnes Maglinte', 'Wife', '09059248312', 'Brgy. Ligui-an Lower Tungawan Samboanga Sibugay'),
(42, 42, 'Luzviminda Manilla', 'Mother', '09106273102', 'Brgy. Ma-ao Bago City'),
(43, 43, '', '', '', ''),
(44, 44, 'Ricky P. Ambong', 'Husband', '09193268413', 'Purok Kamunsilan, Brgy Busay, Bago City'),
(45, 45, 'Rafael Mondejar', 'Husband', '09125356230', 'Bo. Site Brgy. Calumangan Bago City'),
(46, 46, '', '', '', ''),
(47, 47, 'Jazel Montero', 'Wife ', '09283831849', 'Cadiz City Negros Occidental'),
(48, 48, 'Gemmark Pisga', 'Boyfriend', '09985370399', 'Gan Subd. Iglesia St. Brgy II Poblacion La Carlota'),
(49, 49, 'Glaiza Marie M. Ortega', 'Wife', '09432329297', 'Charito Heights Brgy Granada Bacolod City'),
(50, 50, 'MARICHU ANGULO', 'WIFE', '0932-210-1406', 'TANJAY CITY, NEG OCC.'),
(51, 51, 'Gerry U. Ba?acia', 'Spouse', '', 'Lot 25 Block 7 Maple Road, Rosario Heights Subd., '),
(52, 52, '', '', '', ''),
(53, 53, 'Hylien Panes', 'Wife', '0918 799 9979', 'Calumanggan, Bago City, Neg. Occ. '),
(54, 54, 'Josephine Arroyo', 'Mother', '09996832182', 'Sarmiento St., Brgy. I-Pob, Himamaylan, Negros Occ'),
(55, 55, 'Tillie Baculio', 'Wife', '09194833863', 'Brgy Calumangan, Bago City, Negros Occidental'),
(56, 56, 'Ruby Ventor Abellar', 'Mother', '09193370141', '4th St. Marhil Subdivision. Brgy. Poblacion Bago C'),
(57, 57, 'Morlito Bating', 'Father', '09059739549', 'Prk BM, brgy. Taculing,Bacolod City, Negros Occide'),
(58, 58, 'Cheryl E. Purisima', 'Wife', '09776213184', 'Purok 111 Talavera Toledo City Cebu'),
(59, 59, '', '', '', ''),
(60, 60, 'Rheamay Pocong', 'Wife', '09227908785', 'Sitio Jerusalem, Buhisan, Cebu City'),
(61, 61, 'Jocelyn A. Purisima', 'Wife', '09165367829', 'matab-ang Toledo City Cebu'),
(62, 62, 'Lea Baturano', 'Live-in Partner', '09236581286', 'Robis 1 Area 1 Brgy. 175 Camarin Caloocan City'),
(63, 63, '', '', '', ''),
(64, 64, '', '', '', ''),
(65, 65, 'Lolita Canama', 'Mother', '09217996491', 'Libertad Bogo, Cebu City'),
(66, 66, 'Gerlie May Corino', 'Wife', '09206995646', '#118 Sta. Elena, Orion, Bataan'),
(67, 67, 'Merlyn Dagupan', 'Wife', '09297562268', 'Blk 1 Lot 19 ACM Paramount Homes Brgy. Navarro Gen'),
(68, 68, 'Nedda Depasupil', 'Mother', '09479430367', 'Purok Pag-asa, Brgy. Alijis, Bacolod City, Neg. Oc'),
(69, 69, 'Angela Ngipen', 'Sister in Law', '09128871578', 'Zone 4, Brgy Tagda, Hinigaran, Negros Occidental'),
(70, 70, 'Nilda Samano', 'Mother', '441-1420', 'Bacolod City'),
(71, 71, 'Julita Factolerin', 'Mother', '09426388585', 'Block 14 Lot 20, San Antonio Pueblo, Phase , Talis'),
(72, 72, 'Mary Jean Fajutagana', 'Mother', '09395394342', 'Balimbing, San Pascual Batangas'),
(73, 73, 'Syrel Tagarda', 'Wife', '09168294832', 'Purok Hayahay Kimaya, Jasaan, Misamis Oriental'),
(74, 74, 'Gina O. Tandoy', 'Wife', '09273254442', 'Brgy. Mailum, Bago City, Neg. Occ.'),
(75, 75, 'Leilani Fernandez', 'Wife', '09109169950', 'Block 1, Lot 57, Camachille Subd., Pascan 1, Gener'),
(76, 76, 'Marylou Sixto', 'Wife', '09473992602', 'Brgy. Calumangan, Bago City'),
(77, 77, 'Ma. Lizel Sabit', 'Wife', '09294490179', 'Blk 8, Lot 15, Fatima Subdivision Upper Puerto Cag'),
(78, 78, 'Cilirina Sarcauga', 'Mother', '09333834450', 'Tabayag Argao, Cebu City'),
(79, 79, 'Beulah Eras', 'Mother', '4467708', 'Pahanocoy Village, Bacolod City'),
(80, 80, 'Bryans Urnopia', 'Son', '09308736393', 'Maria Morena Brgy. Calumangan, Bago city'),
(81, 81, 'Flordeliza Fortuno', 'Wife', '09771543259', 'Pinagtipunan, General Trias Cavite'),
(82, 82, 'Cecilia Tignero', 'Mother', '09047578424', 'Brgy. Lag-asan Bago City, Neg Occ'),
(83, 83, 'Erotieda J. Sabando', 'Wife', '09279413501', '553 Casa Rivera Subd., Libertad, Butuan City, Agus'),
(85, 85, 'Jose Martin Benares', 'Husband', '09332073866', '107 St., Greenplains Subd., Brgy Tangub'),
(86, 86, 'Ma. Luz Hilarbo', 'Mother', '09235115541', 'Prk. Seaside. Tangub, Bacolod City'),
(87, 87, 'Mila B. Arana', '', '09285081310', ''),
(88, 88, 'Johna Carbaquil', 'Wife', '09108917570', 'Brgy. Binubuhan, Bago City'),
(89, 89, 'Nelia Caballero', 'Mother', '09496995025', 'Lot 5 Blk 5, NGO Village Brgy. Handumanan, Bacolod'),
(90, 90, 'Emerson M. Danoy', 'Husband', '0932 166 1740', 'Blk 11, Lot 12, Phase II, Villa Estefania Subd., B'),
(91, 91, 'Edna M. Perez', 'Mother', '09434664673', 'Mahimaya-on St., Bata Subd., Brgy. Bata, Bacolod C'),
(92, 92, 'Gladys De Los Santos', 'Wife', '444-1533', 'c/o Robinhood Commericial Bacolod'),
(93, 93, 'Nenita C. Dujenio', 'Mother', '09228808924', 'Blk 3 Lot 4-6 Celita Village, Brgy. Alijis, Bacolo'),
(94, 94, 'Eva P. Bantiling ', 'Sister', '709-4495', 'Prk Pedring, Brgy. Estefania Bacolod City'),
(95, 95, 'Emily Flores', 'Aunt', '704-2841', 'Blk 20 Lot 9 Sta. Lucia Gardens, Brgy. Taculing'),
(96, 96, 'Elsie R. Alfaro', 'Mother', '09209084564', 'c/o Philippine Air Lines'),
(97, 97, 'Lenette Grabillo ', 'Mother', '09322428059', 'Phase VI-B, Blk 6 Lot 15, Prk. San Roque, Handuman'),
(98, 98, 'Shery Jamero', 'Wife', '09484024099', 'Blk. 11 Lot 23 Camelot Subd., Estefania, Bacolod C'),
(99, 99, 'Dino Marco Roa', 'Live in Partner', '09165347178', 'Prk. Masagana, Brgy. Alijis, Bacolod City'),
(100, 100, 'Doreen Happy Q. Iba?ez', 'Wife', '09051985669', 'Magsaysay St., Brgy. Zone 3. Cadiz City'),
(101, 101, 'Genita Jalandoni', 'Mother', '09217777983', 'Rosario - Locsin, Bacolod City'),
(102, 102, 'Ercelia P. Flor', 'Mother', '09494704844', 'Magsaysay St., Victorias City'),
(103, 103, 'Zoilo G. Labiao', 'Father', '09189413545', 'Sagay City'),
(104, 104, 'Raffy Lacambra', 'Spouse', '09173013890', '1105 Araneta St., Bago City'),
(105, 105, 'Leslie Nillos', 'Sister', '09203974564', 'Lot 6, Blk 9, Kansilay St., Villa Carmen Subd., Si'),
(106, 106, 'Elisa Bugna', 'Mother', '09486206591', 'Gan, La Carlota City'),
(107, 107, 'Emeline Oquiana', 'Mother', '09481492338', 'Prk. Progreso, Brgy. Sum-ag, Bacolod City'),
(108, 108, 'Miranda Rosa Plaza', 'Mother', '', 'Brgy. Lantad, Silay City'),
(109, 109, 'Liza Quiocson', 'Mother', '09103724912', 'Prk. Yanson 2, Brgy. Mandalagan, Bacolod City'),
(110, 110, 'Emily S. Ramirez', 'Mother', '09428816066', 'Phase 4, Blk. 26, Lt. 26 Carmel St., Celine Homes,'),
(111, 111, 'Ana Mae Rocha', 'Daughter', '09089912639', 'Brgy. Calumangan, Bago City'),
(112, 112, 'Arnel Rosales', 'Father', '09198865042', 'Brgy. Zone 10, Rizal St., Talisay City'),
(113, 113, 'Wayne Saludo', 'Father', '09150956305', 'San Jose, Brgy Bagroy, Binalbagan'),
(114, 114, 'Carina Sanchez', 'Aunt', '09321106653', '#26 Lacson St., Bacolod City'),
(115, 115, 'Noel Sellado', 'Father', '09076427321', '3-A Sandoval St., Silay City'),
(116, 116, 'Catherine S. Alvero', 'Mother', '09368511378', 'Brgy. Lantad, prk. Paraiso, Silay City'),
(117, 117, 'Ray Francis Sinoro', 'Spouse', '09239910607', 'Taculing, Bacolod City'),
(118, 118, 'Welminita Carmona', 'Mother', '09771736285', 'Hda. Puyas, Brgy. Blumentrit, Murcia'),
(119, 119, 'Celita Tagalog', 'Mother', '09072540757', 'East Home 4, Mansilingan'),
(120, 120, 'Conrado E. Tajo', 'Father', '(033) 510-613', 'Brgy. Tradiche, Oton, Iloilo'),
(121, 121, 'Eduardo P. Tan', 'Brother', '09213111717', 'Laguna'),
(122, 122, 'Richard E. Sarroza', 'Father', '09217773754', '# 5 Adelfa, San Sebastian St., Brgy. 32 Bacolod Ci'),
(123, 123, 'Rodolfo C. Villas', 'Husband', '09196709101', 'Ma-anyag II, Brgy. Alijis, Bacolod City'),
(124, 124, 'John Rodillado', 'Brother', '09175123992', 'Cadiz City, PNP Headquarters'),
(125, 125, 'Gene S. Bi?as', 'Mother', '09227088352', 'Prk. Santan, Zone 4 Talisay City, Negros Occidenta'),
(126, 126, 'Jose Aristotle F. Bandong', 'Brother', '09255032015', '14 San Guillermo Ave., Buting, Pasig City, 2nd St.'),
(127, 127, 'Alejandro Jambongana', 'Grand Father', '09090516091', 'Tresfuentes St., Silay City'),
(128, 128, 'Catherine S. Alvero', 'Mother', '09368511378', 'Brgy. Lantad, Prk. Paraiso, Silay City'),
(129, 129, 'Guillean Divinagracia', 'Sister', '09206421282', 'S.O Pasil, Brgy. Latasan, E.B. Magallona'),
(130, 130, '', '', '', ''),
(131, 131, 'Ma. Cristina Young', 'Mother', '09178093098', '# 28 8-A St., UPS V Sucat, Para?aque'),
(132, 132, '', '', '', ''),
(133, 133, 'Robina Cesar Enguana', 'Sister', '09177135825', 'Lot 2, Block 4, Zone 7, Brgy. Handumanan, Bacolod '),
(134, 134, 'Melanie De La Cruz', 'Mother', '09399694703', 'La Carlota City'),
(136, 136, 'Zenaida Febrio', 'Mother', '09198713364', 'Menlo Village, Phase 2, Block 6, Lot 15, Brgy Zone'),
(139, 139, 'Haydee Mahinay', 'Mother', '09086929725 / 09058942549', 'Zone II, Prk. Mahimayaon, Brgy. Bata, Bacolod City'),
(140, 140, '', '', '', ''),
(141, 141, 'Analyn Globert', 'Wife', '09495802338', 'Prk Bantud, Brgy Pahanocoy, acolod City, Negros Oc'),
(142, 142, '', '', '', ''),
(143, 143, 'Benilda Jardiniano', 'Wife', '095029033750', 'Brgy Dulao, Bago City, Neg. Occ.'),
(144, 144, 'Jean Alejandro', 'Mother', '09395346244', 'Las Pinas City'),
(145, 145, 'Dolorosa Argawanon', 'Wife', '0995 090 0875', 'Alae, M. Fortich Bukidnon'),
(146, 146, 'Narcisa Bolarde', 'Wife', '09354948682', ''),
(147, 147, 'Jose Porciuncula', 'Father', '09266621338', '561 Evangelista Sts., Duhat Bocaue Bulacan'),
(148, 148, 'Hennalen Tanan', 'Sister', '09272513199', 'Blk 14, Lot 12, Lessandra, Camella Homes, Brgy Bat'),
(149, 149, 'Joan O. Sia', 'Wife', '09328702240', '3rd Road, Puentevellla Subdivision, Bacolod City, '),
(150, 150, 'Rosario P. Aizpuro', 'Mother', '09169706996', '3rd Blk Uriarte Subd., Brgy III-Poblacion, La Carl'),
(151, 151, 'Gene S. Bi?as', 'Mother', '09227088352', 'Prk Santan, Zone IV, Talisay City, Negros Occident'),
(152, 152, 'Raylie R. Bacong', 'Father', '09491141704', '108 St., Greenplains Subd., Singcang, Bacolod City'),
(153, 153, '', '', '', ''),
(154, 154, 'Joepete Sia Gaudite', 'Husband', '09178791704', 'Block 18, Lot 3, Villa Magdalena Subd., Brgy Mansi'),
(155, 155, 'Maria Celeste B. Leonardia', 'Wife', '09178364896', 'Aguinaldo, Cor. Gomez Sts., Brgy V'),
(156, 156, '', '', '', ''),
(157, 167, 'Ofelia Francisco', 'Mother', '09307313478', 'Prk. Theodora, Brgy. Pansite Murcia Neg Occ'),
(158, 168, 'Aliyn Diosana', 'Grandmother', '09461664674', 'Catabla Baybay Purok Bay-ad Talisay City Neg Occ'),
(159, 169, 'Randy Ricarse', 'Husband', '09194832837', 'Pulupandan Neg Occ'),
(160, 170, 'Jose AnistoBandong', 'Brother', '09255032015', 'Guillermo Avenue Pasig City'),
(161, 171, 'PROFERIO MATUCAN', 'FATHER', '0946-138-0576', 'PRK. GUMAMELA, BRGY. CALUMANGGAN, BAGO CITY, NEGRO'),
(162, 172, 'Francis Ampog', 'Father', '09434505293', 'Brgy. Sibucaoo, San Erique, Neg Occ'),
(163, 173, 'Annaliza Tasic', 'Mother', '09208725597', 'Bago City'),
(164, 174, 'Genesis Jomiller', 'Husband', '708-8352', 'Purok Riverside 1 Brgy Bata'),
(165, 175, 'Maria Jesusa Reyes Castillo', 'Mother', '09430278898', 'Celine Homes'),
(166, 176, '', '', '', ''),
(167, 177, 'Sarape Picardal', 'Future Wife', '09235738058', 'Moraga Apartment Camalig Meycauayan Bulacan'),
(168, 178, 'Joseph A. Villaruz', 'Husband', '0977 811 8330', 'No. 66 Luzuriaga St. Millsite Brgy. XVI Victorias '),
(169, 179, 'Mary Ann Javier', 'Mother', '', 'Blk 35 Lot 16 RPHS Alijis'),
(170, 180, 'Nilrey Tamao', 'Huband Mother', '09212849260', 'Blk 10, Lot 9 Paglaum Village Mansilingan'),
(171, 181, '', '', '', ''),
(172, 182, 'Fe Gutierrez', 'Mother', '09222797669', '67-5 Galo St. Bacolod City'),
(173, 183, 'ARACELI L. TORRIJOS', 'WIFE', '09195836422', 'UGBINADA ST. POBLACION, PINAMUNGAJAN, CEBU'),
(174, 184, 'Marites Jabiniar', 'Monther', '09978878385', 'Luz Banzon Jasaan, Misamis Oriental'),
(175, 185, 'ESTINELY G. AQUINO', 'MOTHER', '0908-679-6047', '1 - 392 ZAMORA ST., PONTEVEDRA, NEGROS OCC.'),
(176, 186, 'Eden Diocson', 'Mother', '0933-868-8426', 'Equaldad St. Brgy. Zone 12, Talisay City, Negros O'),
(177, 187, 'Lester Y. Lee', 'Father', '0927-945-2824', 'Sto. Rosario Subd., Brgy. Nanuga, Hinigaran, Negro'),
(178, 188, 'Sharlene Sucaldito', 'Mother', '0999-516-7509', 'Blk. 19, Lot 8, Regent Pearl, Villa Angela, Bacolo'),
(179, 189, 'Ma. Fe Arsaga', 'Mother', '0946-0589-441', 'Prk. Lanka, Brgy. San Miguel, Murcia, Negros Occid'),
(180, 190, 'Janice G. Abas', 'Wife', '0950-600-9596', 'Najuan Oriental Mindoro'),
(181, 191, 'Helena Sulig', 'Mother', '0907-602-0809', '12 St., Prk. Macapia, Brgy 6, Bacolod City'),
(182, 192, 'Cresilda Hilado', 'Mother', '0957-048-383', 'Hervias III, Brgy. Villamonte, Bacolod City'),
(183, 193, 'Romulo Estoria', 'Father', '0936-936-3911', 'B21, L7, PH3, San Lorenzo Homes Brgy. Tangub, Baco'),
(184, 194, 'Denver D. Destacamento', 'Father', '0908-951-0822', '1995 Medalla-Milagrosa St., Greensville 3, Subd., '),
(185, 195, 'Johnny Juan Mago', 'Father', '0921-252-3413', 'Prk. Malipayon, Brgy, Alijis, Bacolod City'),
(186, 196, 'Jesus Tolentino', 'Father', '0950-5050-122', '26 Luzuriaga-Mabini St., Bacolod City, Negros Occi'),
(187, 197, 'Cheryl Lucerna', 'Sibling', '0950-250-3420', 'Mapulang Duta, Brgy. Buenavista, Himamaylan CIty, '),
(188, 198, 'Beverly Providencia', 'Sister', '0956-988-1305', 'Prk. Riverside PHHC, Brgy. Montevista, Bacolod Cit'),
(189, 199, 'Nelson Labang', 'Husband', '0999-109-1030', 'Zone I, Villa Esperanza, Tangub, Bacolod City, Neg'),
(190, 200, 'Carlota Mag-Alasin', 'Mother', '0909 680 8481', 'Block 10, Lot 15, Progresso Village, VIsta Allegre'),
(191, 201, 'Rucil Bonda', 'Mother', '0915 305 9714', 'Prk. Camingawan, Brgy. Taloc'),
(192, 202, 'May Ann Clavecillas', 'Sister', '0947 178 9924', 'B4, L7, Flamingo St., East Homes 1 subd., Fortune '),
(193, 203, 'Susan Montaez', 'Mother', '0942 486 5469', 'Prk. San Roque, Brgy. Tangub, BC'),
(194, 204, 'Virgie C. Estorque', 'Mother', '0939 122 2439 / (034) 712 3308', 'Lot 3, Blk. 1, Fisheries Ave., Brgy Zone 2, Talisa');

-- --------------------------------------------------------

--
-- Table structure for table `position`
--

CREATE TABLE IF NOT EXISTS `position` (
`p_id` int(11) NOT NULL,
  `personal_id` int(11) NOT NULL,
  `position_applied` varchar(50) DEFAULT NULL,
  `expected_salary` double(10,2) NOT NULL DEFAULT '0.00',
  `sal_from` double(10,2) DEFAULT '0.00',
  `sal_to` double(10,2) DEFAULT '0.00',
  `date_applied` varchar(100) DEFAULT NULL,
  `date_available` varchar(100) DEFAULT NULL
) ENGINE=InnoDB AUTO_INCREMENT=195 DEFAULT CHARSET=latin1;

--
-- Dumping data for table `position`
--

INSERT INTO `position` (`p_id`, `personal_id`, `position_applied`, `expected_salary`, `sal_from`, `sal_to`, `date_applied`, `date_available`) VALUES
(1, 1, 'Electrician', 0.00, 11000.00, 15000.00, '2015-02-25', ''),
(2, 2, 'Technical Analyst', 0.00, 0.00, 13000.00, '2016-02-26', '2016-02-27'),
(3, 3, '', 0.00, 0.00, 0.00, '', ''),
(4, 4, 'Welder Fabricator and Mechanic', 0.00, 15000.00, 20000.00, '', ''),
(5, 5, 'Plant Operator Mechanic', 0.00, 22000.00, 22000.00, '2015-03-25', '2015-04-06'),
(6, 6, 'Operations Analyst', 0.00, 10000.00, 20000.00, '2017-01-16', ''),
(7, 7, 'Warehouse Assistant', 0.00, 0.00, 0.00, '2016-12-08', '2016-12-08'),
(8, 8, 'Any Engineering Position ', 0.00, 15000.00, 20000.00, '2015-08-28', ''),
(9, 9, 'Mechanic', 0.00, 0.00, 0.00, '2014-05-16', ''),
(10, 10, 'Accounting Assistant', 0.00, 13000.00, 13000.00, '2017-06-09', ''),
(11, 11, 'Engineer', 0.00, 16000.00, 16000.00, '2017-10-10', ''),
(37, 37, 'Mechanic', 0.00, 0.00, 0.00, '', ''),
(38, 38, 'Techinician', 0.00, 0.00, 0.00, '', ''),
(40, 40, 'Project Development Officer', 0.00, 20000.00, 25000.00, '', ''),
(41, 41, 'Mechanic/ Operator', 0.00, 0.00, 0.00, '2015-03-02', ''),
(42, 42, 'Warehouse man/ Fuel Tender', 0.00, 0.00, 0.00, '2015-03-02', ''),
(43, 43, '', 0.00, 0.00, 0.00, '', ''),
(44, 44, 'Office Staff', 0.00, 8000.00, 10000.00, '2015-10-20', ''),
(45, 45, 'Laboratory Analyst/ Chemist', 0.00, 15000.00, 15000.00, '2015-02-23', '2015-02-23'),
(46, 46, 'Mechanic', 0.00, 18000.00, 20000.00, '', ''),
(47, 47, 'Welder Mechanic Fabricator', 0.00, 0.00, 0.00, '', ''),
(48, 48, 'Accounting Staff', 0.00, 13000.00, 15000.00, '2016-04-29', ''),
(49, 49, 'Maintenance Supervisor (Mechanical)', 0.00, 15000.00, 15000.00, '2014-05-09', '2014-05-09'),
(50, 50, 'Project Electrical Engineer', 0.00, 25000.00, 30000.00, '2015-01-03', '2015-01-03'),
(51, 51, 'Procurement/Logistics Officer', 0.00, 0.00, 0.00, '2012-12-27', ''),
(52, 52, '', 0.00, 0.00, 0.00, '', ''),
(53, 53, 'Plant Mechanic', 0.00, 20000.00, 20000.00, '2016-01-26', ''),
(54, 54, 'Mechanical Engineer', 0.00, 0.00, 16000.00, '2015-01-09', ''),
(55, 55, 'Auxiliary Operator', 0.00, 15000.00, 18000.00, '', ''),
(56, 56, 'Nurse', 0.00, 15000.00, 15000.00, '2016-06-24', ''),
(57, 57, 'Engineer/Trader', 0.00, 10000.00, 14000.00, '2017-09-30', ''),
(58, 58, 'Mechanical Supervisor/ QA/QC', 0.00, 30000.00, 30000.00, '2016-10-11', '2016-10-11'),
(59, 59, 'Machine Shop/Reconditioning Supervisor', 0.00, 20000.00, 22000.00, '', ''),
(60, 60, 'Industrial Electrical/ Technician', 0.00, 0.00, 0.00, '', ''),
(61, 61, 'Warehouse Man', 0.00, 0.00, 0.00, '', ''),
(62, 62, 'Mechanic, Maintenance, Operator ', 0.00, 0.00, 16000.00, '2014-04-23', ''),
(63, 63, 'E & IC Maintenance', 0.00, 17000.00, 0.00, '2016-10-11', '2016-10-11'),
(64, 64, '.Technician', 0.00, 12000.00, 15000.00, '', ''),
(65, 65, 'Welder Mechanical Fabricator', 0.00, 0.00, 0.00, '', ''),
(66, 66, 'Engine Room Operator', 0.00, 0.00, 0.00, '', ''),
(67, 67, 'Power Plant Mechanic', 0.00, 0.00, 0.00, '2015-03-02', ''),
(68, 68, 'Cadette Engineer', 0.00, 15000.00, 20000.00, '2018-07-07', ''),
(69, 69, '', 0.00, 0.00, 12000.00, '2018-01-08', ''),
(70, 70, 'Operation Superintindent', 0.00, 0.00, 0.00, '2016-07-11', '2016-07-11'),
(71, 71, 'Janitor/Helper', 0.00, 0.00, 0.00, '2016-07-18', ''),
(72, 72, 'Laboratory', 0.00, 0.00, 10000.00, '2015-11-25', '2015-11-25'),
(73, 73, 'Control Room Operator', 0.00, 0.00, 0.00, '', ''),
(74, 74, 'Driver', 0.00, 0.00, 0.00, '', ''),
(75, 75, 'Operator', 0.00, 0.00, 0.00, '', ''),
(76, 76, 'Site Facility Supervisor', 0.00, 0.00, 0.00, '', ''),
(77, 77, 'Operator/Mechanic', 0.00, 0.00, 0.00, '', ''),
(78, 78, 'Auxiliary Operator', 0.00, 0.00, 0.00, '', ''),
(79, 79, 'Admin Staff/ Accounting Staff', 0.00, 12000.00, 12000.00, '2016-08-06', '2016-08-06'),
(80, 80, 'Engine Operator', 0.00, 0.00, 0.00, '2015-01-03', '2015-01-03'),
(81, 81, 'Helper Mechanic', 0.00, 0.00, 0.00, '', ''),
(82, 82, 'Maintenance Engineer/ Mechanical Engineer', 0.00, 0.00, 0.00, '2014-05-09', '2014-05-09'),
(83, 83, 'Project Consultant', 0.00, 0.00, 0.00, '', ''),
(85, 85, 'Systems Analyst', 0.00, 0.00, 35000.00, '2017-07-19', ''),
(86, 86, 'Admin Assistant / Analyst', 0.00, 10000.00, 10000.00, '2014-10-29', ''),
(87, 87, 'Service Driver', 0.00, 0.00, 0.00, '', ''),
(88, 88, 'Driver', 0.00, 0.00, 0.00, '', ''),
(89, 89, 'Editorial Research Assistant', 0.00, 12000.00, 15000.00, '2016-09-26', '2016-10-07'),
(90, 90, 'Accountant', 0.00, 0.00, 25000.00, '2015-01-14', ''),
(91, 91, '', 0.00, 0.00, 0.00, '', ''),
(92, 92, 'Finance Analyst', 0.00, 0.00, 20000.00, '2016-02-29', ''),
(93, 93, 'Field Research Assistant', 0.00, 0.00, 10000.00, '2015-04-29', ''),
(94, 94, 'AP & Credit Supervisor', 0.00, 0.00, 0.00, '', ''),
(95, 95, 'Billing Assistant', 0.00, 0.00, 11000.00, '2017-06-24', ''),
(96, 96, 'Any Position', 0.00, 0.00, 10000.00, '2015-07-27', ''),
(97, 97, 'Billing Officer', 0.00, 0.00, 10000.00, '2015-10-20', ''),
(98, 98, 'System Analyst', 0.00, 15000.00, 20000.00, '2017-07-19', ''),
(99, 99, 'Search Engine Optimization Strategist', 0.00, 0.00, 15000.00, '2018-01-10', '2018-01-10'),
(100, 100, 'Technical or Market Analyst', 0.00, 15000.00, 20000.00, '2016-02-26', ''),
(101, 101, 'Accounting Staff', 0.00, 0.00, 0.00, '', ''),
(102, 102, 'Software Development Assistant', 0.00, 0.00, 12000.00, '', ''),
(103, 103, 'Office Staff', 0.00, 8000.00, 15000.00, '2015-06-29', ''),
(104, 104, 'Corporate Accountant', 0.00, 25000.00, 30000.00, '2017-11-10', ''),
(105, 105, 'Content Writer', 0.00, 0.00, 12000.00, '2017-09-23', '2017-09-25'),
(106, 106, '', 0.00, 0.00, 12000.00, '2018-03-27', ''),
(107, 107, 'Admin Staff', 0.00, 0.00, 9000.00, '2015-02-11', ''),
(108, 108, 'Administrative Assistant', 0.00, 0.00, 10000.00, '2015-07-13', '2015-07-14'),
(109, 109, 'Mechanical Engineer', 0.00, 10000.00, 13000.00, '2018-01-17', ''),
(110, 110, 'Corporate Accountant', 0.00, 0.00, 21500.00, '2017-11-15', '2017-11-20'),
(111, 111, '', 0.00, 0.00, 0.00, '', ''),
(112, 112, 'Accountant', 0.00, 0.00, 20000.00, '2014-04-23', '2014-06-01'),
(113, 113, 'Any Position', 0.00, 10000.00, 12000.00, '2017-07-12', ''),
(114, 114, 'Contracts and Compliance Supervisor', 0.00, 30000.00, 35000.00, '2016-03-21', ''),
(115, 115, '', 0.00, 0.00, 10000.00, '2017-12-02', ''),
(116, 116, '', 0.00, 0.00, 0.00, '', ''),
(117, 117, 'Executive Assistant / Secretary', 0.00, 10000.00, 15000.00, '2016-05-24', '2016-06-16'),
(118, 118, 'Finance Assistant', 0.00, 0.00, 180000.00, '2017-07-04', ''),
(119, 119, 'Any Position', 0.00, 14000.00, 15000.00, '2017-07-12', ''),
(120, 120, 'Trader', 0.00, 0.00, 30000.00, '2016-03-26', ''),
(121, 121, 'Finance Assistant', 0.00, 0.00, 12000.00, '', '2015-11-03'),
(122, 122, 'Trader', 0.00, 0.00, 25000.00, '2017-08-07', ''),
(123, 123, 'Available Position', 0.00, 0.00, 13000.00, '2015-08-20', ''),
(124, 124, 'Search Engine Optimization Strategist', 0.00, 0.00, 18000.00, '2018-01-04', ''),
(125, 125, 'Marketing Staff', 0.00, 0.00, 9000.00, '2015-06-13', ''),
(126, 126, 'Senior Accountant', 0.00, 0.00, 40000.00, '2013-07-11', ''),
(127, 127, '', 0.00, 0.00, 0.00, '', ''),
(128, 128, '', 0.00, 0.00, 0.00, '', ''),
(129, 129, '', 0.00, 0.00, 0.00, '', ''),
(130, 130, 'Purchasing Assistant', 0.00, 0.00, 0.00, '2014-06-10', ''),
(131, 131, 'Executive Assistant', 0.00, 0.00, 0.00, '', ''),
(132, 132, 'Budget Officer', 0.00, 0.00, 20000.00, '2014-09-12', ''),
(133, 133, 'Accounting Staff', 0.00, 0.00, 18000.00, '2018-04-03', ''),
(134, 134, 'Any Position', 0.00, 0.00, 0.00, '2018-02-21', ''),
(136, 136, 'HR Officer', 0.00, 10000.00, 13000.00, '2018-04-12', ''),
(139, 139, 'Purchasing Assistant', 0.00, 13000.00, 15000.00, '2018-01-16', ''),
(140, 140, '', 0.00, 0.00, 0.00, '', ''),
(141, 141, 'Warehouse Clerk/Assistant', 0.00, 15000.00, 0.00, '2016-12-08', ''),
(142, 142, 'Engineering', 0.00, 17000.00, 25000.00, '2015-02-26', ''),
(143, 143, 'Driver', 0.00, 0.00, 0.00, '2018-04-04', '2018-04-05'),
(144, 144, '', 0.00, 0.00, 0.00, '', ''),
(145, 145, 'Electrical Engineer', 0.00, 0.00, 0.00, '', ''),
(146, 146, 'Mechanical Maintenance Supervisor', 0.00, 0.00, 0.00, '2016-04-03', ''),
(147, 147, 'Financial Management Supervisor', 0.00, 30000.00, 40000.00, '2017-03-06', ''),
(148, 148, 'System Encoder', 0.00, 0.00, 10000.00, '2018-05-16', ''),
(149, 149, 'Project Manager', 0.00, 0.00, 0.00, '', ''),
(150, 150, 'Accounting Assistant', 0.00, 0.00, 12000.00, '2018-05-21', ''),
(151, 151, 'Marketing Staff', 0.00, 0.00, 9000.00, '2015-06-13', ''),
(152, 152, 'Social Media Assistant', 0.00, 15000.00, 0.00, '2018-06-01', ''),
(153, 153, 'Corporate Communications Consultant', 0.00, 0.00, 0.00, '', ''),
(154, 154, 'Social Media Assistant', 0.00, 0.00, 15000.00, '2018-06-01', ''),
(155, 155, 'Senior Project Engineer', 0.00, 0.00, 0.00, '', ''),
(156, 156, 'Executive Director', 0.00, 0.00, 0.00, '', ''),
(157, 167, 'Any Position', 0.00, 365.00, 0.00, '2019-03-11', '2019-03-11'),
(158, 168, 'IT Encoder', 0.00, 8000.00, 10000.00, '2019-02-20', '2019-02-20'),
(159, 169, 'Any Position', 0.00, 0.00, 0.00, '', ''),
(160, 170, 'Senior Accountant', 0.00, 40000.00, 0.00, '2013-07-11', '2013-08-11'),
(161, 171, 'Tool Keeper', 0.00, 0.00, 0.00, '2018-07-07', '2018-07-07'),
(162, 172, 'Mechanical Engineering Position', 0.00, 10000.00, 0.00, '2018-02-17', '2018-02-17'),
(163, 173, 'Ad  Marketing', 0.00, 10000.00, 0.00, '2018-07-26', '2018-07-26'),
(164, 174, 'Any Posiiton', 0.00, 10000.00, 0.00, '2018-11-29', '2018-11-29'),
(165, 175, 'Search Engine Marketing Assistant/Content Writer', 0.00, 12000.00, 14000.00, '2019-04-10', '2019-04-22'),
(166, 176, 'Consultant', 0.00, 0.00, 0.00, '', ''),
(167, 177, 'Engineer', 0.00, 0.00, 0.00, '', ''),
(168, 178, 'Occupational Health Nurse', 0.00, 20000.00, 0.00, '2018-02-27', '2018-03-27'),
(169, 179, 'Social Media Assistant', 0.00, 15000.00, 0.00, '2018-06-09', '2018-07-01'),
(170, 180, 'Accounting Staff', 0.00, 20000.00, 30000.00, '2019-02-18', '2019-02-18'),
(171, 181, 'AP Bookeeper', 0.00, 18000.00, 20000.00, '2014-09-12', '2014-10-12'),
(172, 182, 'Electrical Engineer', 0.00, 15000.00, 0.00, '2018-02-08', '2018-03-01'),
(173, 183, 'Consultant', 0.00, 0.00, 0.00, '', ''),
(174, 184, 'Trainee', 0.00, 15000.00, 0.00, '20118-07-16', '2018-07-16'),
(175, 185, 'Accounting Assistant/ Bookkeeper', 0.00, 13000.00, 15000.00, '2018-05-21', ''),
(176, 186, 'Search Engine Marketing Assistant', 0.00, 12000.00, 0.00, '2019-02-20', ''),
(177, 187, 'Search Engine Marketing Assistant', 0.00, 9000.00, 0.00, '2019-06-04', ''),
(178, 188, 'Video Editor', 0.00, 15000.00, 0.00, '2019-04-08', ''),
(179, 189, 'Finance Assistant', 0.00, 15000.00, 0.00, '2019-07-19', ''),
(180, 190, 'Generator Specilaist', 0.00, 31000.00, 0.00, '2019-06-03', ''),
(181, 191, 'Safety And Security Assistant', 0.00, 8000.00, 0.00, '2019-07-02', ''),
(182, 192, 'Finance Assistant', 0.00, 16000.00, 0.00, '2019-08-04', '2019-08-16'),
(183, 193, 'Finance Assistant', 0.00, 12000.00, 0.00, '2019-08-06', '2019-08-16'),
(184, 194, 'Finance / Accounting Assistant', 0.00, 18000.00, 20000.00, '2019-07-16', '2019-09-02'),
(185, 195, 'Accounting or Finance ', 0.00, 15000.00, 0.00, '2019-07-31', '2019-09-02'),
(186, 196, 'Trader / Accounting Assistant', 0.00, 15000.00, 0.00, '2019-09-12', '2019-09-12'),
(187, 197, 'Regulatory Assistant', 0.00, 15000.00, 20000.00, '2019-07-09', '2019-07-09'),
(188, 198, 'Finance Assistant', 0.00, 15000.00, 0.00, '2019-07-22', '2019-09-15'),
(189, 199, 'Finance / Accounting Assistant', 0.00, 30000.00, 0.00, '2019-07-19', '2019-08-19'),
(190, 200, 'Assistant Accountant', 0.00, 10000.00, 0.00, '2019-10-10', ''),
(191, 201, 'Any Position', 0.00, 13000.00, 0.00, '2019-09-12', ''),
(192, 202, 'Assistant Accountant', 0.00, 18300.00, 23000.00, '2019-09-16', ''),
(193, 203, 'Office Staff', 0.00, 10000.00, 12000.00, '2019-09-12', ''),
(194, 204, 'Accounting ', 0.00, 23000.00, 0.00, '2019-09-25', '2019-10-30');

-- --------------------------------------------------------

--
-- Table structure for table `provinces`
--

CREATE TABLE IF NOT EXISTS `provinces` (
`id` int(11) unsigned NOT NULL,
  `name` varchar(300) CHARACTER SET utf8 COLLATE utf8_unicode_ci NOT NULL
) ENGINE=InnoDB AUTO_INCREMENT=81 DEFAULT CHARSET=latin1;

--
-- Dumping data for table `provinces`
--

INSERT INTO `provinces` (`id`, `name`) VALUES
(1, 'Abra'),
(2, 'Agusan del Norte'),
(3, 'Agusan del Sur'),
(4, 'Aklan'),
(5, 'Albay'),
(6, 'Antique'),
(7, 'Apayao'),
(8, 'Aurora'),
(9, 'Basilan'),
(10, 'Bataan'),
(11, 'Batanes'),
(12, 'Batangas'),
(13, 'Benguet'),
(14, 'Biliran'),
(15, 'Bohol'),
(16, 'Bukidnon'),
(17, 'Bulacan'),
(18, 'Cagayan'),
(19, 'Camarines Norte'),
(20, 'Camarines Sur'),
(21, 'Camiguin'),
(22, 'Capiz'),
(23, 'Catanduanes'),
(24, 'Cavite'),
(25, 'Cebu'),
(26, 'Compostela Valley'),
(27, 'Cotabato'),
(28, 'Davao del Norte'),
(29, 'Davao del Sur'),
(30, 'Davao Oriental'),
(31, 'Eastern Samar'),
(32, 'Guimaras'),
(33, 'Ifugao'),
(34, 'Ilocos Norte'),
(35, 'Ilocos Sur'),
(36, 'Iloilo'),
(37, 'Isabela'),
(38, 'Kalinga'),
(39, 'La Union'),
(40, 'Laguna'),
(41, 'Lanao del Norte'),
(42, 'Lanao del Sur'),
(43, 'Leyte'),
(44, 'Maguindanao'),
(45, 'Marinduque'),
(46, 'Masbate'),
(47, 'Metro Manila'),
(48, 'Misamis Occidental'),
(49, 'Misamis Oriental'),
(50, 'Mountain Province'),
(51, 'Negros Occidental'),
(52, 'Negros Oriental'),
(53, 'Northern Samar'),
(54, 'Nueva Ecija'),
(55, 'Nueva Vizcaya'),
(56, 'Occidental Mindoro'),
(57, 'Oriental Mindoro'),
(58, 'Palawan'),
(59, 'Pampanga'),
(60, 'Pangasinan'),
(61, 'Quezon'),
(62, 'Quirino'),
(63, 'Rizal'),
(64, 'Romblon'),
(65, 'Samar'),
(66, 'Sarangani'),
(67, 'Siquijor'),
(68, 'Sorsogon'),
(69, 'South Cotabato'),
(70, 'Southern Leyte'),
(71, 'Sultan Kudarat'),
(72, 'Sulu'),
(73, 'Surigao del Norte'),
(74, 'Surigao del Sur'),
(75, 'Tarlac'),
(76, 'Tawi-Tawi'),
(77, 'Zambales'),
(78, 'Zamboanga del Norte'),
(79, 'Zamboanga del Sur'),
(80, 'Zamboanga Sibugay');

-- --------------------------------------------------------

--
-- Table structure for table `reminders`
--

CREATE TABLE IF NOT EXISTS `reminders` (
`reminder_id` int(11) NOT NULL,
  `reminder_date` varchar(100) DEFAULT NULL,
  `notes` text,
  `created_by` varchar(50) DEFAULT NULL,
  `date_created` varchar(255) DEFAULT NULL
) ENGINE=InnoDB AUTO_INCREMENT=23 DEFAULT CHARSET=latin1;

--
-- Dumping data for table `reminders`
--

INSERT INTO `reminders` (`reminder_id`, `reminder_date`, `notes`, `created_by`, `date_created`) VALUES
(1, '2019-03-25', 'Pre-Regularization Evaluation for Julius Pangilinan', '53', '2019-03-14'),
(2, '2019-03-18', 'Data requirements for audit c/o Syndey', '53', '2019-03-14'),
(3, '2019-04-01', 'Plane ticket and accommodation for Joemar and Shyde during the IEMOP Market Participants Update on April 11, 2019 at Limketkai Luxe Hotel, Cagayan de Oro.', '53', '2019-03-21'),
(4, '2019-06-01', 'Training evaluation for Prency Francisco and Glenn Paul Toledo', '53', '2019-04-20'),
(5, '2019-06-01', 'Training Evaluation for Diocson, Joshua ', '83', '2019-04-24'),
(6, '2019-05-31', 'Performance evaluation for Donna Gellada.', '83', '2019-04-24'),
(7, '2019-07-10', '3rd month performance evaluation for Angelica Shanice Reyes. Training period is from April 22 - July 21, 2019.', '53', '2019-04-25'),
(8, '2019-07-22', '3rd month performance evaluation for Aileen Tamao.', '53', '2019-04-25'),
(9, '2019-08-01', 'Pre-regularization PE for Liza Tasic', '53', '2019-07-11'),
(10, '2019-09-16', '3rd moth PE for Beatrice of Yoorekka', '53', '2019-07-20'),
(11, '2019-08-19', '3rd Month PE for Nelson Abas', '53', '2019-07-20'),
(12, '2019-10-22', '3rd Month probationary evaluation for Shanice Reyes', '53', '2019-08-15'),
(13, '2020-01-02', 'Pre-regularization evaluation for Shanice Reyes. Proby period ends on July 21, 2020', '53', '2019-08-15'),
(14, '2020-07-01', 'Iris Sixto''s project employment contract will end on July 25, 2020', '53', '2019-08-15'),
(15, '2019-09-13', '3rd Month probationary evaluation for Prency Francisco', '53', '2019-08-15'),
(16, '2019-11-13', 'Pre-regularization evaluation for Prency Francisco. Proby period ends on Dec. 12, 2019.', '53', '2019-08-15'),
(17, '2019-09-18', '3rd Month probationary evaluation for Glenn Toledo', '53', '2019-08-15'),
(18, '2019-11-17', 'Pre-regularization evaluation for Glenn Paul Toledo. Proby period ends on Dec. 17, 2019.', '53', '2019-08-15'),
(19, '2019-09-13', '3rd Month probationary evaluation for Silena Jomiller', '53', '2019-08-15'),
(20, '2019-11-12', 'Pre-regularization evaluation for S. Jomiller. Proby period ends on Dec. 12, 2019.', '53', '2019-08-15'),
(21, '2019-09-04', '3rd Month probationary evaluation for Joshua Diocson', '53', '2019-08-15'),
(22, '2019-11-03', 'Pre-regularization evaluation for Joshua Diocson. Proby period ends on Dec. 3, 2019', '53', '2019-08-15');

-- --------------------------------------------------------

--
-- Table structure for table `reminders_new`
--

CREATE TABLE IF NOT EXISTS `reminders_new` (
`todo_id` int(11) NOT NULL,
  `todo_date` varchar(100) DEFAULT NULL,
  `notes` text,
  `created_by` varchar(50) DEFAULT NULL,
  `date_created` varchar(255) DEFAULT NULL,
  `cancel_reason` text,
  `cancel` int(11) NOT NULL DEFAULT '0'
) ENGINE=InnoDB DEFAULT CHARSET=latin1;

-- --------------------------------------------------------

--
-- Table structure for table `siblings`
--

CREATE TABLE IF NOT EXISTS `siblings` (
`siblings_id` int(11) NOT NULL,
  `personal_id` int(11) NOT NULL,
  `siblings_name` varchar(50) DEFAULT NULL,
  `siblings_age` int(3) NOT NULL,
  `siblings_occupation` varchar(50) DEFAULT NULL,
  `emp_na_add` varchar(255) DEFAULT NULL
) ENGINE=InnoDB AUTO_INCREMENT=294 DEFAULT CHARSET=latin1;

--
-- Dumping data for table `siblings`
--

INSERT INTO `siblings` (`siblings_id`, `personal_id`, `siblings_name`, `siblings_age`, `siblings_occupation`, `emp_na_add`) VALUES
(1, 2, 'Marianie Arsenio', 34, '', ''),
(2, 2, 'Jhonalyn Arsenio', 30, '', ''),
(3, 2, 'Jennifer Arsenio', 29, '', ''),
(4, 2, 'John Miguel', 12, '', ''),
(5, 7, 'None', 0, '', ''),
(6, 8, 'Reynold Alunan', 39, '', ''),
(7, 8, 'Radin Alunan', 37, '', ''),
(8, 8, 'Regina Alunan', 44, '', ''),
(9, 8, 'Ralf Alunan', 43, '', ''),
(10, 8, 'Rowena Alunan', 41, '', ''),
(11, 9, 'Ricardo Labanon', 25, 'None', ''),
(12, 10, 'Athena Ledesma', 25, '', ''),
(13, 11, 'Romella Chelsea Mae Liao', 14, '', ''),
(39, 38, 'Wilfredo Madeja', 0, '', ''),
(40, 41, 'Marites Maglinte', 0, '', ''),
(41, 45, 'Wilfred A. Viernes', 0, '', ''),
(42, 48, 'Pablo Nuyad III', 33, 'None', 'None'),
(43, 48, 'Richard Nuyad', 31, 'None', 'None'),
(44, 48, 'Allister Nuyad', 28, 'None', 'None'),
(45, 48, 'Lenlen Nuyad', 21, 'None', 'None'),
(46, 48, 'Menie Nuyad', 19, 'None', 'None'),
(47, 49, 'Adrian B. Ortega', 39, 'None', 'None'),
(48, 49, 'Ayleen B. Ortega', 36, 'None', 'None'),
(49, 49, 'Airess B. Ortega', 35, 'None', 'None'),
(50, 49, 'Edgar B Ortega Jr', 33, 'None', 'None'),
(51, 54, 'Bernard Arroyo', 39, '', ''),
(52, 54, 'Regina Arroyo', 35, '', ''),
(53, 54, 'Donald Arroyo', 30, '', ''),
(54, 54, 'Elizabeth Arroyo', 23, '', ''),
(55, 54, 'Charlene May Arroyo', 21, '', ''),
(56, 56, 'Ryan Lloyd Ventor Abellar', 37, 'None', 'None'),
(57, 56, 'Roxanne Lee Abellar Destor', 32, 'None', 'None'),
(58, 57, 'Lorenzo Bating', 29, 'deceased', ''),
(59, 57, 'Carmela Jan Feliciano Bating', 27, '', ''),
(60, 57, 'Jason Bating', 22, '', ''),
(61, 57, 'Lara Ann Bating', 13, '', ''),
(62, 62, 'Ivan Beato', 0, '', ''),
(63, 62, 'Valirie Beato', 0, '', ''),
(64, 62, 'Lazel Beato', 0, '', ''),
(65, 62, 'Gerlie Beato', 0, '', ''),
(66, 62, 'Jennifer Beato', 0, '', ''),
(67, 68, 'Lorena D. Romero', 33, '', ''),
(68, 69, 'Bomel Ngipen', 31, 'Computer Technician', ''),
(69, 69, 'Neilma Ngipen ', 28, 'Housewife', ''),
(70, 69, 'Roven Ngipen', 24, 'Marine Engineer', ''),
(71, 71, 'Cezar Factolerin', 37, '', ''),
(72, 71, 'Rona factolerin', 33, '', ''),
(73, 71, 'Manilyn factolerin', 21, '', ''),
(74, 72, 'Mjoy F. Fajutagana', 21, '', ''),
(75, 72, 'Mjay F. Fajutagana', 18, '', ''),
(76, 72, 'Mack Louie F. Fajutagana', 12, '', ''),
(77, 73, 'None', 0, '', ''),
(78, 77, 'Allan Sabit', 0, '', ''),
(79, 78, 'Maybelle S. Dayaganon', 25, 'None', 'None'),
(80, 79, 'Ma. Sharon Eras', 42, '', ''),
(81, 79, 'Michael John Eras', 40, '', ''),
(82, 79, 'Julius Neil Eras', 38, '', ''),
(83, 79, 'Sherrock Eras', 36, '', ''),
(84, 79, 'Hanzel Gener', 34, '', ''),
(85, 82, 'Rommel Tignero Jr. ', 30, 'None', 'None'),
(86, 86, 'Mark Antony Hilarbo', 27, '', ''),
(87, 86, 'Joelima Hilarbo', 28, '', ''),
(88, 86, 'Rodelyn Hilarbo', 33, '', ''),
(89, 86, 'Janice Hilarbo', 36, '', ''),
(90, 88, 'Nezil Carbaquil', 31, '', ''),
(91, 88, 'Rose Ann Carbaquil', 35, '', ''),
(92, 89, 'John Patrick E. Caballero', 29, '', ''),
(93, 89, 'Carlo Frances E. Caballero', 28, '', ''),
(94, 90, 'Glen C. Oliva', 0, '', ''),
(95, 90, 'Grace O. Alcosaba', 0, '', ''),
(96, 91, 'Mariel M. Perez', 26, '', ''),
(97, 92, 'Kleon John De Los Santos', 0, '', ''),
(98, 93, 'Anne May Dujenio', 0, '', ''),
(99, 93, 'Leila Mae Dujenio', 0, '', ''),
(100, 93, 'John Ray Dujenio', 0, '', ''),
(101, 95, 'Zoren James Trasmontero', 27, '', ''),
(102, 95, 'Zer John Trasmontero', 23, '', ''),
(103, 96, 'Rey R. Alfaro', 37, '', ''),
(104, 96, 'Reynaldo R. Alfaro', 27, '', ''),
(105, 97, 'Ma. Lourdes Grabillo', 22, '', ''),
(106, 98, 'Julie Jamero', 42, '', ''),
(107, 99, 'Ester Junday J. Buenafe', 48, 'Government Employee', 'City of Bacolod'),
(108, 99, 'Romeo Jo, Jr.', 44, 'Bacolod Traffic Enforcer', ''),
(109, 99, 'Kristine J. Toledo', 37, 'Staff / Manager', 'Nenas Chicken'),
(110, 100, 'Mark Iba?ez', 34, '', ''),
(111, 100, 'Nazcek Iba?ez', 23, '', ''),
(112, 100, 'Czarina Iba?ez', 22, '', ''),
(113, 101, 'Rubygen Lizades', 34, '', ''),
(114, 101, 'Grace Jalandoni', 32, '', ''),
(115, 101, 'Aubrey Jalandoni', 30, '', ''),
(116, 101, 'Jenny Mangubat', 28, '', ''),
(117, 102, 'Jefferson P. Flor', 24, 'Teacher', ''),
(118, 102, 'Elison P. Flor', 27, 'Cabin Crew', ''),
(119, 103, 'Alaine Labiao', 28, '', ''),
(120, 103, 'Timoty Labiao', 25, '', ''),
(121, 103, 'Raimier Labiao', 19, '', ''),
(122, 104, 'Anthony C. Mendoza', 46, 'Deceased', ''),
(123, 104, 'Angelo C. Mendoza', 47, 'Deceased', ''),
(124, 105, 'Leslie Nillos', 0, 'Loan Officer', ''),
(125, 106, 'Rosalie Fortaleza', 31, 'Home Based Agent', ''),
(126, 106, 'Mary Joy Llonor', 27, 'Teacher', ''),
(127, 106, 'Jenifer Bugna', 25, 'Registered Nurse', ''),
(128, 107, 'Ana Lorainne Oquiana', 26, '', ''),
(129, 108, 'Ma. Rosarei Plaza', 26, '', ''),
(130, 108, 'Flourence Rei Plaza', 21, '', ''),
(131, 108, 'Pia Marie Plaza', 17, '', ''),
(132, 109, 'Roselyn Quiocson', 26, 'College Teacher', 'Fellowship Baptist College - Kabankalan'),
(133, 110, 'Emil Jordan S. Ramirez', 23, '', ''),
(134, 110, 'Neil S. Ramirez', 21, '', ''),
(135, 111, 'Joemar Canor', 39, 'Family Driver', ''),
(136, 111, 'Mary Jean Canoy', 0, 'Deceased', ''),
(137, 111, 'Jo-an Canoy', 37, 'None', ''),
(138, 111, 'Merly Canoy', 30, '', ''),
(139, 111, 'Mary Kris Soriano', 26, '', ''),
(140, 112, 'Chuchilean Rosales', 30, '', ''),
(141, 113, 'Sargies Paulo Saludo', 28, '', ''),
(142, 114, 'Agatha Cristy Sanchez', 32, '', ''),
(143, 114, 'Vanessa Rae Sanchez', 28, '', ''),
(144, 114, 'Jojo Sanchez', 19, '', ''),
(145, 115, 'Timothy John Sellado', 19, '', ''),
(146, 117, 'Geofry Uy', 0, '', ''),
(147, 117, 'Chancko Uy', 0, '', ''),
(148, 117, 'Jerry Uy', 0, '', ''),
(149, 117, 'Joseph Uy', 0, '', ''),
(150, 118, 'Mario Nestro Jr.', 32, '', ''),
(151, 119, 'Peter Conrad G. Tagalog', 28, '', ''),
(152, 119, 'Krysta Abegai; G. Tagalog', 25, '', 'Toshiba'),
(153, 122, 'Richlyn S. Defensor', 34, '', ''),
(154, 122, 'Rachel Marie B. Sarroza', 29, '', ''),
(155, 122, 'Ricky Jose B. Sarroza', 28, '', ''),
(156, 122, 'Ricky John B. Sarroza', 22, '', ''),
(157, 123, 'Daisy Mae Gabutero', 32, '', ''),
(158, 123, 'Miadick Gabutero', 30, '', ''),
(159, 123, 'Daisy Gabuitero', 22, '', ''),
(160, 123, 'Julie Ann Gabutero', 19, '', ''),
(161, 123, 'Allen Grace', 17, '', ''),
(162, 123, 'Alfie Fajardo', 36, '', ''),
(163, 124, 'John J. Rodillado Jr.', 44, 'Police', ''),
(164, 125, 'Kamela Joy S. Bi?as', 25, '', ''),
(165, 125, 'Kyle Joshua S. Bi?as', 18, '', ''),
(166, 126, 'Aileen B. Valentine', 45, '', ''),
(167, 126, 'Jose Aristotle F. Bandong', 45, '', ''),
(168, 126, 'Jamaica Amirah F. Bandong', 30, '', ''),
(169, 129, 'Guillean Divinagracia', 0, 'Teacher', ''),
(170, 129, 'Jocil Divinagracia', 0, '', ''),
(171, 129, 'Joshua Divinagracia', 0, '', ''),
(172, 129, 'Manny Divinagracia', 0, '', ''),
(173, 130, 'Janel C. Cosico', 27, 'Admin Staff', ''),
(174, 130, 'Jerwin Cosico', 26, '', ''),
(175, 131, 'Kathlyne Kate Young', 38, '', ''),
(176, 131, 'David Keith Young', 34, '', ''),
(177, 131, 'Charlene Kate Young', 30, '', ''),
(178, 132, 'Arturo B. Bobiles Jr.', 37, '', ''),
(179, 133, 'Robina Cesar Enguana', 30, 'College Instructor', ''),
(180, 133, 'Queenie Palanog Cesar', 20, 'Student', ''),
(181, 134, 'Miczh D. Roy', 23, 'Unemployed', ''),
(182, 134, 'Sierzhgen D. Lim', 27, 'OFW', ''),
(183, 134, 'Sherzlyn De La Cruz', 14, 'Student', ''),
(184, 136, 'Carmela Joy Febrio', 26, 'Tourism Promotions Board Staff', ''),
(185, 136, 'Apple Jay Febrio', 25, 'Seaman', ''),
(186, 139, 'Dennis Mahinay', 39, 'Supervisor', ''),
(187, 139, 'Dinna Mahinay', 36, 'CSR/SRC ', 'BPO'),
(188, 139, 'Debbie Mahinay ', 28, 'Hiphop Dance Instructor', ''),
(189, 141, 'Ma. Elisa Globert', 46, '', ''),
(190, 141, 'Reyland Globert', 44, '', ''),
(191, 141, 'Pierre Jane Globert', 42, '', ''),
(192, 141, 'Charity Globert', 43, '', ''),
(193, 141, 'Paolo Globert', 40, '', ''),
(194, 141, 'Tisa Globert', 37, '', ''),
(195, 142, 'Christian Golvio', 23, '', ''),
(196, 142, 'Anikka Golvio', 24, '', ''),
(197, 147, 'Edgar Porciuncula', 34, 'Site Design ', 'New Trends and Industrial - Telecom'),
(198, 148, 'Hennalen  Tanan', 20, '', ''),
(199, 148, 'Gabriel Tanan', 17, '', ''),
(200, 150, 'Ina Marie P. Aizpuro', 20, 'Student', ''),
(201, 150, 'Ian Paul P. Aizpuro', 20, 'Student', ''),
(202, 151, 'Kemela Joy S. Bi?as', 22, '', ''),
(203, 151, 'Kyle Joshua S. Bi?as', 15, '', ''),
(204, 152, 'Catherine Camille N. Bacong', 26, 'Bank Teller', 'Micro Asia - PNB Lacson'),
(205, 152, 'Princess Mae N. BAcong', 21, 'Accountant', 'Toyota Malati '),
(206, 152, 'Ralph Lorenze N. Bacong', 17, '', 'n/a'),
(207, 90, 'Melvin Oliva', 0, '', ''),
(208, 154, 'Joe Benjie Jocson', 44, 'Mechanical Engineer', ''),
(209, 154, 'Teody Jocson', 43, 'Electronics Engineer', ''),
(210, 154, 'Jose Lyndon Jocson', 41, 'Mechanical Engineer', ''),
(211, 155, 'Juan Alfonso Leonardia', 0, 'Doctor', ''),
(212, 155, 'Anna Katrina Leonardia', 0, 'Teacher', ''),
(213, 155, 'Miguel Francisco Leonardia', 0, 'Finance', ''),
(214, 167, 'John Hope Francisco', 29, 'Farmer', ''),
(215, 167, 'Denmark Francisco', 26, 'Maintenance cook', ''),
(216, 167, 'Junie Von Francisco', 24, 'Student', ''),
(217, 168, 'Gladys Mae Toledo', 22, 'N/A', 'n/a'),
(218, 168, 'Glaiza Marie Diosana', 11, 'N/A', 'N/A'),
(219, 169, 'N/A', 0, '', ''),
(220, 170, 'Aileen Valentine', 43, '', 'N/A'),
(221, 170, 'Jose Aristotle Bandong', 41, '', 'N/A'),
(222, 170, 'Jamaica Amirah Bandong', 25, '', 'N/A'),
(223, 172, 'Alvin Ampog', 25, 'PNP', ''),
(224, 173, 'Gretchen Mae Tasic', 24, 'Nurse', ''),
(225, 174, 'Sernalyn Isidro', 34, '', ''),
(226, 174, 'Sheena Isidro', 32, '', ''),
(227, 174, 'Sammy John Isidro', 30, '', ''),
(228, 174, 'Sarah Jane Isidro', 26, '', ''),
(229, 174, 'Sebastian Isidro', 25, '', ''),
(230, 174, 'John Michael Isidro', 16, '', ''),
(231, 175, 'n/a', 0, 'n/a', 'n/a'),
(232, 177, 'Cathy Pangilinan', 37, 'Housewife', ''),
(233, 177, 'Marlon  Panglinan ', 35, 'Teacher', ''),
(234, 178, 'Luceine Villarias', 32, 'Health Aorker', ''),
(235, 178, 'Joy Shinette Villarias', 30, 'Company Nurse', ''),
(236, 178, 'Jessica Villarias', 26, 'Hotel Management', ''),
(237, 179, 'Bliss Angelica Javier', 19, 'Student', ''),
(238, 179, 'Alyssa May Javier', 17, 'Student', ''),
(239, 180, 'Arlene Cordova', 31, 'DH', ''),
(240, 180, 'Ancell Cordova', 29, 'Cashier', 'SM Manila'),
(241, 180, 'Anthony John', 27, 'Quality Controller', ''),
(242, 181, 'Arturo Bobiles Jr', 33, 'N/A', ''),
(243, 184, 'Mae Jabiniar', 17, 'Studying', ''),
(244, 184, 'Eric Jabiniar Jr', 11, 'Studying', ''),
(245, 185, 'ALEX AQUINO', 42, 'LABORER', ''),
(246, 185, 'JOLAN AQUINO', 40, 'LABORER', ''),
(247, 185, 'MELODIE AQUINO', 30, 'TEACHER', ''),
(248, 185, 'FERNAN AQUINO', 25, 'ENGINEER', ''),
(249, 136, 'Alexa Jill Febrio', 18, 'Student', ''),
(250, 186, 'James Michael Diocson', 19, 'Student', ''),
(251, 187, 'Brent Ruther O. Lee', 17, 'Senior Highschool', ''),
(252, 188, 'Andrea Victoria Sucaldito', 16, 'Student', 'N/A'),
(253, 189, 'Lyzel Recopuerto', 32, 'Housewife', 'N/A'),
(254, 189, 'Leonil Arsaga', 25, 'Farming Business', 'N/A'),
(255, 189, 'Liza Mae Arsaga', 15, 'Student', 'N/A'),
(256, 191, 'N/A', 0, 'N/A', 'N/A'),
(257, 192, 'Jason Smile Hilado', 19, 'Student', ''),
(258, 192, 'Princess Moanna Marie Hilado', 18, 'Student', ''),
(259, 192, 'Reizeal Keanna Hilado', 16, 'Student', ''),
(260, 192, 'Johnzeal Enoch Hilado', 14, 'Student', ''),
(261, 192, 'Daniella Mcone Hilado', 8, 'Student', ''),
(262, 192, 'Bernice Gabrielle Hilado', 4, 'Student', ''),
(263, 193, 'N/A', 0, 'N/A', 'N/A'),
(264, 194, 'Denver Destacamento Jr.', 31, 'Area Supervisor', 'PMFTC '),
(265, 194, 'Kristine D. Cruz', 28, 'Cashier Supervisor', 'Star Cruises'),
(266, 194, 'Mariel Destacamento', 26, 'Teller', 'Security Bank'),
(267, 195, 'Shenny Mago', 24, 'Office Staff', ''),
(268, 195, 'Shelowen Mago', 22, 'Finance Officer', ''),
(269, 195, 'Rheyniel Jhan Mago', 5, 'Student', ''),
(270, 196, 'Phoebe Grace Tolentino', 31, '', ''),
(271, 196, 'Jesus Tolentino Jr.', 25, '', ''),
(272, 196, 'Clipsia Mae Tolentino', 25, '', ''),
(273, 196, 'Jelly Tolentino', 19, '', ''),
(274, 196, 'Angeline Tolentino', 12, '', ''),
(275, 197, 'Chelia Lucerna', 34, '', ''),
(276, 197, 'Cheryl Lucerna', 27, '', ''),
(277, 197, 'Albert Lucerna', 24, '', ''),
(278, 198, 'Roberto Providencia', 37, 'Civil Engineer', ''),
(279, 198, 'Rowen Providencia', 28, 'Kitchen Staff ', ''),
(280, 198, 'Beverly Providencia', 24, 'Freelance Model', ''),
(281, 199, 'Sherwin Ilagan', 37, 'Visual Merchandizer', 'Dubai'),
(282, 199, 'Jan Rey Ilagan', 33, 'Videographer, Photographer ', 'Dubai'),
(283, 199, 'Robert Hernandez', 27, 'IT', ''),
(284, 199, 'Christine Hernandez', 25, 'Cashier', ''),
(285, 199, 'Charlene Hernandez', 15, 'Student', ''),
(286, 200, 'Jay-Ar Maglasin', 29, '', ''),
(287, 200, 'Reynold Mag-Alasin', 28, '', ''),
(288, 200, 'Spencer Mag-Alasin', 13, 'Student', ''),
(289, 201, 'Daryl Raul Bonda', 26, '', ''),
(290, 201, 'Darlene Rose Bonda', 26, '', ''),
(291, 202, 'May Ann D, Cleavecillas', 39, '', ''),
(292, 204, 'Kevin Estorque', 38, 'N/A', 'N/A'),
(293, 204, 'Emmanuel Estorque', 33, 'N/A', 'N/A');

-- --------------------------------------------------------

--
-- Table structure for table `tbl_department`
--

CREATE TABLE IF NOT EXISTS `tbl_department` (
`department_id` int(20) NOT NULL,
  `department_name` varchar(255) DEFAULT NULL
) ENGINE=InnoDB AUTO_INCREMENT=6 DEFAULT CHARSET=latin1;

--
-- Dumping data for table `tbl_department`
--

INSERT INTO `tbl_department` (`department_id`, `department_name`) VALUES
(1, 'IT Department'),
(2, 'HR Department'),
(3, 'Procurement'),
(4, 'Finance Department'),
(5, 'HR Development');

-- --------------------------------------------------------

--
-- Table structure for table `tbl_users`
--

CREATE TABLE IF NOT EXISTS `tbl_users` (
`user_id` int(20) NOT NULL,
  `usertype_id` int(20) NOT NULL,
  `department_id` int(20) NOT NULL,
  `username` varchar(255) NOT NULL,
  `password` varchar(255) NOT NULL,
  `fullname` varchar(255) NOT NULL
) ENGINE=InnoDB AUTO_INCREMENT=71 DEFAULT CHARSET=latin1;

--
-- Dumping data for table `tbl_users`
--

INSERT INTO `tbl_users` (`user_id`, `usertype_id`, `department_id`, `username`, `password`, `fullname`) VALUES
(1, 2, 2, 'admin', 'admin', 'asdas'),
(2, 1, 1, 'itadmin', 'itadmin', 'IT Admin'),
(5, 2, 2, 'hrstaff', 'hrstaff', 'HR Staff'),
(6, 1, 2, 'hradmin', 'hradmin', 'HR Admin'),
(7, 1, 3, 'procadmin', 'procadmin', 'Procurement Admin'),
(8, 2, 3, 'procstaff', 'procstaff', 'Procurement Staff'),
(9, 2, 1, 'lloyd', 'lloyd1234', 'Lloyd Jamero'),
(10, 2, 1, 'jason', 'jason1234', 'Jason Flor'),
(11, 2, 1, 'stephine', 'stephine1234', 'Stephine Severino'),
(12, 1, 1, 'jonah', 'jonah', 'Jonah Benares'),
(13, 1, 1, 'Merry', 'Energy0174', 'Merry Michelle Dato'),
(15, 3, 1, 'Arana', 'Arana1234', 'Ma. Milagros Arana'),
(16, 3, 1, 'Arsenio', 'Arsenio1234', 'Rhea Arsenio'),
(18, 3, 1, 'Calibjo', 'Calibjo1234', 'Joemarie Calibjo'),
(19, 3, 1, 'Cabaylo', 'Cabaylo1234', 'Maylen Cabaylo'),
(20, 3, 1, 'Carbaquil', 'Carbaquil1234', 'Rey  Carbaquil'),
(21, 3, 1, 'Danoy', 'Danoy1234', 'Gretchen Danoy'),
(22, 3, 1, 'DelosSantos', 'DelosSantos1234', 'Joemar Delos Santos'),
(23, 3, 1, 'Espera', 'Espera1234', 'Imelda Espera'),
(24, 3, 1, 'Gabales', 'Gabales1234', 'Zara Joy Gabales'),
(25, 3, 1, 'Gallo', 'Gallo1234', 'Relsie Gallo'),
(26, 3, 1, 'Grabillo', 'Grabillo1234', 'Celina Marie Grabillo'),
(27, 3, 1, 'Ibanez', 'Ibanez1234', 'Nazario Shyde Jr. Iba?ez'),
(28, 3, 1, 'Jalandoni', 'Jalandoni1234', 'Gebby Jalandoni'),
(29, 3, 1, 'Lacambra', 'Lacambra1234', 'Annavi Lacambra'),
(30, 3, 1, 'Mistica', 'Mistica1234', 'Roselle Mistica'),
(31, 3, 1, 'Oquiana', 'Oquiana1234', 'Ma. Erika Oquiana'),
(32, 3, 1, 'Pastera', 'Pastera1234', 'Remmart Pastera'),
(33, 3, 1, 'Plaza', 'Plaza1234', 'Charmaine Rei Plaza'),
(34, 3, 1, 'Ramirez', 'Ramirez1234', 'Cresilda Mae Ramirez'),
(35, 3, 1, 'Rosales', 'Rosales1234', 'Zyndyryn Rosales'),
(36, 3, 1, 'Saludo', 'Saludo1234', 'Genie Saludo'),
(37, 3, 1, 'Sanchez', 'Sanchez1234', 'Daisy Jane Sanchez'),
(38, 3, 1, 'Sarroza', 'Sarroza1234', 'Rosemarie Sarroza'),
(39, 3, 1, 'Sia', 'Sia1234', 'Henry Sia'),
(40, 3, 1, 'Sinoro', 'Sinoro1234', 'Syndey Sinoro'),
(41, 3, 1, 'Tabilla', 'Tabilla1234', 'Marianita Tabilla'),
(42, 3, 1, 'Tagalog', 'Tagalog1234', 'Krystal Gayle Tagalog'),
(43, 3, 1, 'Tajo', 'Tajo1234', 'Richard Tajo'),
(44, 3, 1, 'Tan', 'Tan1234', 'Teresa Tan'),
(45, 3, 1, 'Villas', 'Villas1234', 'Dary Mae Villas'),
(46, 3, 1, 'Binas', 'Binas1234', 'Kervic Binas'),
(47, 3, 1, 'Dujenio', 'Dujenio1234', 'Butch Dujenio'),
(48, 3, 1, 'Labiao', 'Labiao1234', 'Orville Zoilo Labiao'),
(49, 3, 1, 'Caballero', 'Caballero1234', 'Angelika Caballero'),
(50, 3, 1, 'Nillos', 'Nillos1234', 'Lester Nillos'),
(51, 2, 1, 'jush', 'jush123', 'Jushkyle Jambongana'),
(52, 1, 2, 'saludo', 'saludo1234', 'Genie Saludo'),
(53, 1, 2, 'Sinoro', 'Sinoro1234', 'Syndey Sinoro'),
(54, 1, 5, 'jason', 'jason', 'Jason Flor'),
(55, 1, 5, 'Stephine', 'Stephine', 'Stephine Severino'),
(56, 1, 5, 'Jonah', 'Jonah', 'Jonah Benares'),
(57, 2, 1, 'sarroza', 'sarroza1234', 'rosemarie sarroza'),
(58, 1, 3, 'cabaylo', 'cabaylo123456', 'Maylene Cabaylo'),
(59, 2, 3, 'Arana', 'Arana1234', 'Ma. Milagros Arana'),
(60, 2, 3, 'binas', 'binas1234', 'Kervic Binas'),
(61, 2, 3, 'espera', 'espera1234', 'Imelda Espera'),
(62, 2, 3, 'mistica', 'mistica1234', 'roselle mistica'),
(63, 2, 3, 'Duis', 'duis1234', 'melfa duis'),
(64, 2, 3, 'ledesma', 'ledesma1234', 'Antonnete Ledesma'),
(69, 1, 2, 'Sinoro', 'Sinoro1234', 'Syndey Sinoro'),
(70, 1, 2, 'tagalog', 'tagalog1234', 'Krystal Gayle Tagalog');

-- --------------------------------------------------------

--
-- Table structure for table `tbl_usertype`
--

CREATE TABLE IF NOT EXISTS `tbl_usertype` (
`usertype_id` int(20) NOT NULL,
  `usertype_name` varchar(255) DEFAULT NULL
) ENGINE=InnoDB AUTO_INCREMENT=4 DEFAULT CHARSET=latin1;

--
-- Dumping data for table `tbl_usertype`
--

INSERT INTO `tbl_usertype` (`usertype_id`, `usertype_name`) VALUES
(1, 'admin'),
(2, 'staff'),
(3, 'user');

-- --------------------------------------------------------

--
-- Table structure for table `timekeeping`
--

CREATE TABLE IF NOT EXISTS `timekeeping` (
`id` int(11) NOT NULL,
  `personal_id` int(11) NOT NULL DEFAULT '0',
  `recorded_time` varchar(20) DEFAULT NULL
) ENGINE=InnoDB AUTO_INCREMENT=149 DEFAULT CHARSET=latin1;

--
-- Dumping data for table `timekeeping`
--

INSERT INTO `timekeeping` (`id`, `personal_id`, `recorded_time`) VALUES
(134, 1057, '2020-07-25 11:25:33'),
(135, 1057, '2020-07-25 11:26:16'),
(136, 1057, '2020-07-24 11:27:04'),
(137, 1057, '2020-07-24 14:31:02'),
(138, 151, '2020-07-25 14:31:53'),
(139, 151, '2020-07-25 14:32:06'),
(140, 1, '2020-07-25 14:32:27'),
(141, 1, '2020-07-25 14:33:10'),
(142, 1, '2020-07-25 14:34:07'),
(143, 1, '2020-07-25 14:37:02'),
(144, 1, '2020-07-25 14:38:02'),
(145, 2, '2020-08-12 14:15:27'),
(146, 2, '2020-08-12 14:17:52'),
(147, 2, '2020-08-12 14:19:05'),
(148, 85, '2020-08-12 14:39:43');

-- --------------------------------------------------------

--
-- Table structure for table `timekeeping_resolve`
--

CREATE TABLE IF NOT EXISTS `timekeeping_resolve` (
`resolve_id` int(11) NOT NULL,
  `timekeeping_date` varchar(20) DEFAULT NULL,
  `personal_id` int(11) DEFAULT '0',
  `remarks` text
) ENGINE=InnoDB AUTO_INCREMENT=8 DEFAULT CHARSET=latin1;

--
-- Dumping data for table `timekeeping_resolve`
--

INSERT INTO `timekeeping_resolve` (`resolve_id`, `timekeeping_date`, `personal_id`, `remarks`) VALUES
(6, '2020-07-25', 1, 'fgh'),
(7, '2020-08-12', 2, 'forgot to logout, witnessed by cham');

-- --------------------------------------------------------

--
-- Table structure for table `tmp_table`
--

CREATE TABLE IF NOT EXISTS `tmp_table` (
`tmp_id` int(11) NOT NULL,
  `personal_id` int(11) NOT NULL DEFAULT '0',
  `status` varchar(100) DEFAULT NULL,
  `emp_status` varchar(100) DEFAULT NULL,
  `email` varchar(100) DEFAULT NULL,
  `emp_num` varchar(50) DEFAULT NULL,
  `date_hired` varchar(20) DEFAULT NULL,
  `bio_num` varchar(50) DEFAULT NULL,
  `date_separated` varchar(20) DEFAULT NULL
) ENGINE=InnoDB DEFAULT CHARSET=latin1;

-- --------------------------------------------------------

--
-- Table structure for table `travel_history`
--

CREATE TABLE IF NOT EXISTS `travel_history` (
`travel_id` int(11) NOT NULL,
  `personal_id` int(11) NOT NULL,
  `date_encoded` varchar(20) DEFAULT NULL,
  `travel_purpose` text,
  `departure_date` varchar(20) DEFAULT NULL,
  `return_date` varchar(20) DEFAULT NULL,
  `destination` varchar(255) DEFAULT NULL,
  `transportation_mode` varchar(255) DEFAULT NULL
) ENGINE=InnoDB AUTO_INCREMENT=3 DEFAULT CHARSET=latin1;

--
-- Dumping data for table `travel_history`
--

INSERT INTO `travel_history` (`travel_id`, `personal_id`, `date_encoded`, `travel_purpose`, `departure_date`, `return_date`, `destination`, `transportation_mode`) VALUES
(1, 128, '2020-08-03', 'Testing Travel', '2020-08-03', '2020-08-03', 'Plaza', 'Trycikol'),
(2, 128, '2020-08-03', 'Testing', '2020-08-03', '2020-08-04', 'PLAZA', 'Trycikol');

-- --------------------------------------------------------

--
-- Table structure for table `travel_history_details`
--

CREATE TABLE IF NOT EXISTS `travel_history_details` (
`traveLdetails_id` int(11) NOT NULL,
  `travel_id` int(11) NOT NULL,
  `person_name` varchar(255) DEFAULT NULL,
  `person_sick` int(11) NOT NULL COMMENT '1=yes, 0=no',
  `medical_condition` text
) ENGINE=InnoDB AUTO_INCREMENT=5 DEFAULT CHARSET=latin1;

--
-- Dumping data for table `travel_history_details`
--

INSERT INTO `travel_history_details` (`traveLdetails_id`, `travel_id`, `person_name`, `person_sick`, `medical_condition`) VALUES
(1, 1, 'joevir', 1, 'NA'),
(2, 1, 'doy', 0, 'NA'),
(3, 1, 'marlon', 1, 'NA'),
(4, 2, 'NA', 0, 'NA');

-- --------------------------------------------------------

--
-- Table structure for table `travel_history_places`
--

CREATE TABLE IF NOT EXISTS `travel_history_places` (
`visit_id` int(11) NOT NULL,
  `travel_id` int(11) NOT NULL DEFAULT '0',
  `other_places` varchar(100) DEFAULT NULL,
  `departure_date` varchar(20) DEFAULT NULL,
  `return_date` varchar(20) DEFAULT NULL,
  `transportation_mode` varchar(100) DEFAULT NULL
) ENGINE=InnoDB AUTO_INCREMENT=5 DEFAULT CHARSET=latin1;

--
-- Dumping data for table `travel_history_places`
--

INSERT INTO `travel_history_places` (`visit_id`, `travel_id`, `other_places`, `departure_date`, `return_date`, `transportation_mode`) VALUES
(1, 1, 'Mang Inasal', '2020-08-03', '2020-08-03', 'motorcycle'),
(2, 1, 'Market', '2020-08-03', '2020-08-03', 'Trycikol'),
(3, 1, 'Sool', '2020-08-03', '2020-08-03', 'Bike'),
(4, 2, 'NA', '', '', 'NA');

-- --------------------------------------------------------

--
-- Table structure for table `user`
--

CREATE TABLE IF NOT EXISTS `user` (
`user_id` int(11) NOT NULL,
  `username` varchar(100) DEFAULT NULL,
  `password` varchar(100) DEFAULT NULL
) ENGINE=InnoDB DEFAULT CHARSET=latin1;

-- --------------------------------------------------------

--
-- Table structure for table `visitor_history`
--

CREATE TABLE IF NOT EXISTS `visitor_history` (
`visitor_id` int(11) NOT NULL,
  `fullname` varchar(255) DEFAULT NULL,
  `date_encode` varchar(20) DEFAULT NULL,
  `temperature` varchar(50) DEFAULT NULL,
  `residence` varchar(255) NOT NULL,
  `schedule_visit_date` varchar(100) DEFAULT NULL,
  `schedule_visit_hour` varchar(100) DEFAULT NULL,
  `nature_visit` int(11) DEFAULT '0' COMMENT '1=official, 2=personal',
  `company_name` varchar(255) DEFAULT NULL,
  `company_address` varchar(255) DEFAULT NULL,
  `sore_throat` int(11) NOT NULL DEFAULT '0',
  `body_pain` int(11) NOT NULL DEFAULT '0',
  `headache` int(11) NOT NULL DEFAULT '0',
  `fever` int(11) NOT NULL DEFAULT '0',
  `runny_nose` int(11) NOT NULL DEFAULT '0',
  `cough` int(11) NOT NULL DEFAULT '0',
  `visited_covid` int(11) DEFAULT '0',
  `contact_flulike` int(11) NOT NULL DEFAULT '0',
  `specify` varchar(255) NOT NULL,
  `travelled_outside` int(11) NOT NULL DEFAULT '0',
  `close_environment` int(11) NOT NULL DEFAULT '0',
  `agreement_signature` int(11) NOT NULL DEFAULT '0',
  `timestamp` varchar(20) DEFAULT NULL
) ENGINE=InnoDB DEFAULT CHARSET=latin1;

--
-- Indexes for dumped tables
--

--
-- Indexes for table `additional_info`
--
ALTER TABLE `additional_info`
 ADD PRIMARY KEY (`additonal_id`), ADD KEY `persional_id` (`personal_id`);

--
-- Indexes for table `allowance`
--
ALTER TABLE `allowance`
 ADD PRIMARY KEY (`allowance_id`);

--
-- Indexes for table `allowance_tmp`
--
ALTER TABLE `allowance_tmp`
 ADD PRIMARY KEY (`allowance_id`);

--
-- Indexes for table `business_unit`
--
ALTER TABLE `business_unit`
 ADD PRIMARY KEY (`bu_id`);

--
-- Indexes for table `certificate`
--
ALTER TABLE `certificate`
 ADD PRIMARY KEY (`file_id`), ADD KEY `personal_id` (`personal_id`);

--
-- Indexes for table `character_reference`
--
ALTER TABLE `character_reference`
 ADD PRIMARY KEY (`character_id`), ADD KEY `personal_id` (`personal_id`);

--
-- Indexes for table `children`
--
ALTER TABLE `children`
 ADD PRIMARY KEY (`children_id`), ADD KEY `personal_id` (`personal_id`);

--
-- Indexes for table `cities`
--
ALTER TABLE `cities`
 ADD PRIMARY KEY (`id`);

--
-- Indexes for table `daily_monitoring`
--
ALTER TABLE `daily_monitoring`
 ADD PRIMARY KEY (`daily_id`);

--
-- Indexes for table `department`
--
ALTER TABLE `department`
 ADD PRIMARY KEY (`dept_id`);

--
-- Indexes for table `disciplinary_action`
--
ALTER TABLE `disciplinary_action`
 ADD PRIMARY KEY (`discipline_id`);

--
-- Indexes for table `educational_background`
--
ALTER TABLE `educational_background`
 ADD PRIMARY KEY (`educational_id`), ADD KEY `personal_id` (`personal_id`);

--
-- Indexes for table `employment_history`
--
ALTER TABLE `employment_history`
 ADD PRIMARY KEY (`employment_id`), ADD KEY `personal_id` (`personal_id`);

--
-- Indexes for table `evaluation`
--
ALTER TABLE `evaluation`
 ADD PRIMARY KEY (`eval_id`), ADD KEY `personal_id` (`personal_id`);

--
-- Indexes for table `evaluation_history`
--
ALTER TABLE `evaluation_history`
 ADD PRIMARY KEY (`evalhist_id`), ADD KEY `personal_id` (`personal_id`);

--
-- Indexes for table `evaluation_history_tmp`
--
ALTER TABLE `evaluation_history_tmp`
 ADD PRIMARY KEY (`evalhist_id`), ADD KEY `personal_id` (`personal_id`);

--
-- Indexes for table `family_background`
--
ALTER TABLE `family_background`
 ADD PRIMARY KEY (`family_id`), ADD KEY `personal_id` (`personal_id`);

--
-- Indexes for table `hospital_exposure`
--
ALTER TABLE `hospital_exposure`
 ADD PRIMARY KEY (`exposure_id`);

--
-- Indexes for table `job_history`
--
ALTER TABLE `job_history`
 ADD PRIMARY KEY (`history_id`), ADD KEY `personal_id` (`personal_id`);

--
-- Indexes for table `job_history_tmp`
--
ALTER TABLE `job_history_tmp`
 ADD PRIMARY KEY (`history_id`), ADD KEY `personal_id` (`personal_id`);

--
-- Indexes for table `location`
--
ALTER TABLE `location`
 ADD PRIMARY KEY (`location_id`);

--
-- Indexes for table `other_files`
--
ALTER TABLE `other_files`
 ADD PRIMARY KEY (`other_id`), ADD KEY `personal_id` (`personal_id`);

--
-- Indexes for table `personal_data`
--
ALTER TABLE `personal_data`
 ADD PRIMARY KEY (`personal_id`);

--
-- Indexes for table `person_to_contact`
--
ALTER TABLE `person_to_contact`
 ADD PRIMARY KEY (`person_id`), ADD KEY `personal_id` (`personal_id`);

--
-- Indexes for table `position`
--
ALTER TABLE `position`
 ADD PRIMARY KEY (`p_id`), ADD KEY `personal_id` (`personal_id`);

--
-- Indexes for table `provinces`
--
ALTER TABLE `provinces`
 ADD PRIMARY KEY (`id`);

--
-- Indexes for table `reminders`
--
ALTER TABLE `reminders`
 ADD PRIMARY KEY (`reminder_id`);

--
-- Indexes for table `reminders_new`
--
ALTER TABLE `reminders_new`
 ADD PRIMARY KEY (`todo_id`);

--
-- Indexes for table `siblings`
--
ALTER TABLE `siblings`
 ADD PRIMARY KEY (`siblings_id`), ADD KEY `personal_id` (`personal_id`);

--
-- Indexes for table `tbl_department`
--
ALTER TABLE `tbl_department`
 ADD PRIMARY KEY (`department_id`);

--
-- Indexes for table `tbl_users`
--
ALTER TABLE `tbl_users`
 ADD PRIMARY KEY (`user_id`);

--
-- Indexes for table `tbl_usertype`
--
ALTER TABLE `tbl_usertype`
 ADD PRIMARY KEY (`usertype_id`);

--
-- Indexes for table `timekeeping`
--
ALTER TABLE `timekeeping`
 ADD PRIMARY KEY (`id`);

--
-- Indexes for table `timekeeping_resolve`
--
ALTER TABLE `timekeeping_resolve`
 ADD PRIMARY KEY (`resolve_id`);

--
-- Indexes for table `tmp_table`
--
ALTER TABLE `tmp_table`
 ADD PRIMARY KEY (`tmp_id`);

--
-- Indexes for table `travel_history`
--
ALTER TABLE `travel_history`
 ADD PRIMARY KEY (`travel_id`);

--
-- Indexes for table `travel_history_details`
--
ALTER TABLE `travel_history_details`
 ADD PRIMARY KEY (`traveLdetails_id`);

--
-- Indexes for table `travel_history_places`
--
ALTER TABLE `travel_history_places`
 ADD PRIMARY KEY (`visit_id`);

--
-- Indexes for table `user`
--
ALTER TABLE `user`
 ADD PRIMARY KEY (`user_id`);

--
-- Indexes for table `visitor_history`
--
ALTER TABLE `visitor_history`
 ADD PRIMARY KEY (`visitor_id`);

--
-- AUTO_INCREMENT for dumped tables
--

--
-- AUTO_INCREMENT for table `additional_info`
--
ALTER TABLE `additional_info`
MODIFY `additonal_id` int(11) NOT NULL AUTO_INCREMENT,AUTO_INCREMENT=210;
--
-- AUTO_INCREMENT for table `allowance`
--
ALTER TABLE `allowance`
MODIFY `allowance_id` int(11) NOT NULL AUTO_INCREMENT;
--
-- AUTO_INCREMENT for table `allowance_tmp`
--
ALTER TABLE `allowance_tmp`
MODIFY `allowance_id` int(11) NOT NULL AUTO_INCREMENT;
--
-- AUTO_INCREMENT for table `business_unit`
--
ALTER TABLE `business_unit`
MODIFY `bu_id` int(11) NOT NULL AUTO_INCREMENT,AUTO_INCREMENT=8;
--
-- AUTO_INCREMENT for table `certificate`
--
ALTER TABLE `certificate`
MODIFY `file_id` int(20) NOT NULL AUTO_INCREMENT,AUTO_INCREMENT=242;
--
-- AUTO_INCREMENT for table `character_reference`
--
ALTER TABLE `character_reference`
MODIFY `character_id` int(11) NOT NULL AUTO_INCREMENT,AUTO_INCREMENT=419;
--
-- AUTO_INCREMENT for table `children`
--
ALTER TABLE `children`
MODIFY `children_id` int(11) NOT NULL AUTO_INCREMENT,AUTO_INCREMENT=156;
--
-- AUTO_INCREMENT for table `cities`
--
ALTER TABLE `cities`
MODIFY `id` int(11) unsigned NOT NULL AUTO_INCREMENT,AUTO_INCREMENT=1637;
--
-- AUTO_INCREMENT for table `daily_monitoring`
--
ALTER TABLE `daily_monitoring`
MODIFY `daily_id` int(11) NOT NULL AUTO_INCREMENT,AUTO_INCREMENT=4;
--
-- AUTO_INCREMENT for table `department`
--
ALTER TABLE `department`
MODIFY `dept_id` int(11) NOT NULL AUTO_INCREMENT,AUTO_INCREMENT=17;
--
-- AUTO_INCREMENT for table `disciplinary_action`
--
ALTER TABLE `disciplinary_action`
MODIFY `discipline_id` int(11) NOT NULL AUTO_INCREMENT;
--
-- AUTO_INCREMENT for table `educational_background`
--
ALTER TABLE `educational_background`
MODIFY `educational_id` int(11) NOT NULL AUTO_INCREMENT,AUTO_INCREMENT=195;
--
-- AUTO_INCREMENT for table `employment_history`
--
ALTER TABLE `employment_history`
MODIFY `employment_id` int(11) NOT NULL AUTO_INCREMENT,AUTO_INCREMENT=464;
--
-- AUTO_INCREMENT for table `evaluation`
--
ALTER TABLE `evaluation`
MODIFY `eval_id` int(11) NOT NULL AUTO_INCREMENT,AUTO_INCREMENT=544;
--
-- AUTO_INCREMENT for table `evaluation_history`
--
ALTER TABLE `evaluation_history`
MODIFY `evalhist_id` int(11) NOT NULL AUTO_INCREMENT,AUTO_INCREMENT=422;
--
-- AUTO_INCREMENT for table `evaluation_history_tmp`
--
ALTER TABLE `evaluation_history_tmp`
MODIFY `evalhist_id` int(11) NOT NULL AUTO_INCREMENT;
--
-- AUTO_INCREMENT for table `family_background`
--
ALTER TABLE `family_background`
MODIFY `family_id` int(11) NOT NULL AUTO_INCREMENT,AUTO_INCREMENT=195;
--
-- AUTO_INCREMENT for table `hospital_exposure`
--
ALTER TABLE `hospital_exposure`
MODIFY `exposure_id` int(11) NOT NULL AUTO_INCREMENT,AUTO_INCREMENT=6;
--
-- AUTO_INCREMENT for table `job_history`
--
ALTER TABLE `job_history`
MODIFY `history_id` int(11) NOT NULL AUTO_INCREMENT,AUTO_INCREMENT=336;
--
-- AUTO_INCREMENT for table `job_history_tmp`
--
ALTER TABLE `job_history_tmp`
MODIFY `history_id` int(11) NOT NULL AUTO_INCREMENT;
--
-- AUTO_INCREMENT for table `location`
--
ALTER TABLE `location`
MODIFY `location_id` int(11) NOT NULL AUTO_INCREMENT,AUTO_INCREMENT=4;
--
-- AUTO_INCREMENT for table `other_files`
--
ALTER TABLE `other_files`
MODIFY `other_id` int(11) NOT NULL AUTO_INCREMENT,AUTO_INCREMENT=1689;
--
-- AUTO_INCREMENT for table `personal_data`
--
ALTER TABLE `personal_data`
MODIFY `personal_id` int(11) NOT NULL AUTO_INCREMENT,AUTO_INCREMENT=205;
--
-- AUTO_INCREMENT for table `person_to_contact`
--
ALTER TABLE `person_to_contact`
MODIFY `person_id` int(11) NOT NULL AUTO_INCREMENT,AUTO_INCREMENT=195;
--
-- AUTO_INCREMENT for table `position`
--
ALTER TABLE `position`
MODIFY `p_id` int(11) NOT NULL AUTO_INCREMENT,AUTO_INCREMENT=195;
--
-- AUTO_INCREMENT for table `provinces`
--
ALTER TABLE `provinces`
MODIFY `id` int(11) unsigned NOT NULL AUTO_INCREMENT,AUTO_INCREMENT=81;
--
-- AUTO_INCREMENT for table `reminders`
--
ALTER TABLE `reminders`
MODIFY `reminder_id` int(11) NOT NULL AUTO_INCREMENT,AUTO_INCREMENT=23;
--
-- AUTO_INCREMENT for table `reminders_new`
--
ALTER TABLE `reminders_new`
MODIFY `todo_id` int(11) NOT NULL AUTO_INCREMENT;
--
-- AUTO_INCREMENT for table `siblings`
--
ALTER TABLE `siblings`
MODIFY `siblings_id` int(11) NOT NULL AUTO_INCREMENT,AUTO_INCREMENT=294;
--
-- AUTO_INCREMENT for table `tbl_department`
--
ALTER TABLE `tbl_department`
MODIFY `department_id` int(20) NOT NULL AUTO_INCREMENT,AUTO_INCREMENT=6;
--
-- AUTO_INCREMENT for table `tbl_users`
--
ALTER TABLE `tbl_users`
MODIFY `user_id` int(20) NOT NULL AUTO_INCREMENT,AUTO_INCREMENT=71;
--
-- AUTO_INCREMENT for table `tbl_usertype`
--
ALTER TABLE `tbl_usertype`
MODIFY `usertype_id` int(20) NOT NULL AUTO_INCREMENT,AUTO_INCREMENT=4;
--
-- AUTO_INCREMENT for table `timekeeping`
--
ALTER TABLE `timekeeping`
MODIFY `id` int(11) NOT NULL AUTO_INCREMENT,AUTO_INCREMENT=149;
--
-- AUTO_INCREMENT for table `timekeeping_resolve`
--
ALTER TABLE `timekeeping_resolve`
MODIFY `resolve_id` int(11) NOT NULL AUTO_INCREMENT,AUTO_INCREMENT=8;
--
-- AUTO_INCREMENT for table `tmp_table`
--
ALTER TABLE `tmp_table`
MODIFY `tmp_id` int(11) NOT NULL AUTO_INCREMENT;
--
-- AUTO_INCREMENT for table `travel_history`
--
ALTER TABLE `travel_history`
MODIFY `travel_id` int(11) NOT NULL AUTO_INCREMENT,AUTO_INCREMENT=3;
--
-- AUTO_INCREMENT for table `travel_history_details`
--
ALTER TABLE `travel_history_details`
MODIFY `traveLdetails_id` int(11) NOT NULL AUTO_INCREMENT,AUTO_INCREMENT=5;
--
-- AUTO_INCREMENT for table `travel_history_places`
--
ALTER TABLE `travel_history_places`
MODIFY `visit_id` int(11) NOT NULL AUTO_INCREMENT,AUTO_INCREMENT=5;
--
-- AUTO_INCREMENT for table `user`
--
ALTER TABLE `user`
MODIFY `user_id` int(11) NOT NULL AUTO_INCREMENT;
--
-- AUTO_INCREMENT for table `visitor_history`
--
ALTER TABLE `visitor_history`
MODIFY `visitor_id` int(11) NOT NULL AUTO_INCREMENT;
/*!40101 SET CHARACTER_SET_CLIENT=@OLD_CHARACTER_SET_CLIENT */;
/*!40101 SET CHARACTER_SET_RESULTS=@OLD_CHARACTER_SET_RESULTS */;
/*!40101 SET COLLATION_CONNECTION=@OLD_COLLATION_CONNECTION */;
